Product_ID,Category,Sub_Category,Product_Name
PROD-00001,Electronics,Smartphone,Smartphone Model-491
PROD-00002,Home_Living,Furniture,Furniture Model-360
PROD-00003,Grocery_FMCG,Beverages,Beverages Model-461
PROD-00004,Home_Living,Bedding,Bedding Model-774
PROD-00005,Garments,Kids Wear,Kids Wear Model-303
PROD-00006,Beauty_Health,Skincare,Skincare Model-386
PROD-00007,Home_Living,Decor,Decor Model-351
PROD-00008,Beauty_Health,Makeup,Makeup Model-515
PROD-00009,Electronics,Smartphone,Smartphone Model-934
PROD-00010,Electronics,Feature Phone,Feature Phone Model-417
PROD-00011,Electronics,Feature Phone,Feature Phone Model-291
PROD-00012,Books_Stationery,Office Supplies,Office Supplies Model-922
PROD-00013,Garments,T-Shirt,T-Shirt Model-999
PROD-00014,Footwear,Slipper,Slipper Model-878
PROD-00015,Grocery_FMCG,Personal Care,Personal Care Model-317
PROD-00016,Garments,Saree,Saree Model-484
PROD-00017,Electronics,Home Appliance,Home Appliance Model-750
PROD-00018,Garments,T-Shirt,T-Shirt Model-311
PROD-00019,Footwear,Formal Shoe,Formal Shoe Model-231
PROD-00020,Home_Living,Bedding,Bedding Model-423
PROD-00021,Electronics,Power Bank,Power Bank Model-395
PROD-00022,Electronics,Smartphone,Smartphone Model-760
PROD-00023,Books_Stationery,Story Book,Story Book Model-897
PROD-00024,Electronics,Laptop,Laptop Model-643
PROD-00025,Footwear,Slipper,Slipper Model-743
PROD-00026,Electronics,Feature Phone,Feature Phone Model-707
PROD-00027,Books_Stationery,Art Supplies,Art Supplies Model-214
PROD-00028,Grocery_FMCG,Rice,Rice Model-951
PROD-00029,Footwear,Slipper,Slipper Model-223
PROD-00030,Grocery_FMCG,Rice,Rice Model-370
PROD-00031,Garments,Kids Wear,Kids Wear Model-915
PROD-00032,Electronics,Laptop,Laptop Model-968
PROD-00033,Electronics,Power Bank,Power Bank Model-754
PROD-00034,Home_Living,Decor,Decor Model-533
PROD-00035,Garments,Panjabi,Panjabi Model-903
PROD-00036,Home_Living,Furniture,Furniture Model-592
PROD-00037,Grocery_FMCG,Rice,Rice Model-614
PROD-00038,Garments,Kurti,Kurti Model-266
PROD-00039,Garments,T-Shirt,T-Shirt Model-766
PROD-00040,Footwear,Sneaker,Sneaker Model-350
PROD-00041,Grocery_FMCG,Cooking Oil,Cooking Oil Model-263
PROD-00042,Home_Living,Bedding,Bedding Model-114
PROD-00043,Garments,T-Shirt,T-Shirt Model-168
PROD-00044,Garments,Kurti,Kurti Model-939
PROD-00045,Home_Living,Decor,Decor Model-731
PROD-00046,Grocery_FMCG,Cooking Oil,Cooking Oil Model-679
PROD-00047,Grocery_FMCG,Cooking Oil,Cooking Oil Model-653
PROD-00048,Garments,Kids Wear,Kids Wear Model-660
PROD-00049,Grocery_FMCG,Beverages,Beverages Model-202
PROD-00050,Garments,Panjabi,Panjabi Model-598
PROD-00051,Books_Stationery,Notebook,Notebook Model-744
PROD-00052,Books_Stationery,Art Supplies,Art Supplies Model-556
PROD-00053,Beauty_Health,Haircare,Haircare Model-216
PROD-00054,Beauty_Health,Haircare,Haircare Model-178
PROD-00055,Garments,Kurti,Kurti Model-103
PROD-00056,Garments,T-Shirt,T-Shirt Model-220
PROD-00057,Garments,Jeans,Jeans Model-444
PROD-00058,Garments,Jeans,Jeans Model-565
PROD-00059,Grocery_FMCG,Cleaning Supplies,Cleaning Supplies Model-173
PROD-00060,Electronics,Power Bank,Power Bank Model-249
PROD-00061,Garments,Jeans,Jeans Model-693
PROD-00062,Electronics,Headphone,Headphone Model-975
PROD-00063,Electronics,Laptop,Laptop Model-929
PROD-00064,Electronics,Laptop,Laptop Model-404
PROD-00065,Garments,Kurti,Kurti Model-621
PROD-00066,Grocery_FMCG,Rice,Rice Model-130
PROD-00067,Garments,Saree,Saree Model-412
PROD-00068,Garments,Panjabi,Panjabi Model-865
PROD-00069,Garments,Jeans,Jeans Model-877
PROD-00070,Electronics,Headphone,Headphone Model-801
PROD-00071,Electronics,Headphone,Headphone Model-472
PROD-00072,Beauty_Health,Supplements,Supplements Model-934
PROD-00073,Footwear,Formal Shoe,Formal Shoe Model-701
PROD-00074,Electronics,Smart Watch,Smart Watch Model-978
PROD-00075,Garments,Panjabi,Panjabi Model-252
PROD-00076,Grocery_FMCG,Cleaning Supplies,Cleaning Supplies Model-943
PROD-00077,Electronics,Laptop,Laptop Model-918
PROD-00078,Electronics,Home Appliance,Home Appliance Model-710
PROD-00079,Garments,Kids Wear,Kids Wear Model-710
PROD-00080,Footwear,Sandal,Sandal Model-358
PROD-00081,Garments,Jeans,Jeans Model-872
PROD-00082,Grocery_FMCG,Rice,Rice Model-646
PROD-00083,Garments,T-Shirt,T-Shirt Model-653
PROD-00084,Grocery_FMCG,Cleaning Supplies,Cleaning Supplies Model-532
PROD-00085,Grocery_FMCG,Personal Care,Personal Care Model-882
PROD-00086,Electronics,Smart Watch,Smart Watch Model-857
PROD-00087,Garments,T-Shirt,T-Shirt Model-147
PROD-00088,Electronics,Home Appliance,Home Appliance Model-702
PROD-00089,Grocery_FMCG,Cooking Oil,Cooking Oil Model-325
PROD-00090,Garments,Saree,Saree Model-380
PROD-00091,Electronics,Power Bank,Power Bank Model-181
PROD-00092,Home_Living,Bedding,Bedding Model-951
PROD-00093,Beauty_Health,Skincare,Skincare Model-750
PROD-00094,Beauty_Health,Makeup,Makeup Model-869
PROD-00095,Garments,Panjabi,Panjabi Model-297
PROD-00096,Garments,Saree,Saree Model-549
PROD-00097,Electronics,Home Appliance,Home Appliance Model-521
PROD-00098,Electronics,Smartphone,Smartphone Model-685
PROD-00099,Beauty_Health,Skincare,Skincare Model-885
PROD-00100,Garments,Jeans,Jeans Model-206
PROD-00101,Garments,Kids Wear,Kids Wear Model-281
PROD-00102,Grocery_FMCG,Cooking Oil,Cooking Oil Model-661
PROD-00103,Electronics,Feature Phone,Feature Phone Model-893
PROD-00104,Garments,Saree,Saree Model-307
PROD-00105,Garments,Kurti,Kurti Model-913
PROD-00106,Garments,Saree,Saree Model-771
PROD-00107,Electronics,Power Bank,Power Bank Model-236
PROD-00108,Garments,Kids Wear,Kids Wear Model-737
PROD-00109,Garments,Kids Wear,Kids Wear Model-377
PROD-00110,Footwear,Formal Shoe,Formal Shoe Model-698
PROD-00111,Garments,Kids Wear,Kids Wear Model-370
PROD-00112,Home_Living,Decor,Decor Model-633
PROD-00113,Electronics,Laptop,Laptop Model-273
PROD-00114,Garments,Jeans,Jeans Model-840
PROD-00115,Grocery_FMCG,Snacks,Snacks Model-441
PROD-00116,Grocery_FMCG,Cooking Oil,Cooking Oil Model-755
PROD-00117,Grocery_FMCG,Snacks,Snacks Model-567
PROD-00118,Books_Stationery,Art Supplies,Art Supplies Model-494
PROD-00119,Grocery_FMCG,Cooking Oil,Cooking Oil Model-808
PROD-00120,Books_Stationery,Story Book,Story Book Model-150
PROD-00121,Books_Stationery,Story Book,Story Book Model-178
PROD-00122,Footwear,Sneaker,Sneaker Model-264
PROD-00123,Electronics,Laptop,Laptop Model-466
PROD-00124,Electronics,Laptop,Laptop Model-818
PROD-00125,Electronics,Laptop,Laptop Model-293
PROD-00126,Garments,Jeans,Jeans Model-355
PROD-00127,Electronics,Smart Watch,Smart Watch Model-969
PROD-00128,Electronics,Power Bank,Power Bank Model-115
PROD-00129,Grocery_FMCG,Beverages,Beverages Model-271
PROD-00130,Grocery_FMCG,Beverages,Beverages Model-142
PROD-00131,Electronics,Laptop,Laptop Model-426
PROD-00132,Footwear,Sandal,Sandal Model-224
PROD-00133,Grocery_FMCG,Rice,Rice Model-355
PROD-00134,Home_Living,Bedding,Bedding Model-793
PROD-00135,Footwear,Formal Shoe,Formal Shoe Model-603
PROD-00136,Grocery_FMCG,Rice,Rice Model-265
PROD-00137,Electronics,Home Appliance,Home Appliance Model-719
PROD-00138,Garments,Saree,Saree Model-130
PROD-00139,Beauty_Health,Haircare,Haircare Model-614
PROD-00140,Garments,Kurti,Kurti Model-623
PROD-00141,Beauty_Health,Haircare,Haircare Model-414
PROD-00142,Electronics,Smartphone,Smartphone Model-238
PROD-00143,Garments,T-Shirt,T-Shirt Model-444
PROD-00144,Home_Living,Furniture,Furniture Model-470
PROD-00145,Home_Living,Bedding,Bedding Model-905
PROD-00146,Electronics,Feature Phone,Feature Phone Model-555
PROD-00147,Home_Living,Bedding,Bedding Model-822
PROD-00148,Garments,T-Shirt,T-Shirt Model-633
PROD-00149,Electronics,Power Bank,Power Bank Model-482
PROD-00150,Books_Stationery,Notebook,Notebook Model-890
PROD-00151,Electronics,Smartphone,Smartphone Model-698
PROD-00152,Books_Stationery,Office Supplies,Office Supplies Model-855
PROD-00153,Electronics,Smart Watch,Smart Watch Model-318
PROD-00154,Garments,Kids Wear,Kids Wear Model-741
PROD-00155,Grocery_FMCG,Cleaning Supplies,Cleaning Supplies Model-783
PROD-00156,Grocery_FMCG,Snacks,Snacks Model-349
PROD-00157,Footwear,Sandal,Sandal Model-443
PROD-00158,Electronics,Feature Phone,Feature Phone Model-813
PROD-00159,Electronics,Power Bank,Power Bank Model-920
PROD-00160,Beauty_Health,Haircare,Haircare Model-186
PROD-00161,Beauty_Health,Skincare,Skincare Model-262
PROD-00162,Garments,Jeans,Jeans Model-346
PROD-00163,Footwear,Formal Shoe,Formal Shoe Model-933
PROD-00164,Grocery_FMCG,Snacks,Snacks Model-510
PROD-00165,Beauty_Health,Supplements,Supplements Model-518
PROD-00166,Electronics,Feature Phone,Feature Phone Model-747
PROD-00167,Footwear,Slipper,Slipper Model-761
PROD-00168,Electronics,Power Bank,Power Bank Model-353
PROD-00169,Grocery_FMCG,Beverages,Beverages Model-339
PROD-00170,Grocery_FMCG,Rice,Rice Model-945
PROD-00171,Garments,Kids Wear,Kids Wear Model-844
PROD-00172,Garments,Kurti,Kurti Model-136
PROD-00173,Garments,Kurti,Kurti Model-398
PROD-00174,Home_Living,Furniture,Furniture Model-994
PROD-00175,Beauty_Health,Skincare,Skincare Model-454
PROD-00176,Beauty_Health,Makeup,Makeup Model-418
PROD-00177,Electronics,Smart Watch,Smart Watch Model-535
PROD-00178,Books_Stationery,Notebook,Notebook Model-881
PROD-00179,Garments,Saree,Saree Model-210
PROD-00180,Footwear,Sandal,Sandal Model-378
PROD-00181,Grocery_FMCG,Snacks,Snacks Model-503
PROD-00182,Garments,Kurti,Kurti Model-989
PROD-00183,Home_Living,Decor,Decor Model-183
PROD-00184,Electronics,Feature Phone,Feature Phone Model-434
PROD-00185,Footwear,Sandal,Sandal Model-180
PROD-00186,Electronics,Headphone,Headphone Model-612
PROD-00187,Beauty_Health,Haircare,Haircare Model-556
PROD-00188,Books_Stationery,Story Book,Story Book Model-105
PROD-00189,Grocery_FMCG,Snacks,Snacks Model-450
PROD-00190,Electronics,Feature Phone,Feature Phone Model-581
PROD-00191,Home_Living,Bedding,Bedding Model-429
PROD-00192,Home_Living,Furniture,Furniture Model-346
PROD-00193,Garments,Kurti,Kurti Model-127
PROD-00194,Garments,Kids Wear,Kids Wear Model-565
PROD-00195,Grocery_FMCG,Snacks,Snacks Model-338
PROD-00196,Electronics,Smartphone,Smartphone Model-463
PROD-00197,Home_Living,Decor,Decor Model-891
PROD-00198,Beauty_Health,Makeup,Makeup Model-863
PROD-00199,Electronics,Smartphone,Smartphone Model-115
PROD-00200,Grocery_FMCG,Cooking Oil,Cooking Oil Model-120
PROD-00201,Grocery_FMCG,Rice,Rice Model-288
PROD-00202,Home_Living,Bedding,Bedding Model-214
PROD-00203,Beauty_Health,Haircare,Haircare Model-592
PROD-00204,Footwear,Slipper,Slipper Model-811
PROD-00205,Grocery_FMCG,Rice,Rice Model-801
PROD-00206,Footwear,Slipper,Slipper Model-541
PROD-00207,Home_Living,Kitchenware,Kitchenware Model-787
PROD-00208,Beauty_Health,Makeup,Makeup Model-880
PROD-00209,Grocery_FMCG,Cleaning Supplies,Cleaning Supplies Model-557
PROD-00210,Beauty_Health,Skincare,Skincare Model-103
PROD-00211,Home_Living,Bedding,Bedding Model-270
PROD-00212,Electronics,Home Appliance,Home Appliance Model-470
PROD-00213,Garments,Saree,Saree Model-631
PROD-00214,Garments,T-Shirt,T-Shirt Model-556
PROD-00215,Garments,Saree,Saree Model-612
PROD-00216,Electronics,Smartphone,Smartphone Model-136
PROD-00217,Beauty_Health,Haircare,Haircare Model-730
PROD-00218,Grocery_FMCG,Cleaning Supplies,Cleaning Supplies Model-357
PROD-00219,Beauty_Health,Makeup,Makeup Model-942
PROD-00220,Grocery_FMCG,Cooking Oil,Cooking Oil Model-782
PROD-00221,Home_Living,Kitchenware,Kitchenware Model-722
PROD-00222,Electronics,Home Appliance,Home Appliance Model-827
PROD-00223,Books_Stationery,Office Supplies,Office Supplies Model-956
PROD-00224,Electronics,Home Appliance,Home Appliance Model-819
PROD-00225,Footwear,Sandal,Sandal Model-919
PROD-00226,Books_Stationery,Notebook,Notebook Model-564
PROD-00227,Footwear,Formal Shoe,Formal Shoe Model-897
PROD-00228,Electronics,Feature Phone,Feature Phone Model-438
PROD-00229,Electronics,Home Appliance,Home Appliance Model-181
PROD-00230,Home_Living,Furniture,Furniture Model-135
PROD-00231,Home_Living,Decor,Decor Model-237
PROD-00232,Beauty_Health,Skincare,Skincare Model-975
PROD-00233,Electronics,Power Bank,Power Bank Model-478
PROD-00234,Garments,Kids Wear,Kids Wear Model-768
PROD-00235,Home_Living,Bedding,Bedding Model-516
PROD-00236,Electronics,Home Appliance,Home Appliance Model-143
PROD-00237,Footwear,Sandal,Sandal Model-123
PROD-00238,Electronics,Power Bank,Power Bank Model-853
PROD-00239,Garments,Panjabi,Panjabi Model-857
PROD-00240,Footwear,Sandal,Sandal Model-729
PROD-00241,Electronics,Laptop,Laptop Model-295
PROD-00242,Garments,Saree,Saree Model-794
PROD-00243,Books_Stationery,Art Supplies,Art Supplies Model-388
PROD-00244,Beauty_Health,Skincare,Skincare Model-531
PROD-00245,Books_Stationery,Office Supplies,Office Supplies Model-267
PROD-00246,Electronics,Smart Watch,Smart Watch Model-776
PROD-00247,Grocery_FMCG,Cooking Oil,Cooking Oil Model-352
PROD-00248,Garments,Kids Wear,Kids Wear Model-207
PROD-00249,Garments,Jeans,Jeans Model-220
PROD-00250,Books_Stationery,Office Supplies,Office Supplies Model-560
PROD-00251,Footwear,Sneaker,Sneaker Model-364
PROD-00252,Electronics,Smart Watch,Smart Watch Model-541
PROD-00253,Grocery_FMCG,Cleaning Supplies,Cleaning Supplies Model-514
PROD-00254,Garments,Panjabi,Panjabi Model-409
PROD-00255,Grocery_FMCG,Cooking Oil,Cooking Oil Model-265
PROD-00256,Beauty_Health,Supplements,Supplements Model-560
PROD-00257,Beauty_Health,Supplements,Supplements Model-845
PROD-00258,Grocery_FMCG,Beverages,Beverages Model-553
PROD-00259,Electronics,Power Bank,Power Bank Model-795
PROD-00260,Electronics,Smartphone,Smartphone Model-116
PROD-00261,Grocery_FMCG,Rice,Rice Model-239
PROD-00262,Footwear,Sandal,Sandal Model-650
PROD-00263,Home_Living,Bedding,Bedding Model-817
PROD-00264,Grocery_FMCG,Snacks,Snacks Model-756
PROD-00265,Footwear,Formal Shoe,Formal Shoe Model-883
PROD-00266,Electronics,Smartphone,Smartphone Model-631
PROD-00267,Garments,T-Shirt,T-Shirt Model-933
PROD-00268,Books_Stationery,Story Book,Story Book Model-805
PROD-00269,Electronics,Laptop,Laptop Model-429
PROD-00270,Garments,T-Shirt,T-Shirt Model-415
PROD-00271,Garments,Kids Wear,Kids Wear Model-418
PROD-00272,Home_Living,Decor,Decor Model-653
PROD-00273,Electronics,Feature Phone,Feature Phone Model-641
PROD-00274,Footwear,Sandal,Sandal Model-996
PROD-00275,Garments,Kurti,Kurti Model-865
PROD-00276,Beauty_Health,Skincare,Skincare Model-708
PROD-00277,Garments,Kids Wear,Kids Wear Model-547
PROD-00278,Footwear,Slipper,Slipper Model-980
PROD-00279,Electronics,Feature Phone,Feature Phone Model-592
PROD-00280,Home_Living,Furniture,Furniture Model-935
PROD-00281,Garments,Jeans,Jeans Model-646
PROD-00282,Garments,Kurti,Kurti Model-173
PROD-00283,Electronics,Feature Phone,Feature Phone Model-499
PROD-00284,Garments,T-Shirt,T-Shirt Model-735
PROD-00285,Home_Living,Bedding,Bedding Model-906
PROD-00286,Grocery_FMCG,Personal Care,Personal Care Model-621
PROD-00287,Footwear,Sneaker,Sneaker Model-119
PROD-00288,Electronics,Feature Phone,Feature Phone Model-777
PROD-00289,Garments,Saree,Saree Model-596
PROD-00290,Electronics,Home Appliance,Home Appliance Model-578
PROD-00291,Footwear,Formal Shoe,Formal Shoe Model-851
PROD-00292,Footwear,Sneaker,Sneaker Model-583
PROD-00293,Home_Living,Furniture,Furniture Model-161
PROD-00294,Garments,Saree,Saree Model-197
PROD-00295,Garments,Kurti,Kurti Model-349
PROD-00296,Garments,Jeans,Jeans Model-158
PROD-00297,Footwear,Sandal,Sandal Model-368
PROD-00298,Beauty_Health,Skincare,Skincare Model-614
PROD-00299,Electronics,Feature Phone,Feature Phone Model-163
PROD-00300,Beauty_Health,Haircare,Haircare Model-402
PROD-00301,Grocery_FMCG,Rice,Rice Model-891
PROD-00302,Electronics,Smartphone,Smartphone Model-371
PROD-00303,Home_Living,Decor,Decor Model-324
PROD-00304,Books_Stationery,Notebook,Notebook Model-922
PROD-00305,Footwear,Slipper,Slipper Model-132
PROD-00306,Garments,T-Shirt,T-Shirt Model-748
PROD-00307,Grocery_FMCG,Rice,Rice Model-492
PROD-00308,Garments,Kurti,Kurti Model-258
PROD-00309,Home_Living,Bedding,Bedding Model-128
PROD-00310,Electronics,Smart Watch,Smart Watch Model-724
PROD-00311,Beauty_Health,Supplements,Supplements Model-254
PROD-00312,Grocery_FMCG,Personal Care,Personal Care Model-945
PROD-00313,Electronics,Smartphone,Smartphone Model-606
PROD-00314,Electronics,Home Appliance,Home Appliance Model-774
PROD-00315,Electronics,Power Bank,Power Bank Model-144
PROD-00316,Grocery_FMCG,Rice,Rice Model-144
PROD-00317,Books_Stationery,Story Book,Story Book Model-540
PROD-00318,Electronics,Home Appliance,Home Appliance Model-889
PROD-00319,Grocery_FMCG,Beverages,Beverages Model-900
PROD-00320,Electronics,Home Appliance,Home Appliance Model-144
PROD-00321,Home_Living,Kitchenware,Kitchenware Model-881
PROD-00322,Grocery_FMCG,Snacks,Snacks Model-690
PROD-00323,Electronics,Smart Watch,Smart Watch Model-682
PROD-00324,Grocery_FMCG,Cleaning Supplies,Cleaning Supplies Model-896
PROD-00325,Grocery_FMCG,Cleaning Supplies,Cleaning Supplies Model-831
PROD-00326,Garments,Kurti,Kurti Model-725
PROD-00327,Books_Stationery,Office Supplies,Office Supplies Model-687
PROD-00328,Grocery_FMCG,Personal Care,Personal Care Model-165
PROD-00329,Footwear,Formal Shoe,Formal Shoe Model-675
PROD-00330,Home_Living,Bedding,Bedding Model-722
PROD-00331,Footwear,Formal Shoe,Formal Shoe Model-952
PROD-00332,Garments,T-Shirt,T-Shirt Model-974
PROD-00333,Electronics,Power Bank,Power Bank Model-171
PROD-00334,Grocery_FMCG,Beverages,Beverages Model-554
PROD-00335,Garments,Kids Wear,Kids Wear Model-705
PROD-00336,Electronics,Headphone,Headphone Model-541
PROD-00337,Footwear,Sandal,Sandal Model-823
PROD-00338,Garments,Panjabi,Panjabi Model-894
PROD-00339,Grocery_FMCG,Rice,Rice Model-727
PROD-00340,Footwear,Slipper,Slipper Model-519
PROD-00341,Garments,Jeans,Jeans Model-998
PROD-00342,Garments,Saree,Saree Model-558
PROD-00343,Footwear,Sneaker,Sneaker Model-755
PROD-00344,Grocery_FMCG,Personal Care,Personal Care Model-444
PROD-00345,Grocery_FMCG,Snacks,Snacks Model-486
PROD-00346,Electronics,Headphone,Headphone Model-891
PROD-00347,Grocery_FMCG,Cleaning Supplies,Cleaning Supplies Model-243
PROD-00348,Home_Living,Decor,Decor Model-421
PROD-00349,Garments,Kurti,Kurti Model-914
PROD-00350,Garments,Panjabi,Panjabi Model-851
PROD-00351,Books_Stationery,Story Book,Story Book Model-970
PROD-00352,Electronics,Feature Phone,Feature Phone Model-717
PROD-00353,Beauty_Health,Makeup,Makeup Model-485
PROD-00354,Garments,Saree,Saree Model-894
PROD-00355,Footwear,Slipper,Slipper Model-689
PROD-00356,Garments,Panjabi,Panjabi Model-167
PROD-00357,Electronics,Feature Phone,Feature Phone Model-912
PROD-00358,Home_Living,Furniture,Furniture Model-158
PROD-00359,Grocery_FMCG,Beverages,Beverages Model-538
PROD-00360,Grocery_FMCG,Rice,Rice Model-108
PROD-00361,Grocery_FMCG,Personal Care,Personal Care Model-248
PROD-00362,Garments,Kids Wear,Kids Wear Model-951
PROD-00363,Grocery_FMCG,Beverages,Beverages Model-974
PROD-00364,Garments,Saree,Saree Model-228
PROD-00365,Footwear,Formal Shoe,Formal Shoe Model-725
PROD-00366,Electronics,Smartphone,Smartphone Model-197
PROD-00367,Electronics,Power Bank,Power Bank Model-536
PROD-00368,Electronics,Laptop,Laptop Model-557
PROD-00369,Electronics,Smartphone,Smartphone Model-220
PROD-00370,Beauty_Health,Makeup,Makeup Model-591
PROD-00371,Garments,Kurti,Kurti Model-754
PROD-00372,Garments,Jeans,Jeans Model-201
PROD-00373,Grocery_FMCG,Cooking Oil,Cooking Oil Model-444
PROD-00374,Grocery_FMCG,Cleaning Supplies,Cleaning Supplies Model-819
PROD-00375,Grocery_FMCG,Rice,Rice Model-128
PROD-00376,Electronics,Smart Watch,Smart Watch Model-832
PROD-00377,Home_Living,Bedding,Bedding Model-601
PROD-00378,Beauty_Health,Makeup,Makeup Model-316
PROD-00379,Grocery_FMCG,Cooking Oil,Cooking Oil Model-297
PROD-00380,Garments,Jeans,Jeans Model-377
PROD-00381,Electronics,Power Bank,Power Bank Model-706
PROD-00382,Footwear,Formal Shoe,Formal Shoe Model-439
PROD-00383,Home_Living,Furniture,Furniture Model-796
PROD-00384,Garments,Kids Wear,Kids Wear Model-376
PROD-00385,Grocery_FMCG,Personal Care,Personal Care Model-139
PROD-00386,Beauty_Health,Haircare,Haircare Model-892
PROD-00387,Garments,T-Shirt,T-Shirt Model-122
PROD-00388,Electronics,Smartphone,Smartphone Model-650
PROD-00389,Grocery_FMCG,Cleaning Supplies,Cleaning Supplies Model-856
PROD-00390,Electronics,Feature Phone,Feature Phone Model-659
PROD-00391,Electronics,Headphone,Headphone Model-711
PROD-00392,Garments,Kurti,Kurti Model-827
PROD-00393,Garments,Saree,Saree Model-523
PROD-00394,Footwear,Sandal,Sandal Model-683
PROD-00395,Grocery_FMCG,Rice,Rice Model-925
PROD-00396,Grocery_FMCG,Beverages,Beverages Model-547
PROD-00397,Grocery_FMCG,Cleaning Supplies,Cleaning Supplies Model-167
PROD-00398,Electronics,Feature Phone,Feature Phone Model-484
PROD-00399,Beauty_Health,Makeup,Makeup Model-799
PROD-00400,Books_Stationery,Story Book,Story Book Model-730
PROD-00401,Electronics,Power Bank,Power Bank Model-149
PROD-00402,Footwear,Formal Shoe,Formal Shoe Model-665
PROD-00403,Garments,Jeans,Jeans Model-836
PROD-00404,Electronics,Smart Watch,Smart Watch Model-210
PROD-00405,Beauty_Health,Haircare,Haircare Model-713
PROD-00406,Beauty_Health,Makeup,Makeup Model-671
PROD-00407,Grocery_FMCG,Cooking Oil,Cooking Oil Model-590
PROD-00408,Grocery_FMCG,Cooking Oil,Cooking Oil Model-607
PROD-00409,Grocery_FMCG,Beverages,Beverages Model-926
PROD-00410,Home_Living,Furniture,Furniture Model-454
PROD-00411,Beauty_Health,Skincare,Skincare Model-572
PROD-00412,Home_Living,Decor,Decor Model-848
PROD-00413,Electronics,Headphone,Headphone Model-114
PROD-00414,Garments,T-Shirt,T-Shirt Model-736
PROD-00415,Footwear,Slipper,Slipper Model-789
PROD-00416,Footwear,Formal Shoe,Formal Shoe Model-963
PROD-00417,Garments,Kurti,Kurti Model-301
PROD-00418,Garments,Panjabi,Panjabi Model-906
PROD-00419,Home_Living,Kitchenware,Kitchenware Model-509
PROD-00420,Footwear,Formal Shoe,Formal Shoe Model-760
PROD-00421,Books_Stationery,Art Supplies,Art Supplies Model-676
PROD-00422,Books_Stationery,Story Book,Story Book Model-570
PROD-00423,Garments,Kids Wear,Kids Wear Model-157
PROD-00424,Footwear,Sandal,Sandal Model-811
PROD-00425,Books_Stationery,Notebook,Notebook Model-352
PROD-00426,Grocery_FMCG,Cooking Oil,Cooking Oil Model-111
PROD-00427,Garments,Kids Wear,Kids Wear Model-644
PROD-00428,Grocery_FMCG,Personal Care,Personal Care Model-891
PROD-00429,Books_Stationery,Notebook,Notebook Model-119
PROD-00430,Home_Living,Kitchenware,Kitchenware Model-759
PROD-00431,Grocery_FMCG,Personal Care,Personal Care Model-422
PROD-00432,Garments,Kids Wear,Kids Wear Model-112
PROD-00433,Garments,Kurti,Kurti Model-514
PROD-00434,Beauty_Health,Supplements,Supplements Model-295
PROD-00435,Beauty_Health,Supplements,Supplements Model-640
PROD-00436,Footwear,Sneaker,Sneaker Model-111
PROD-00437,Grocery_FMCG,Cleaning Supplies,Cleaning Supplies Model-138
PROD-00438,Grocery_FMCG,Personal Care,Personal Care Model-905
PROD-00439,Garments,Jeans,Jeans Model-297
PROD-00440,Grocery_FMCG,Snacks,Snacks Model-529
PROD-00441,Grocery_FMCG,Beverages,Beverages Model-612
PROD-00442,Beauty_Health,Skincare,Skincare Model-624
PROD-00443,Electronics,Headphone,Headphone Model-782
PROD-00444,Garments,Kids Wear,Kids Wear Model-763
PROD-00445,Grocery_FMCG,Beverages,Beverages Model-390
PROD-00446,Garments,Kurti,Kurti Model-691
PROD-00447,Footwear,Slipper,Slipper Model-348
PROD-00448,Electronics,Headphone,Headphone Model-719
PROD-00449,Garments,Kids Wear,Kids Wear Model-848
PROD-00450,Electronics,Headphone,Headphone Model-430
PROD-00451,Electronics,Smart Watch,Smart Watch Model-220
PROD-00452,Home_Living,Kitchenware,Kitchenware Model-827
PROD-00453,Home_Living,Furniture,Furniture Model-169
PROD-00454,Electronics,Home Appliance,Home Appliance Model-340
PROD-00455,Books_Stationery,Art Supplies,Art Supplies Model-806
PROD-00456,Garments,Kids Wear,Kids Wear Model-816
PROD-00457,Grocery_FMCG,Personal Care,Personal Care Model-373
PROD-00458,Grocery_FMCG,Rice,Rice Model-586
PROD-00459,Garments,Panjabi,Panjabi Model-568
PROD-00460,Electronics,Headphone,Headphone Model-204
PROD-00461,Beauty_Health,Makeup,Makeup Model-190
PROD-00462,Garments,Kids Wear,Kids Wear Model-295
PROD-00463,Garments,Jeans,Jeans Model-986
PROD-00464,Grocery_FMCG,Beverages,Beverages Model-597
PROD-00465,Footwear,Sneaker,Sneaker Model-965
PROD-00466,Grocery_FMCG,Rice,Rice Model-268
PROD-00467,Beauty_Health,Haircare,Haircare Model-688
PROD-00468,Electronics,Home Appliance,Home Appliance Model-531
PROD-00469,Garments,Panjabi,Panjabi Model-873
PROD-00470,Electronics,Smart Watch,Smart Watch Model-907
PROD-00471,Garments,T-Shirt,T-Shirt Model-782
PROD-00472,Electronics,Laptop,Laptop Model-827
PROD-00473,Footwear,Formal Shoe,Formal Shoe Model-294
PROD-00474,Footwear,Sandal,Sandal Model-258
PROD-00475,Garments,Panjabi,Panjabi Model-412
PROD-00476,Grocery_FMCG,Cleaning Supplies,Cleaning Supplies Model-608
PROD-00477,Electronics,Laptop,Laptop Model-329
PROD-00478,Grocery_FMCG,Rice,Rice Model-564
PROD-00479,Garments,T-Shirt,T-Shirt Model-299
PROD-00480,Garments,T-Shirt,T-Shirt Model-655
PROD-00481,Books_Stationery,Notebook,Notebook Model-166
PROD-00482,Garments,T-Shirt,T-Shirt Model-662
PROD-00483,Electronics,Headphone,Headphone Model-848
PROD-00484,Grocery_FMCG,Cooking Oil,Cooking Oil Model-831
PROD-00485,Grocery_FMCG,Snacks,Snacks Model-711
PROD-00486,Electronics,Smartphone,Smartphone Model-271
PROD-00487,Electronics,Headphone,Headphone Model-171
PROD-00488,Garments,Kids Wear,Kids Wear Model-310
PROD-00489,Grocery_FMCG,Rice,Rice Model-734
PROD-00490,Books_Stationery,Art Supplies,Art Supplies Model-123
PROD-00491,Garments,T-Shirt,T-Shirt Model-467
PROD-00492,Footwear,Formal Shoe,Formal Shoe Model-882
PROD-00493,Electronics,Feature Phone,Feature Phone Model-101
PROD-00494,Footwear,Sneaker,Sneaker Model-909
PROD-00495,Beauty_Health,Makeup,Makeup Model-154
PROD-00496,Electronics,Feature Phone,Feature Phone Model-184
PROD-00497,Electronics,Home Appliance,Home Appliance Model-269
PROD-00498,Books_Stationery,Notebook,Notebook Model-279
PROD-00499,Electronics,Headphone,Headphone Model-333
PROD-00500,Home_Living,Decor,Decor Model-306
PROD-00501,Garments,Kids Wear,Kids Wear Model-555
PROD-00502,Footwear,Sneaker,Sneaker Model-305
PROD-00503,Garments,T-Shirt,T-Shirt Model-575
PROD-00504,Footwear,Sandal,Sandal Model-833
PROD-00505,Electronics,Smartphone,Smartphone Model-441
PROD-00506,Garments,Panjabi,Panjabi Model-938
PROD-00507,Garments,Panjabi,Panjabi Model-662
PROD-00508,Beauty_Health,Supplements,Supplements Model-486
PROD-00509,Grocery_FMCG,Snacks,Snacks Model-404
PROD-00510,Footwear,Sandal,Sandal Model-350
PROD-00511,Footwear,Formal Shoe,Formal Shoe Model-857
PROD-00512,Garments,Kurti,Kurti Model-461
PROD-00513,Electronics,Home Appliance,Home Appliance Model-816
PROD-00514,Books_Stationery,Notebook,Notebook Model-574
PROD-00515,Grocery_FMCG,Snacks,Snacks Model-675
PROD-00516,Garments,Saree,Saree Model-897
PROD-00517,Electronics,Power Bank,Power Bank Model-685
PROD-00518,Garments,Panjabi,Panjabi Model-320
PROD-00519,Footwear,Sandal,Sandal Model-255
PROD-00520,Garments,Kurti,Kurti Model-556
PROD-00521,Books_Stationery,Art Supplies,Art Supplies Model-592
PROD-00522,Grocery_FMCG,Rice,Rice Model-909
PROD-00523,Beauty_Health,Makeup,Makeup Model-192
PROD-00524,Garments,T-Shirt,T-Shirt Model-153
PROD-00525,Grocery_FMCG,Personal Care,Personal Care Model-627
PROD-00526,Garments,T-Shirt,T-Shirt Model-330
PROD-00527,Grocery_FMCG,Beverages,Beverages Model-797
PROD-00528,Garments,Jeans,Jeans Model-811
PROD-00529,Grocery_FMCG,Personal Care,Personal Care Model-872
PROD-00530,Grocery_FMCG,Snacks,Snacks Model-595
PROD-00531,Electronics,Headphone,Headphone Model-140
PROD-00532,Grocery_FMCG,Snacks,Snacks Model-426
PROD-00533,Electronics,Headphone,Headphone Model-728
PROD-00534,Beauty_Health,Makeup,Makeup Model-742
PROD-00535,Garments,Saree,Saree Model-151
PROD-00536,Footwear,Sandal,Sandal Model-554
PROD-00537,Electronics,Headphone,Headphone Model-799
PROD-00538,Garments,T-Shirt,T-Shirt Model-471
PROD-00539,Electronics,Home Appliance,Home Appliance Model-646
PROD-00540,Electronics,Smart Watch,Smart Watch Model-933
PROD-00541,Books_Stationery,Art Supplies,Art Supplies Model-529
PROD-00542,Footwear,Sneaker,Sneaker Model-160
PROD-00543,Garments,T-Shirt,T-Shirt Model-648
PROD-00544,Garments,Jeans,Jeans Model-934
PROD-00545,Grocery_FMCG,Beverages,Beverages Model-562
PROD-00546,Garments,Kurti,Kurti Model-729
PROD-00547,Electronics,Home Appliance,Home Appliance Model-726
PROD-00548,Grocery_FMCG,Rice,Rice Model-179
PROD-00549,Grocery_FMCG,Rice,Rice Model-688
PROD-00550,Grocery_FMCG,Beverages,Beverages Model-887
PROD-00551,Grocery_FMCG,Rice,Rice Model-948
PROD-00552,Footwear,Sandal,Sandal Model-312
PROD-00553,Grocery_FMCG,Cleaning Supplies,Cleaning Supplies Model-909
PROD-00554,Beauty_Health,Skincare,Skincare Model-890
PROD-00555,Garments,Saree,Saree Model-363
PROD-00556,Grocery_FMCG,Cleaning Supplies,Cleaning Supplies Model-756
PROD-00557,Footwear,Sandal,Sandal Model-190
PROD-00558,Electronics,Feature Phone,Feature Phone Model-772
PROD-00559,Garments,Saree,Saree Model-289
PROD-00560,Garments,Jeans,Jeans Model-929
PROD-00561,Footwear,Sneaker,Sneaker Model-873
PROD-00562,Beauty_Health,Haircare,Haircare Model-690
PROD-00563,Grocery_FMCG,Cooking Oil,Cooking Oil Model-822
PROD-00564,Garments,Kurti,Kurti Model-781
PROD-00565,Footwear,Formal Shoe,Formal Shoe Model-287
PROD-00566,Grocery_FMCG,Cooking Oil,Cooking Oil Model-407
PROD-00567,Electronics,Headphone,Headphone Model-215
PROD-00568,Electronics,Laptop,Laptop Model-564
PROD-00569,Electronics,Headphone,Headphone Model-986
PROD-00570,Garments,Kurti,Kurti Model-616
PROD-00571,Electronics,Home Appliance,Home Appliance Model-520
PROD-00572,Garments,Panjabi,Panjabi Model-969
PROD-00573,Footwear,Slipper,Slipper Model-409
PROD-00574,Home_Living,Kitchenware,Kitchenware Model-350
PROD-00575,Grocery_FMCG,Beverages,Beverages Model-306
PROD-00576,Home_Living,Kitchenware,Kitchenware Model-378
PROD-00577,Garments,Panjabi,Panjabi Model-652
PROD-00578,Garments,T-Shirt,T-Shirt Model-909
PROD-00579,Footwear,Slipper,Slipper Model-544
PROD-00580,Electronics,Smart Watch,Smart Watch Model-273
PROD-00581,Electronics,Power Bank,Power Bank Model-157
PROD-00582,Footwear,Formal Shoe,Formal Shoe Model-448
PROD-00583,Grocery_FMCG,Personal Care,Personal Care Model-615
PROD-00584,Home_Living,Furniture,Furniture Model-488
PROD-00585,Beauty_Health,Supplements,Supplements Model-174
PROD-00586,Garments,Kids Wear,Kids Wear Model-475
PROD-00587,Grocery_FMCG,Beverages,Beverages Model-867
PROD-00588,Footwear,Slipper,Slipper Model-750
PROD-00589,Beauty_Health,Skincare,Skincare Model-266
PROD-00590,Beauty_Health,Makeup,Makeup Model-901
PROD-00591,Grocery_FMCG,Snacks,Snacks Model-446
PROD-00592,Electronics,Home Appliance,Home Appliance Model-587
PROD-00593,Electronics,Headphone,Headphone Model-824
PROD-00594,Electronics,Headphone,Headphone Model-308
PROD-00595,Footwear,Formal Shoe,Formal Shoe Model-992
PROD-00596,Home_Living,Kitchenware,Kitchenware Model-241
PROD-00597,Garments,Jeans,Jeans Model-712
PROD-00598,Electronics,Feature Phone,Feature Phone Model-864
PROD-00599,Garments,T-Shirt,T-Shirt Model-347
PROD-00600,Grocery_FMCG,Cooking Oil,Cooking Oil Model-181
PROD-00601,Footwear,Sneaker,Sneaker Model-603
PROD-00602,Garments,Jeans,Jeans Model-777
PROD-00603,Grocery_FMCG,Rice,Rice Model-953
PROD-00604,Home_Living,Decor,Decor Model-218
PROD-00605,Electronics,Feature Phone,Feature Phone Model-428
PROD-00606,Home_Living,Kitchenware,Kitchenware Model-447
PROD-00607,Footwear,Sneaker,Sneaker Model-953
PROD-00608,Garments,Jeans,Jeans Model-983
PROD-00609,Footwear,Sneaker,Sneaker Model-883
PROD-00610,Electronics,Feature Phone,Feature Phone Model-779
PROD-00611,Electronics,Headphone,Headphone Model-231
PROD-00612,Garments,Kids Wear,Kids Wear Model-440
PROD-00613,Garments,Saree,Saree Model-671
PROD-00614,Electronics,Smart Watch,Smart Watch Model-375
PROD-00615,Grocery_FMCG,Cooking Oil,Cooking Oil Model-404
PROD-00616,Electronics,Power Bank,Power Bank Model-101
PROD-00617,Garments,Jeans,Jeans Model-357
PROD-00618,Garments,Kids Wear,Kids Wear Model-723
PROD-00619,Footwear,Formal Shoe,Formal Shoe Model-636
PROD-00620,Footwear,Slipper,Slipper Model-179
PROD-00621,Grocery_FMCG,Cooking Oil,Cooking Oil Model-142
PROD-00622,Garments,Jeans,Jeans Model-245
PROD-00623,Electronics,Feature Phone,Feature Phone Model-210
PROD-00624,Electronics,Headphone,Headphone Model-209
PROD-00625,Garments,Panjabi,Panjabi Model-746
PROD-00626,Grocery_FMCG,Personal Care,Personal Care Model-738
PROD-00627,Home_Living,Kitchenware,Kitchenware Model-733
PROD-00628,Home_Living,Bedding,Bedding Model-353
PROD-00629,Garments,Saree,Saree Model-989
PROD-00630,Beauty_Health,Makeup,Makeup Model-699
PROD-00631,Electronics,Laptop,Laptop Model-384
PROD-00632,Electronics,Smartphone,Smartphone Model-956
PROD-00633,Beauty_Health,Supplements,Supplements Model-180
PROD-00634,Grocery_FMCG,Cleaning Supplies,Cleaning Supplies Model-157
PROD-00635,Garments,Kurti,Kurti Model-721
PROD-00636,Home_Living,Bedding,Bedding Model-297
PROD-00637,Garments,Panjabi,Panjabi Model-932
PROD-00638,Home_Living,Furniture,Furniture Model-654
PROD-00639,Grocery_FMCG,Cooking Oil,Cooking Oil Model-372
PROD-00640,Electronics,Home Appliance,Home Appliance Model-773
PROD-00641,Beauty_Health,Makeup,Makeup Model-938
PROD-00642,Footwear,Sandal,Sandal Model-638
PROD-00643,Garments,Kids Wear,Kids Wear Model-391
PROD-00644,Garments,T-Shirt,T-Shirt Model-846
PROD-00645,Electronics,Headphone,Headphone Model-510
PROD-00646,Beauty_Health,Skincare,Skincare Model-540
PROD-00647,Books_Stationery,Office Supplies,Office Supplies Model-110
PROD-00648,Garments,Jeans,Jeans Model-343
PROD-00649,Garments,Saree,Saree Model-358
PROD-00650,Electronics,Smartphone,Smartphone Model-534
PROD-00651,Footwear,Sneaker,Sneaker Model-812
PROD-00652,Electronics,Home Appliance,Home Appliance Model-704
PROD-00653,Garments,Kurti,Kurti Model-100
PROD-00654,Books_Stationery,Art Supplies,Art Supplies Model-631
PROD-00655,Footwear,Sneaker,Sneaker Model-520
PROD-00656,Garments,T-Shirt,T-Shirt Model-670
PROD-00657,Electronics,Home Appliance,Home Appliance Model-722
PROD-00658,Beauty_Health,Makeup,Makeup Model-871
PROD-00659,Books_Stationery,Story Book,Story Book Model-997
PROD-00660,Electronics,Laptop,Laptop Model-409
PROD-00661,Garments,Kurti,Kurti Model-135
PROD-00662,Grocery_FMCG,Cooking Oil,Cooking Oil Model-748
PROD-00663,Electronics,Power Bank,Power Bank Model-520
PROD-00664,Home_Living,Furniture,Furniture Model-693
PROD-00665,Electronics,Laptop,Laptop Model-574
PROD-00666,Grocery_FMCG,Rice,Rice Model-183
PROD-00667,Electronics,Home Appliance,Home Appliance Model-834
PROD-00668,Footwear,Slipper,Slipper Model-475
PROD-00669,Grocery_FMCG,Cooking Oil,Cooking Oil Model-460
PROD-00670,Electronics,Power Bank,Power Bank Model-235
PROD-00671,Beauty_Health,Haircare,Haircare Model-656
PROD-00672,Electronics,Headphone,Headphone Model-243
PROD-00673,Garments,Saree,Saree Model-193
PROD-00674,Grocery_FMCG,Snacks,Snacks Model-125
PROD-00675,Beauty_Health,Supplements,Supplements Model-961
PROD-00676,Books_Stationery,Story Book,Story Book Model-165
PROD-00677,Home_Living,Bedding,Bedding Model-997
PROD-00678,Footwear,Sandal,Sandal Model-467
PROD-00679,Garments,Kids Wear,Kids Wear Model-439
PROD-00680,Garments,Kids Wear,Kids Wear Model-615
PROD-00681,Electronics,Feature Phone,Feature Phone Model-709
PROD-00682,Garments,Kurti,Kurti Model-323
PROD-00683,Home_Living,Decor,Decor Model-256
PROD-00684,Beauty_Health,Makeup,Makeup Model-669
PROD-00685,Electronics,Smartphone,Smartphone Model-741
PROD-00686,Footwear,Slipper,Slipper Model-352
PROD-00687,Beauty_Health,Makeup,Makeup Model-757
PROD-00688,Electronics,Smartphone,Smartphone Model-494
PROD-00689,Home_Living,Furniture,Furniture Model-773
PROD-00690,Grocery_FMCG,Cooking Oil,Cooking Oil Model-675
PROD-00691,Grocery_FMCG,Cleaning Supplies,Cleaning Supplies Model-924
PROD-00692,Footwear,Formal Shoe,Formal Shoe Model-446
PROD-00693,Garments,Kurti,Kurti Model-167
PROD-00694,Grocery_FMCG,Cleaning Supplies,Cleaning Supplies Model-479
PROD-00695,Electronics,Smartphone,Smartphone Model-995
PROD-00696,Books_Stationery,Notebook,Notebook Model-810
PROD-00697,Footwear,Sneaker,Sneaker Model-139
PROD-00698,Garments,Jeans,Jeans Model-717
PROD-00699,Home_Living,Bedding,Bedding Model-448
PROD-00700,Electronics,Headphone,Headphone Model-312
PROD-00701,Grocery_FMCG,Snacks,Snacks Model-436
PROD-00702,Books_Stationery,Notebook,Notebook Model-859
PROD-00703,Grocery_FMCG,Snacks,Snacks Model-665
PROD-00704,Garments,Kurti,Kurti Model-404
PROD-00705,Footwear,Formal Shoe,Formal Shoe Model-605
PROD-00706,Garments,Saree,Saree Model-841
PROD-00707,Beauty_Health,Haircare,Haircare Model-991
PROD-00708,Garments,Kids Wear,Kids Wear Model-140
PROD-00709,Electronics,Feature Phone,Feature Phone Model-442
PROD-00710,Beauty_Health,Makeup,Makeup Model-712
PROD-00711,Beauty_Health,Makeup,Makeup Model-247
PROD-00712,Garments,Jeans,Jeans Model-600
PROD-00713,Beauty_Health,Haircare,Haircare Model-406
PROD-00714,Footwear,Formal Shoe,Formal Shoe Model-428
PROD-00715,Electronics,Headphone,Headphone Model-753
PROD-00716,Books_Stationery,Art Supplies,Art Supplies Model-326
PROD-00717,Electronics,Power Bank,Power Bank Model-626
PROD-00718,Beauty_Health,Skincare,Skincare Model-713
PROD-00719,Beauty_Health,Makeup,Makeup Model-778
PROD-00720,Beauty_Health,Makeup,Makeup Model-934
PROD-00721,Electronics,Feature Phone,Feature Phone Model-554
PROD-00722,Garments,Kurti,Kurti Model-353
PROD-00723,Garments,Kids Wear,Kids Wear Model-591
PROD-00724,Garments,Kids Wear,Kids Wear Model-714
PROD-00725,Electronics,Power Bank,Power Bank Model-786
PROD-00726,Garments,Panjabi,Panjabi Model-901
PROD-00727,Garments,Saree,Saree Model-393
PROD-00728,Home_Living,Kitchenware,Kitchenware Model-370
PROD-00729,Garments,Kurti,Kurti Model-280
PROD-00730,Garments,Kids Wear,Kids Wear Model-999
PROD-00731,Home_Living,Bedding,Bedding Model-986
PROD-00732,Garments,T-Shirt,T-Shirt Model-206
PROD-00733,Electronics,Home Appliance,Home Appliance Model-438
PROD-00734,Footwear,Sneaker,Sneaker Model-692
PROD-00735,Home_Living,Bedding,Bedding Model-437
PROD-00736,Beauty_Health,Supplements,Supplements Model-408
PROD-00737,Beauty_Health,Haircare,Haircare Model-910
PROD-00738,Electronics,Power Bank,Power Bank Model-229
PROD-00739,Electronics,Smart Watch,Smart Watch Model-930
PROD-00740,Electronics,Smartphone,Smartphone Model-830
PROD-00741,Beauty_Health,Makeup,Makeup Model-246
PROD-00742,Beauty_Health,Makeup,Makeup Model-346
PROD-00743,Garments,Kids Wear,Kids Wear Model-350
PROD-00744,Electronics,Feature Phone,Feature Phone Model-922
PROD-00745,Electronics,Feature Phone,Feature Phone Model-241
PROD-00746,Electronics,Smart Watch,Smart Watch Model-166
PROD-00747,Beauty_Health,Supplements,Supplements Model-690
PROD-00748,Grocery_FMCG,Snacks,Snacks Model-760
PROD-00749,Grocery_FMCG,Rice,Rice Model-421
PROD-00750,Home_Living,Bedding,Bedding Model-459
PROD-00751,Footwear,Slipper,Slipper Model-184
PROD-00752,Footwear,Formal Shoe,Formal Shoe Model-430
PROD-00753,Footwear,Sneaker,Sneaker Model-875
PROD-00754,Garments,Saree,Saree Model-650
PROD-00755,Home_Living,Kitchenware,Kitchenware Model-557
PROD-00756,Electronics,Headphone,Headphone Model-703
PROD-00757,Garments,Jeans,Jeans Model-238
PROD-00758,Electronics,Smart Watch,Smart Watch Model-904
PROD-00759,Garments,Kurti,Kurti Model-447
PROD-00760,Electronics,Laptop,Laptop Model-521
PROD-00761,Grocery_FMCG,Snacks,Snacks Model-815
PROD-00762,Garments,Kurti,Kurti Model-732
PROD-00763,Garments,Saree,Saree Model-829
PROD-00764,Home_Living,Furniture,Furniture Model-846
PROD-00765,Beauty_Health,Supplements,Supplements Model-337
PROD-00766,Electronics,Laptop,Laptop Model-575
PROD-00767,Grocery_FMCG,Rice,Rice Model-272
PROD-00768,Footwear,Sneaker,Sneaker Model-563
PROD-00769,Grocery_FMCG,Snacks,Snacks Model-102
PROD-00770,Electronics,Headphone,Headphone Model-371
PROD-00771,Electronics,Feature Phone,Feature Phone Model-250
PROD-00772,Footwear,Slipper,Slipper Model-864
PROD-00773,Electronics,Feature Phone,Feature Phone Model-102
PROD-00774,Garments,Panjabi,Panjabi Model-749
PROD-00775,Footwear,Sneaker,Sneaker Model-459
PROD-00776,Electronics,Feature Phone,Feature Phone Model-114
PROD-00777,Electronics,Feature Phone,Feature Phone Model-878
PROD-00778,Home_Living,Bedding,Bedding Model-244
PROD-00779,Grocery_FMCG,Personal Care,Personal Care Model-171
PROD-00780,Home_Living,Bedding,Bedding Model-966
PROD-00781,Footwear,Formal Shoe,Formal Shoe Model-504
PROD-00782,Garments,T-Shirt,T-Shirt Model-905
PROD-00783,Grocery_FMCG,Beverages,Beverages Model-976
PROD-00784,Beauty_Health,Skincare,Skincare Model-367
PROD-00785,Footwear,Sandal,Sandal Model-763
PROD-00786,Beauty_Health,Haircare,Haircare Model-189
PROD-00787,Grocery_FMCG,Snacks,Snacks Model-726
PROD-00788,Grocery_FMCG,Cooking Oil,Cooking Oil Model-550
PROD-00789,Beauty_Health,Makeup,Makeup Model-174
PROD-00790,Grocery_FMCG,Rice,Rice Model-227
PROD-00791,Garments,Panjabi,Panjabi Model-576
PROD-00792,Books_Stationery,Art Supplies,Art Supplies Model-899
PROD-00793,Electronics,Home Appliance,Home Appliance Model-839
PROD-00794,Electronics,Smartphone,Smartphone Model-530
PROD-00795,Electronics,Smart Watch,Smart Watch Model-380
PROD-00796,Electronics,Smartphone,Smartphone Model-566
PROD-00797,Grocery_FMCG,Rice,Rice Model-518
PROD-00798,Home_Living,Kitchenware,Kitchenware Model-803
PROD-00799,Beauty_Health,Skincare,Skincare Model-820
PROD-00800,Grocery_FMCG,Cooking Oil,Cooking Oil Model-655
PROD-00801,Garments,Panjabi,Panjabi Model-125
PROD-00802,Grocery_FMCG,Cleaning Supplies,Cleaning Supplies Model-882
PROD-00803,Grocery_FMCG,Cooking Oil,Cooking Oil Model-454
PROD-00804,Garments,Saree,Saree Model-936
PROD-00805,Grocery_FMCG,Personal Care,Personal Care Model-294
PROD-00806,Grocery_FMCG,Cleaning Supplies,Cleaning Supplies Model-614
PROD-00807,Beauty_Health,Skincare,Skincare Model-576
PROD-00808,Electronics,Power Bank,Power Bank Model-982
PROD-00809,Garments,Kurti,Kurti Model-302
PROD-00810,Grocery_FMCG,Beverages,Beverages Model-959
PROD-00811,Home_Living,Bedding,Bedding Model-167
PROD-00812,Grocery_FMCG,Personal Care,Personal Care Model-483
PROD-00813,Footwear,Formal Shoe,Formal Shoe Model-206
PROD-00814,Electronics,Smart Watch,Smart Watch Model-500
PROD-00815,Home_Living,Kitchenware,Kitchenware Model-674
PROD-00816,Grocery_FMCG,Beverages,Beverages Model-407
PROD-00817,Electronics,Smart Watch,Smart Watch Model-358
PROD-00818,Electronics,Headphone,Headphone Model-870
PROD-00819,Garments,Jeans,Jeans Model-408
PROD-00820,Garments,Panjabi,Panjabi Model-695
PROD-00821,Grocery_FMCG,Cooking Oil,Cooking Oil Model-139
PROD-00822,Electronics,Smartphone,Smartphone Model-404
PROD-00823,Garments,Kurti,Kurti Model-562
PROD-00824,Books_Stationery,Office Supplies,Office Supplies Model-121
PROD-00825,Garments,Saree,Saree Model-566
PROD-00826,Garments,Saree,Saree Model-453
PROD-00827,Books_Stationery,Story Book,Story Book Model-162
PROD-00828,Grocery_FMCG,Rice,Rice Model-443
PROD-00829,Grocery_FMCG,Cleaning Supplies,Cleaning Supplies Model-540
PROD-00830,Electronics,Feature Phone,Feature Phone Model-948
PROD-00831,Garments,Kids Wear,Kids Wear Model-349
PROD-00832,Garments,Kids Wear,Kids Wear Model-267
PROD-00833,Grocery_FMCG,Cleaning Supplies,Cleaning Supplies Model-629
PROD-00834,Grocery_FMCG,Rice,Rice Model-641
PROD-00835,Grocery_FMCG,Rice,Rice Model-983
PROD-00836,Electronics,Home Appliance,Home Appliance Model-371
PROD-00837,Books_Stationery,Art Supplies,Art Supplies Model-549
PROD-00838,Footwear,Sneaker,Sneaker Model-824
PROD-00839,Electronics,Smartphone,Smartphone Model-244
PROD-00840,Electronics,Laptop,Laptop Model-512
PROD-00841,Beauty_Health,Haircare,Haircare Model-839
PROD-00842,Home_Living,Kitchenware,Kitchenware Model-340
PROD-00843,Footwear,Slipper,Slipper Model-411
PROD-00844,Electronics,Home Appliance,Home Appliance Model-687
PROD-00845,Beauty_Health,Haircare,Haircare Model-814
PROD-00846,Electronics,Smartphone,Smartphone Model-113
PROD-00847,Electronics,Home Appliance,Home Appliance Model-500
PROD-00848,Footwear,Sneaker,Sneaker Model-582
PROD-00849,Home_Living,Bedding,Bedding Model-858
PROD-00850,Electronics,Smartphone,Smartphone Model-758
PROD-00851,Garments,Jeans,Jeans Model-703
PROD-00852,Beauty_Health,Supplements,Supplements Model-875
PROD-00853,Grocery_FMCG,Personal Care,Personal Care Model-443
PROD-00854,Beauty_Health,Supplements,Supplements Model-354
PROD-00855,Books_Stationery,Office Supplies,Office Supplies Model-201
PROD-00856,Grocery_FMCG,Personal Care,Personal Care Model-975
PROD-00857,Grocery_FMCG,Rice,Rice Model-368
PROD-00858,Grocery_FMCG,Snacks,Snacks Model-292
PROD-00859,Beauty_Health,Skincare,Skincare Model-681
PROD-00860,Footwear,Formal Shoe,Formal Shoe Model-117
PROD-00861,Garments,Kurti,Kurti Model-143
PROD-00862,Electronics,Home Appliance,Home Appliance Model-841
PROD-00863,Garments,Panjabi,Panjabi Model-943
PROD-00864,Grocery_FMCG,Cleaning Supplies,Cleaning Supplies Model-391
PROD-00865,Garments,Jeans,Jeans Model-190
PROD-00866,Garments,Jeans,Jeans Model-930
PROD-00867,Home_Living,Bedding,Bedding Model-145
PROD-00868,Footwear,Sandal,Sandal Model-382
PROD-00869,Electronics,Home Appliance,Home Appliance Model-162
PROD-00870,Beauty_Health,Skincare,Skincare Model-994
PROD-00871,Grocery_FMCG,Cleaning Supplies,Cleaning Supplies Model-734
PROD-00872,Grocery_FMCG,Personal Care,Personal Care Model-200
PROD-00873,Garments,Kids Wear,Kids Wear Model-778
PROD-00874,Home_Living,Decor,Decor Model-386
PROD-00875,Electronics,Smart Watch,Smart Watch Model-136
PROD-00876,Footwear,Sandal,Sandal Model-754
PROD-00877,Grocery_FMCG,Beverages,Beverages Model-591
PROD-00878,Electronics,Feature Phone,Feature Phone Model-507
PROD-00879,Home_Living,Kitchenware,Kitchenware Model-544
PROD-00880,Garments,Jeans,Jeans Model-620
PROD-00881,Electronics,Smartphone,Smartphone Model-101
PROD-00882,Electronics,Headphone,Headphone Model-465
PROD-00883,Garments,Jeans,Jeans Model-185
PROD-00884,Electronics,Power Bank,Power Bank Model-509
PROD-00885,Electronics,Headphone,Headphone Model-136
PROD-00886,Electronics,Headphone,Headphone Model-705
PROD-00887,Beauty_Health,Haircare,Haircare Model-770
PROD-00888,Footwear,Sandal,Sandal Model-234
PROD-00889,Garments,Kids Wear,Kids Wear Model-993
PROD-00890,Beauty_Health,Makeup,Makeup Model-945
PROD-00891,Beauty_Health,Makeup,Makeup Model-375
PROD-00892,Garments,Panjabi,Panjabi Model-207
PROD-00893,Electronics,Power Bank,Power Bank Model-963
PROD-00894,Grocery_FMCG,Cleaning Supplies,Cleaning Supplies Model-550
PROD-00895,Grocery_FMCG,Rice,Rice Model-497
PROD-00896,Grocery_FMCG,Cleaning Supplies,Cleaning Supplies Model-374
PROD-00897,Footwear,Slipper,Slipper Model-700
PROD-00898,Footwear,Sneaker,Sneaker Model-675
PROD-00899,Beauty_Health,Haircare,Haircare Model-532
PROD-00900,Electronics,Laptop,Laptop Model-793
PROD-00901,Grocery_FMCG,Cooking Oil,Cooking Oil Model-939
PROD-00902,Garments,T-Shirt,T-Shirt Model-118
PROD-00903,Garments,Kids Wear,Kids Wear Model-148
PROD-00904,Electronics,Feature Phone,Feature Phone Model-374
PROD-00905,Garments,Panjabi,Panjabi Model-448
PROD-00906,Grocery_FMCG,Cleaning Supplies,Cleaning Supplies Model-235
PROD-00907,Electronics,Feature Phone,Feature Phone Model-735
PROD-00908,Electronics,Smartphone,Smartphone Model-316
PROD-00909,Garments,Saree,Saree Model-920
PROD-00910,Electronics,Smart Watch,Smart Watch Model-645
PROD-00911,Grocery_FMCG,Cooking Oil,Cooking Oil Model-262
PROD-00912,Electronics,Feature Phone,Feature Phone Model-634
PROD-00913,Home_Living,Kitchenware,Kitchenware Model-590
PROD-00914,Footwear,Sneaker,Sneaker Model-722
PROD-00915,Electronics,Laptop,Laptop Model-652
PROD-00916,Electronics,Feature Phone,Feature Phone Model-311
PROD-00917,Electronics,Home Appliance,Home Appliance Model-800
PROD-00918,Books_Stationery,Notebook,Notebook Model-797
PROD-00919,Garments,Jeans,Jeans Model-849
PROD-00920,Garments,Panjabi,Panjabi Model-880
PROD-00921,Electronics,Smart Watch,Smart Watch Model-742
PROD-00922,Beauty_Health,Makeup,Makeup Model-762
PROD-00923,Grocery_FMCG,Personal Care,Personal Care Model-172
PROD-00924,Grocery_FMCG,Cleaning Supplies,Cleaning Supplies Model-634
PROD-00925,Grocery_FMCG,Rice,Rice Model-686
PROD-00926,Grocery_FMCG,Rice,Rice Model-743
PROD-00927,Footwear,Sandal,Sandal Model-397
PROD-00928,Electronics,Home Appliance,Home Appliance Model-463
PROD-00929,Home_Living,Bedding,Bedding Model-210
PROD-00930,Footwear,Sneaker,Sneaker Model-189
PROD-00931,Footwear,Sandal,Sandal Model-497
PROD-00932,Footwear,Sandal,Sandal Model-779
PROD-00933,Home_Living,Furniture,Furniture Model-456
PROD-00934,Garments,Panjabi,Panjabi Model-145
PROD-00935,Electronics,Laptop,Laptop Model-673
PROD-00936,Garments,T-Shirt,T-Shirt Model-517
PROD-00937,Grocery_FMCG,Personal Care,Personal Care Model-969
PROD-00938,Home_Living,Decor,Decor Model-495
PROD-00939,Home_Living,Furniture,Furniture Model-215
PROD-00940,Footwear,Sneaker,Sneaker Model-127
PROD-00941,Electronics,Smartphone,Smartphone Model-737
PROD-00942,Grocery_FMCG,Rice,Rice Model-112
PROD-00943,Grocery_FMCG,Snacks,Snacks Model-876
PROD-00944,Home_Living,Furniture,Furniture Model-294
PROD-00945,Electronics,Headphone,Headphone Model-730
PROD-00946,Garments,Jeans,Jeans Model-933
PROD-00947,Beauty_Health,Skincare,Skincare Model-471
PROD-00948,Garments,T-Shirt,T-Shirt Model-228
PROD-00949,Home_Living,Decor,Decor Model-570
PROD-00950,Grocery_FMCG,Personal Care,Personal Care Model-108
PROD-00951,Electronics,Smart Watch,Smart Watch Model-396
PROD-00952,Garments,Kids Wear,Kids Wear Model-691
PROD-00953,Garments,Jeans,Jeans Model-549
PROD-00954,Electronics,Laptop,Laptop Model-951
PROD-00955,Footwear,Sandal,Sandal Model-839
PROD-00956,Garments,T-Shirt,T-Shirt Model-499
PROD-00957,Footwear,Sandal,Sandal Model-623
PROD-00958,Grocery_FMCG,Rice,Rice Model-508
PROD-00959,Garments,Jeans,Jeans Model-169
PROD-00960,Electronics,Home Appliance,Home Appliance Model-699
PROD-00961,Garments,Jeans,Jeans Model-677
PROD-00962,Electronics,Smartphone,Smartphone Model-309
PROD-00963,Home_Living,Bedding,Bedding Model-268
PROD-00964,Grocery_FMCG,Personal Care,Personal Care Model-805
PROD-00965,Garments,Jeans,Jeans Model-557
PROD-00966,Electronics,Laptop,Laptop Model-315
PROD-00967,Grocery_FMCG,Cooking Oil,Cooking Oil Model-871
PROD-00968,Footwear,Formal Shoe,Formal Shoe Model-261
PROD-00969,Electronics,Feature Phone,Feature Phone Model-232
PROD-00970,Garments,T-Shirt,T-Shirt Model-669
PROD-00971,Garments,Saree,Saree Model-962
PROD-00972,Electronics,Smart Watch,Smart Watch Model-559
PROD-00973,Garments,Kids Wear,Kids Wear Model-297
PROD-00974,Grocery_FMCG,Personal Care,Personal Care Model-790
PROD-00975,Footwear,Formal Shoe,Formal Shoe Model-227
PROD-00976,Books_Stationery,Notebook,Notebook Model-313
PROD-00977,Electronics,Smartphone,Smartphone Model-125
PROD-00978,Footwear,Formal Shoe,Formal Shoe Model-956
PROD-00979,Footwear,Sandal,Sandal Model-377
PROD-00980,Footwear,Slipper,Slipper Model-835
PROD-00981,Electronics,Power Bank,Power Bank Model-465
PROD-00982,Home_Living,Kitchenware,Kitchenware Model-392
PROD-00983,Footwear,Sneaker,Sneaker Model-153
PROD-00984,Garments,T-Shirt,T-Shirt Model-215
PROD-00985,Grocery_FMCG,Beverages,Beverages Model-230
PROD-00986,Electronics,Laptop,Laptop Model-815
PROD-00987,Grocery_FMCG,Cooking Oil,Cooking Oil Model-966
PROD-00988,Garments,T-Shirt,T-Shirt Model-938
PROD-00989,Grocery_FMCG,Beverages,Beverages Model-284
PROD-00990,Electronics,Laptop,Laptop Model-995
PROD-00991,Home_Living,Decor,Decor Model-404
PROD-00992,Grocery_FMCG,Personal Care,Personal Care Model-604
PROD-00993,Garments,T-Shirt,T-Shirt Model-405
PROD-00994,Electronics,Laptop,Laptop Model-775
PROD-00995,Garments,Kurti,Kurti Model-332
PROD-00996,Electronics,Power Bank,Power Bank Model-791
PROD-00997,Garments,Jeans,Jeans Model-472
PROD-00998,Home_Living,Furniture,Furniture Model-864
PROD-00999,Electronics,Feature Phone,Feature Phone Model-913
PROD-01000,Electronics,Smartphone,Smartphone Model-564
PROD-01001,Electronics,Home Appliance,Home Appliance Model-121
PROD-01002,Electronics,Smartphone,Smartphone Model-497
PROD-01003,Grocery_FMCG,Cooking Oil,Cooking Oil Model-600
PROD-01004,Grocery_FMCG,Snacks,Snacks Model-952
PROD-01005,Garments,Saree,Saree Model-147
PROD-01006,Garments,Panjabi,Panjabi Model-567
PROD-01007,Garments,Jeans,Jeans Model-661
PROD-01008,Home_Living,Decor,Decor Model-168
PROD-01009,Garments,Panjabi,Panjabi Model-725
PROD-01010,Garments,T-Shirt,T-Shirt Model-668
PROD-01011,Grocery_FMCG,Cleaning Supplies,Cleaning Supplies Model-879
PROD-01012,Electronics,Headphone,Headphone Model-772
PROD-01013,Home_Living,Decor,Decor Model-588
PROD-01014,Footwear,Slipper,Slipper Model-371
PROD-01015,Footwear,Formal Shoe,Formal Shoe Model-551
PROD-01016,Beauty_Health,Makeup,Makeup Model-350
PROD-01017,Grocery_FMCG,Cleaning Supplies,Cleaning Supplies Model-999
PROD-01018,Footwear,Sneaker,Sneaker Model-309
PROD-01019,Footwear,Sandal,Sandal Model-398
PROD-01020,Grocery_FMCG,Cleaning Supplies,Cleaning Supplies Model-452
PROD-01021,Garments,Kurti,Kurti Model-112
PROD-01022,Garments,Kurti,Kurti Model-282
PROD-01023,Home_Living,Bedding,Bedding Model-251
PROD-01024,Footwear,Slipper,Slipper Model-607
PROD-01025,Home_Living,Furniture,Furniture Model-472
PROD-01026,Garments,Panjabi,Panjabi Model-299
PROD-01027,Beauty_Health,Supplements,Supplements Model-569
PROD-01028,Grocery_FMCG,Snacks,Snacks Model-393
PROD-01029,Grocery_FMCG,Snacks,Snacks Model-306
PROD-01030,Footwear,Formal Shoe,Formal Shoe Model-361
PROD-01031,Footwear,Formal Shoe,Formal Shoe Model-626
PROD-01032,Grocery_FMCG,Beverages,Beverages Model-575
PROD-01033,Electronics,Headphone,Headphone Model-649
PROD-01034,Footwear,Sneaker,Sneaker Model-894
PROD-01035,Home_Living,Kitchenware,Kitchenware Model-826
PROD-01036,Garments,T-Shirt,T-Shirt Model-816
PROD-01037,Home_Living,Furniture,Furniture Model-393
PROD-01038,Grocery_FMCG,Rice,Rice Model-181
PROD-01039,Electronics,Home Appliance,Home Appliance Model-881
PROD-01040,Garments,Jeans,Jeans Model-692
PROD-01041,Garments,Panjabi,Panjabi Model-968
PROD-01042,Electronics,Laptop,Laptop Model-147
PROD-01043,Books_Stationery,Story Book,Story Book Model-158
PROD-01044,Footwear,Formal Shoe,Formal Shoe Model-638
PROD-01045,Garments,Saree,Saree Model-666
PROD-01046,Grocery_FMCG,Snacks,Snacks Model-521
PROD-01047,Beauty_Health,Haircare,Haircare Model-508
PROD-01048,Garments,T-Shirt,T-Shirt Model-913
PROD-01049,Electronics,Power Bank,Power Bank Model-442
PROD-01050,Beauty_Health,Skincare,Skincare Model-585
PROD-01051,Beauty_Health,Skincare,Skincare Model-697
PROD-01052,Electronics,Feature Phone,Feature Phone Model-851
PROD-01053,Beauty_Health,Haircare,Haircare Model-996
PROD-01054,Home_Living,Bedding,Bedding Model-732
PROD-01055,Garments,Kurti,Kurti Model-873
PROD-01056,Beauty_Health,Skincare,Skincare Model-973
PROD-01057,Grocery_FMCG,Snacks,Snacks Model-409
PROD-01058,Beauty_Health,Skincare,Skincare Model-965
PROD-01059,Electronics,Headphone,Headphone Model-781
PROD-01060,Footwear,Sneaker,Sneaker Model-283
PROD-01061,Footwear,Formal Shoe,Formal Shoe Model-456
PROD-01062,Books_Stationery,Office Supplies,Office Supplies Model-996
PROD-01063,Grocery_FMCG,Personal Care,Personal Care Model-814
PROD-01064,Books_Stationery,Office Supplies,Office Supplies Model-546
PROD-01065,Grocery_FMCG,Rice,Rice Model-467
PROD-01066,Electronics,Home Appliance,Home Appliance Model-648
PROD-01067,Electronics,Home Appliance,Home Appliance Model-443
PROD-01068,Electronics,Feature Phone,Feature Phone Model-503
PROD-01069,Grocery_FMCG,Snacks,Snacks Model-944
PROD-01070,Grocery_FMCG,Snacks,Snacks Model-326
PROD-01071,Garments,Panjabi,Panjabi Model-826
PROD-01072,Home_Living,Kitchenware,Kitchenware Model-473
PROD-01073,Garments,Saree,Saree Model-679
PROD-01074,Grocery_FMCG,Cooking Oil,Cooking Oil Model-820
PROD-01075,Electronics,Laptop,Laptop Model-764
PROD-01076,Garments,Panjabi,Panjabi Model-921
PROD-01077,Footwear,Slipper,Slipper Model-808
PROD-01078,Footwear,Sneaker,Sneaker Model-645
PROD-01079,Garments,Kids Wear,Kids Wear Model-693
PROD-01080,Grocery_FMCG,Rice,Rice Model-462
PROD-01081,Beauty_Health,Supplements,Supplements Model-593
PROD-01082,Grocery_FMCG,Beverages,Beverages Model-861
PROD-01083,Garments,Jeans,Jeans Model-613
PROD-01084,Beauty_Health,Skincare,Skincare Model-275
PROD-01085,Home_Living,Decor,Decor Model-146
PROD-01086,Electronics,Power Bank,Power Bank Model-184
PROD-01087,Footwear,Sneaker,Sneaker Model-841
PROD-01088,Grocery_FMCG,Snacks,Snacks Model-669
PROD-01089,Grocery_FMCG,Snacks,Snacks Model-683
PROD-01090,Electronics,Power Bank,Power Bank Model-359
PROD-01091,Books_Stationery,Notebook,Notebook Model-655
PROD-01092,Footwear,Sneaker,Sneaker Model-589
PROD-01093,Home_Living,Decor,Decor Model-525
PROD-01094,Garments,Kurti,Kurti Model-880
PROD-01095,Electronics,Smartphone,Smartphone Model-138
PROD-01096,Grocery_FMCG,Cleaning Supplies,Cleaning Supplies Model-830
PROD-01097,Grocery_FMCG,Rice,Rice Model-723
PROD-01098,Electronics,Feature Phone,Feature Phone Model-736
PROD-01099,Electronics,Laptop,Laptop Model-790
PROD-01100,Electronics,Power Bank,Power Bank Model-155
PROD-01101,Garments,Kurti,Kurti Model-981
PROD-01102,Footwear,Sandal,Sandal Model-958
PROD-01103,Grocery_FMCG,Rice,Rice Model-678
PROD-01104,Garments,Kids Wear,Kids Wear Model-774
PROD-01105,Garments,Kurti,Kurti Model-765
PROD-01106,Electronics,Home Appliance,Home Appliance Model-760
PROD-01107,Home_Living,Furniture,Furniture Model-684
PROD-01108,Beauty_Health,Makeup,Makeup Model-641
PROD-01109,Garments,Kurti,Kurti Model-694
PROD-01110,Beauty_Health,Haircare,Haircare Model-739
PROD-01111,Grocery_FMCG,Personal Care,Personal Care Model-651
PROD-01112,Electronics,Home Appliance,Home Appliance Model-936
PROD-01113,Grocery_FMCG,Snacks,Snacks Model-909
PROD-01114,Garments,Panjabi,Panjabi Model-408
PROD-01115,Electronics,Feature Phone,Feature Phone Model-701
PROD-01116,Home_Living,Decor,Decor Model-801
PROD-01117,Books_Stationery,Art Supplies,Art Supplies Model-767
PROD-01118,Garments,Jeans,Jeans Model-305
PROD-01119,Grocery_FMCG,Rice,Rice Model-340
PROD-01120,Electronics,Power Bank,Power Bank Model-385
PROD-01121,Garments,Kurti,Kurti Model-497
PROD-01122,Grocery_FMCG,Rice,Rice Model-651
PROD-01123,Grocery_FMCG,Cooking Oil,Cooking Oil Model-985
PROD-01124,Electronics,Headphone,Headphone Model-250
PROD-01125,Electronics,Headphone,Headphone Model-502
PROD-01126,Garments,Saree,Saree Model-345
PROD-01127,Grocery_FMCG,Beverages,Beverages Model-711
PROD-01128,Home_Living,Furniture,Furniture Model-182
PROD-01129,Electronics,Headphone,Headphone Model-685
PROD-01130,Electronics,Power Bank,Power Bank Model-541
PROD-01131,Electronics,Home Appliance,Home Appliance Model-731
PROD-01132,Electronics,Smart Watch,Smart Watch Model-966
PROD-01133,Beauty_Health,Makeup,Makeup Model-317
PROD-01134,Grocery_FMCG,Cooking Oil,Cooking Oil Model-857
PROD-01135,Books_Stationery,Art Supplies,Art Supplies Model-379
PROD-01136,Grocery_FMCG,Beverages,Beverages Model-972
PROD-01137,Garments,Saree,Saree Model-994
PROD-01138,Beauty_Health,Skincare,Skincare Model-834
PROD-01139,Beauty_Health,Supplements,Supplements Model-487
PROD-01140,Beauty_Health,Haircare,Haircare Model-357
PROD-01141,Garments,T-Shirt,T-Shirt Model-731
PROD-01142,Electronics,Smart Watch,Smart Watch Model-466
PROD-01143,Electronics,Smart Watch,Smart Watch Model-694
PROD-01144,Grocery_FMCG,Beverages,Beverages Model-854
PROD-01145,Beauty_Health,Skincare,Skincare Model-791
PROD-01146,Grocery_FMCG,Cooking Oil,Cooking Oil Model-611
PROD-01147,Garments,Kids Wear,Kids Wear Model-189
PROD-01148,Electronics,Power Bank,Power Bank Model-369
PROD-01149,Grocery_FMCG,Personal Care,Personal Care Model-523
PROD-01150,Electronics,Smart Watch,Smart Watch Model-877
PROD-01151,Footwear,Formal Shoe,Formal Shoe Model-546
PROD-01152,Footwear,Sandal,Sandal Model-458
PROD-01153,Garments,Kids Wear,Kids Wear Model-747
PROD-01154,Footwear,Slipper,Slipper Model-998
PROD-01155,Beauty_Health,Supplements,Supplements Model-227
PROD-01156,Garments,Panjabi,Panjabi Model-191
PROD-01157,Footwear,Sneaker,Sneaker Model-731
PROD-01158,Electronics,Headphone,Headphone Model-525
PROD-01159,Electronics,Power Bank,Power Bank Model-867
PROD-01160,Footwear,Sneaker,Sneaker Model-687
PROD-01161,Books_Stationery,Art Supplies,Art Supplies Model-656
PROD-01162,Books_Stationery,Notebook,Notebook Model-204
PROD-01163,Garments,Kids Wear,Kids Wear Model-719
PROD-01164,Grocery_FMCG,Cooking Oil,Cooking Oil Model-466
PROD-01165,Home_Living,Kitchenware,Kitchenware Model-807
PROD-01166,Grocery_FMCG,Snacks,Snacks Model-592
PROD-01167,Home_Living,Bedding,Bedding Model-928
PROD-01168,Footwear,Formal Shoe,Formal Shoe Model-793
PROD-01169,Footwear,Sneaker,Sneaker Model-773
PROD-01170,Garments,Kids Wear,Kids Wear Model-407
PROD-01171,Garments,Saree,Saree Model-486
PROD-01172,Electronics,Smart Watch,Smart Watch Model-903
PROD-01173,Books_Stationery,Story Book,Story Book Model-591
PROD-01174,Home_Living,Furniture,Furniture Model-758
PROD-01175,Grocery_FMCG,Cleaning Supplies,Cleaning Supplies Model-963
PROD-01176,Electronics,Laptop,Laptop Model-927
PROD-01177,Books_Stationery,Notebook,Notebook Model-803
PROD-01178,Electronics,Laptop,Laptop Model-731
PROD-01179,Books_Stationery,Notebook,Notebook Model-130
PROD-01180,Grocery_FMCG,Cooking Oil,Cooking Oil Model-446
PROD-01181,Footwear,Formal Shoe,Formal Shoe Model-319
PROD-01182,Grocery_FMCG,Cooking Oil,Cooking Oil Model-386
PROD-01183,Electronics,Feature Phone,Feature Phone Model-228
PROD-01184,Electronics,Home Appliance,Home Appliance Model-643
PROD-01185,Home_Living,Furniture,Furniture Model-680
PROD-01186,Electronics,Headphone,Headphone Model-450
PROD-01187,Footwear,Sandal,Sandal Model-803
PROD-01188,Garments,Jeans,Jeans Model-552
PROD-01189,Electronics,Smart Watch,Smart Watch Model-994
PROD-01190,Beauty_Health,Supplements,Supplements Model-115
PROD-01191,Footwear,Formal Shoe,Formal Shoe Model-692
PROD-01192,Grocery_FMCG,Personal Care,Personal Care Model-148
PROD-01193,Grocery_FMCG,Beverages,Beverages Model-800
PROD-01194,Home_Living,Kitchenware,Kitchenware Model-480
PROD-01195,Footwear,Slipper,Slipper Model-535
PROD-01196,Garments,Saree,Saree Model-580
PROD-01197,Beauty_Health,Makeup,Makeup Model-216
PROD-01198,Garments,Kurti,Kurti Model-508
PROD-01199,Electronics,Laptop,Laptop Model-584
PROD-01200,Garments,Jeans,Jeans Model-564
PROD-01201,Books_Stationery,Notebook,Notebook Model-602
PROD-01202,Footwear,Slipper,Slipper Model-677
PROD-01203,Electronics,Feature Phone,Feature Phone Model-421
PROD-01204,Footwear,Sandal,Sandal Model-349
PROD-01205,Footwear,Slipper,Slipper Model-948
PROD-01206,Electronics,Smart Watch,Smart Watch Model-878
PROD-01207,Books_Stationery,Story Book,Story Book Model-573
PROD-01208,Garments,Panjabi,Panjabi Model-345
PROD-01209,Footwear,Sandal,Sandal Model-606
PROD-01210,Footwear,Sandal,Sandal Model-913
PROD-01211,Grocery_FMCG,Rice,Rice Model-366
PROD-01212,Grocery_FMCG,Cleaning Supplies,Cleaning Supplies Model-845
PROD-01213,Electronics,Feature Phone,Feature Phone Model-148
PROD-01214,Garments,Kurti,Kurti Model-707
PROD-01215,Electronics,Feature Phone,Feature Phone Model-823
PROD-01216,Garments,Kids Wear,Kids Wear Model-522
PROD-01217,Grocery_FMCG,Snacks,Snacks Model-945
PROD-01218,Footwear,Slipper,Slipper Model-646
PROD-01219,Garments,T-Shirt,T-Shirt Model-773
PROD-01220,Footwear,Sandal,Sandal Model-279
PROD-01221,Footwear,Sandal,Sandal Model-444
PROD-01222,Electronics,Headphone,Headphone Model-667
PROD-01223,Home_Living,Furniture,Furniture Model-650
PROD-01224,Electronics,Home Appliance,Home Appliance Model-433
PROD-01225,Electronics,Headphone,Headphone Model-873
PROD-01226,Home_Living,Decor,Decor Model-185
PROD-01227,Garments,Saree,Saree Model-344
PROD-01228,Electronics,Feature Phone,Feature Phone Model-156
PROD-01229,Electronics,Headphone,Headphone Model-452
PROD-01230,Footwear,Sneaker,Sneaker Model-795
PROD-01231,Garments,Saree,Saree Model-390
PROD-01232,Garments,T-Shirt,T-Shirt Model-367
PROD-01233,Electronics,Home Appliance,Home Appliance Model-164
PROD-01234,Garments,Jeans,Jeans Model-828
PROD-01235,Garments,Jeans,Jeans Model-566
PROD-01236,Footwear,Sandal,Sandal Model-447
PROD-01237,Books_Stationery,Office Supplies,Office Supplies Model-810
PROD-01238,Home_Living,Kitchenware,Kitchenware Model-702
PROD-01239,Books_Stationery,Story Book,Story Book Model-849
PROD-01240,Beauty_Health,Haircare,Haircare Model-754
PROD-01241,Grocery_FMCG,Snacks,Snacks Model-164
PROD-01242,Electronics,Smartphone,Smartphone Model-209
PROD-01243,Grocery_FMCG,Rice,Rice Model-250
PROD-01244,Footwear,Sneaker,Sneaker Model-303
PROD-01245,Home_Living,Bedding,Bedding Model-398
PROD-01246,Grocery_FMCG,Cleaning Supplies,Cleaning Supplies Model-626
PROD-01247,Beauty_Health,Supplements,Supplements Model-977
PROD-01248,Footwear,Slipper,Slipper Model-268
PROD-01249,Grocery_FMCG,Personal Care,Personal Care Model-324
PROD-01250,Grocery_FMCG,Cleaning Supplies,Cleaning Supplies Model-938
PROD-01251,Garments,Kids Wear,Kids Wear Model-336
PROD-01252,Home_Living,Kitchenware,Kitchenware Model-274
PROD-01253,Beauty_Health,Makeup,Makeup Model-270
PROD-01254,Beauty_Health,Supplements,Supplements Model-805
PROD-01255,Garments,Jeans,Jeans Model-281
PROD-01256,Electronics,Laptop,Laptop Model-282
PROD-01257,Footwear,Sneaker,Sneaker Model-473
PROD-01258,Home_Living,Decor,Decor Model-568
PROD-01259,Home_Living,Decor,Decor Model-872
PROD-01260,Garments,T-Shirt,T-Shirt Model-263
PROD-01261,Electronics,Feature Phone,Feature Phone Model-270
PROD-01262,Electronics,Smart Watch,Smart Watch Model-605
PROD-01263,Garments,Kids Wear,Kids Wear Model-926
PROD-01264,Electronics,Laptop,Laptop Model-551
PROD-01265,Garments,Kids Wear,Kids Wear Model-380
PROD-01266,Beauty_Health,Haircare,Haircare Model-266
PROD-01267,Beauty_Health,Makeup,Makeup Model-470
PROD-01268,Footwear,Slipper,Slipper Model-413
PROD-01269,Books_Stationery,Office Supplies,Office Supplies Model-888
PROD-01270,Garments,Kurti,Kurti Model-506
PROD-01271,Home_Living,Kitchenware,Kitchenware Model-415
PROD-01272,Garments,Jeans,Jeans Model-831
PROD-01273,Beauty_Health,Supplements,Supplements Model-262
PROD-01274,Beauty_Health,Skincare,Skincare Model-591
PROD-01275,Footwear,Slipper,Slipper Model-453
PROD-01276,Home_Living,Bedding,Bedding Model-557
PROD-01277,Garments,Jeans,Jeans Model-670
PROD-01278,Beauty_Health,Skincare,Skincare Model-532
PROD-01279,Electronics,Power Bank,Power Bank Model-649
PROD-01280,Garments,Kurti,Kurti Model-662
PROD-01281,Electronics,Home Appliance,Home Appliance Model-417
PROD-01282,Books_Stationery,Office Supplies,Office Supplies Model-709
PROD-01283,Beauty_Health,Makeup,Makeup Model-700
PROD-01284,Garments,T-Shirt,T-Shirt Model-889
PROD-01285,Electronics,Headphone,Headphone Model-779
PROD-01286,Grocery_FMCG,Cooking Oil,Cooking Oil Model-830
PROD-01287,Home_Living,Furniture,Furniture Model-933
PROD-01288,Footwear,Sneaker,Sneaker Model-131
PROD-01289,Electronics,Smartphone,Smartphone Model-192
PROD-01290,Garments,T-Shirt,T-Shirt Model-328
PROD-01291,Grocery_FMCG,Personal Care,Personal Care Model-170
PROD-01292,Electronics,Power Bank,Power Bank Model-537
PROD-01293,Home_Living,Kitchenware,Kitchenware Model-233
PROD-01294,Home_Living,Kitchenware,Kitchenware Model-551
PROD-01295,Grocery_FMCG,Rice,Rice Model-934
PROD-01296,Home_Living,Furniture,Furniture Model-316
PROD-01297,Electronics,Smartphone,Smartphone Model-389
PROD-01298,Electronics,Smart Watch,Smart Watch Model-611
PROD-01299,Electronics,Feature Phone,Feature Phone Model-632
PROD-01300,Home_Living,Bedding,Bedding Model-440
PROD-01301,Garments,Kids Wear,Kids Wear Model-318
PROD-01302,Footwear,Slipper,Slipper Model-124
PROD-01303,Garments,Panjabi,Panjabi Model-974
PROD-01304,Electronics,Power Bank,Power Bank Model-123
PROD-01305,Garments,Panjabi,Panjabi Model-811
PROD-01306,Home_Living,Bedding,Bedding Model-683
PROD-01307,Books_Stationery,Art Supplies,Art Supplies Model-346
PROD-01308,Grocery_FMCG,Cleaning Supplies,Cleaning Supplies Model-344
PROD-01309,Home_Living,Kitchenware,Kitchenware Model-277
PROD-01310,Garments,Kurti,Kurti Model-179
PROD-01311,Footwear,Formal Shoe,Formal Shoe Model-855
PROD-01312,Garments,Saree,Saree Model-104
PROD-01313,Home_Living,Decor,Decor Model-678
PROD-01314,Garments,Panjabi,Panjabi Model-420
PROD-01315,Garments,Kurti,Kurti Model-121
PROD-01316,Home_Living,Kitchenware,Kitchenware Model-934
PROD-01317,Grocery_FMCG,Cleaning Supplies,Cleaning Supplies Model-408
PROD-01318,Home_Living,Decor,Decor Model-666
PROD-01319,Garments,Jeans,Jeans Model-749
PROD-01320,Grocery_FMCG,Cleaning Supplies,Cleaning Supplies Model-345
PROD-01321,Grocery_FMCG,Cooking Oil,Cooking Oil Model-783
PROD-01322,Home_Living,Kitchenware,Kitchenware Model-797
PROD-01323,Electronics,Feature Phone,Feature Phone Model-362
PROD-01324,Electronics,Smartphone,Smartphone Model-260
PROD-01325,Home_Living,Furniture,Furniture Model-349
PROD-01326,Garments,T-Shirt,T-Shirt Model-247
PROD-01327,Garments,Kids Wear,Kids Wear Model-204
PROD-01328,Home_Living,Furniture,Furniture Model-167
PROD-01329,Garments,Saree,Saree Model-310
PROD-01330,Grocery_FMCG,Rice,Rice Model-707
PROD-01331,Beauty_Health,Haircare,Haircare Model-853
PROD-01332,Grocery_FMCG,Snacks,Snacks Model-556
PROD-01333,Footwear,Sandal,Sandal Model-197
PROD-01334,Books_Stationery,Art Supplies,Art Supplies Model-121
PROD-01335,Grocery_FMCG,Cleaning Supplies,Cleaning Supplies Model-704
PROD-01336,Electronics,Smart Watch,Smart Watch Model-175
PROD-01337,Electronics,Laptop,Laptop Model-801
PROD-01338,Electronics,Smartphone,Smartphone Model-708
PROD-01339,Footwear,Slipper,Slipper Model-653
PROD-01340,Electronics,Smart Watch,Smart Watch Model-161
PROD-01341,Garments,Saree,Saree Model-949
PROD-01342,Electronics,Headphone,Headphone Model-524
PROD-01343,Garments,Saree,Saree Model-992
PROD-01344,Footwear,Sandal,Sandal Model-695
PROD-01345,Footwear,Formal Shoe,Formal Shoe Model-664
PROD-01346,Footwear,Slipper,Slipper Model-781
PROD-01347,Grocery_FMCG,Cooking Oil,Cooking Oil Model-733
PROD-01348,Garments,T-Shirt,T-Shirt Model-361
PROD-01349,Garments,Kids Wear,Kids Wear Model-315
PROD-01350,Garments,Jeans,Jeans Model-769
PROD-01351,Footwear,Sneaker,Sneaker Model-905
PROD-01352,Electronics,Laptop,Laptop Model-591
PROD-01353,Beauty_Health,Makeup,Makeup Model-549
PROD-01354,Electronics,Laptop,Laptop Model-245
PROD-01355,Electronics,Laptop,Laptop Model-415
PROD-01356,Electronics,Smartphone,Smartphone Model-145
PROD-01357,Electronics,Feature Phone,Feature Phone Model-587
PROD-01358,Garments,Kurti,Kurti Model-530
PROD-01359,Garments,Saree,Saree Model-271
PROD-01360,Garments,Saree,Saree Model-270
PROD-01361,Home_Living,Kitchenware,Kitchenware Model-967
PROD-01362,Home_Living,Kitchenware,Kitchenware Model-922
PROD-01363,Electronics,Home Appliance,Home Appliance Model-243
PROD-01364,Electronics,Smartphone,Smartphone Model-825
PROD-01365,Garments,T-Shirt,T-Shirt Model-170
PROD-01366,Beauty_Health,Makeup,Makeup Model-428
PROD-01367,Footwear,Sneaker,Sneaker Model-833
PROD-01368,Beauty_Health,Skincare,Skincare Model-867
PROD-01369,Home_Living,Decor,Decor Model-345
PROD-01370,Grocery_FMCG,Cooking Oil,Cooking Oil Model-317
PROD-01371,Beauty_Health,Skincare,Skincare Model-780
PROD-01372,Electronics,Smartphone,Smartphone Model-736
PROD-01373,Garments,Kids Wear,Kids Wear Model-265
PROD-01374,Home_Living,Bedding,Bedding Model-699
PROD-01375,Garments,Kurti,Kurti Model-798
PROD-01376,Footwear,Sneaker,Sneaker Model-921
PROD-01377,Beauty_Health,Haircare,Haircare Model-254
PROD-01378,Home_Living,Kitchenware,Kitchenware Model-151
PROD-01379,Electronics,Laptop,Laptop Model-697
PROD-01380,Garments,Panjabi,Panjabi Model-804
PROD-01381,Footwear,Sandal,Sandal Model-918
PROD-01382,Electronics,Smart Watch,Smart Watch Model-450
PROD-01383,Garments,Jeans,Jeans Model-647
PROD-01384,Grocery_FMCG,Beverages,Beverages Model-842
PROD-01385,Garments,Panjabi,Panjabi Model-665
PROD-01386,Garments,Kids Wear,Kids Wear Model-548
PROD-01387,Electronics,Headphone,Headphone Model-684
PROD-01388,Garments,Jeans,Jeans Model-687
PROD-01389,Electronics,Smart Watch,Smart Watch Model-457
PROD-01390,Garments,Panjabi,Panjabi Model-166
PROD-01391,Home_Living,Kitchenware,Kitchenware Model-549
PROD-01392,Footwear,Sandal,Sandal Model-790
PROD-01393,Books_Stationery,Notebook,Notebook Model-806
PROD-01394,Electronics,Home Appliance,Home Appliance Model-825
PROD-01395,Electronics,Headphone,Headphone Model-523
PROD-01396,Garments,Panjabi,Panjabi Model-643
PROD-01397,Garments,Kids Wear,Kids Wear Model-910
PROD-01398,Electronics,Feature Phone,Feature Phone Model-134
PROD-01399,Beauty_Health,Supplements,Supplements Model-907
PROD-01400,Electronics,Smart Watch,Smart Watch Model-780
PROD-01401,Beauty_Health,Haircare,Haircare Model-342
PROD-01402,Beauty_Health,Makeup,Makeup Model-810
PROD-01403,Home_Living,Decor,Decor Model-935
PROD-01404,Electronics,Smartphone,Smartphone Model-986
PROD-01405,Grocery_FMCG,Beverages,Beverages Model-702
PROD-01406,Electronics,Home Appliance,Home Appliance Model-725
PROD-01407,Garments,Panjabi,Panjabi Model-337
PROD-01408,Footwear,Sneaker,Sneaker Model-276
PROD-01409,Electronics,Feature Phone,Feature Phone Model-153
PROD-01410,Garments,T-Shirt,T-Shirt Model-493
PROD-01411,Electronics,Headphone,Headphone Model-888
PROD-01412,Beauty_Health,Makeup,Makeup Model-732
PROD-01413,Grocery_FMCG,Cooking Oil,Cooking Oil Model-847
PROD-01414,Garments,Kids Wear,Kids Wear Model-198
PROD-01415,Home_Living,Furniture,Furniture Model-908
PROD-01416,Garments,Panjabi,Panjabi Model-174
PROD-01417,Garments,Saree,Saree Model-634
PROD-01418,Grocery_FMCG,Cooking Oil,Cooking Oil Model-855
PROD-01419,Electronics,Smartphone,Smartphone Model-547
PROD-01420,Electronics,Laptop,Laptop Model-682
PROD-01421,Books_Stationery,Art Supplies,Art Supplies Model-638
PROD-01422,Garments,Panjabi,Panjabi Model-427
PROD-01423,Garments,Jeans,Jeans Model-345
PROD-01424,Beauty_Health,Skincare,Skincare Model-250
PROD-01425,Grocery_FMCG,Cleaning Supplies,Cleaning Supplies Model-589
PROD-01426,Footwear,Slipper,Slipper Model-988
PROD-01427,Electronics,Headphone,Headphone Model-236
PROD-01428,Garments,Jeans,Jeans Model-481
PROD-01429,Garments,Panjabi,Panjabi Model-303
PROD-01430,Electronics,Smartphone,Smartphone Model-704
PROD-01431,Footwear,Sneaker,Sneaker Model-230
PROD-01432,Beauty_Health,Skincare,Skincare Model-957
PROD-01433,Garments,Kurti,Kurti Model-267
PROD-01434,Books_Stationery,Notebook,Notebook Model-529
PROD-01435,Electronics,Smartphone,Smartphone Model-780
PROD-01436,Electronics,Feature Phone,Feature Phone Model-868
PROD-01437,Electronics,Headphone,Headphone Model-504
PROD-01438,Books_Stationery,Notebook,Notebook Model-263
PROD-01439,Electronics,Feature Phone,Feature Phone Model-338
PROD-01440,Books_Stationery,Art Supplies,Art Supplies Model-298
PROD-01441,Garments,T-Shirt,T-Shirt Model-273
PROD-01442,Electronics,Laptop,Laptop Model-228
PROD-01443,Electronics,Home Appliance,Home Appliance Model-210
PROD-01444,Beauty_Health,Makeup,Makeup Model-565
PROD-01445,Garments,Saree,Saree Model-498
PROD-01446,Electronics,Laptop,Laptop Model-939
PROD-01447,Electronics,Smartphone,Smartphone Model-525
PROD-01448,Electronics,Smartphone,Smartphone Model-633
PROD-01449,Garments,Panjabi,Panjabi Model-195
PROD-01450,Beauty_Health,Haircare,Haircare Model-314
PROD-01451,Footwear,Slipper,Slipper Model-357
PROD-01452,Electronics,Home Appliance,Home Appliance Model-608
PROD-01453,Home_Living,Decor,Decor Model-139
PROD-01454,Grocery_FMCG,Personal Care,Personal Care Model-765
PROD-01455,Grocery_FMCG,Personal Care,Personal Care Model-920
PROD-01456,Grocery_FMCG,Personal Care,Personal Care Model-918
PROD-01457,Beauty_Health,Skincare,Skincare Model-255
PROD-01458,Home_Living,Furniture,Furniture Model-941
PROD-01459,Garments,Kids Wear,Kids Wear Model-306
PROD-01460,Garments,Saree,Saree Model-425
PROD-01461,Garments,Jeans,Jeans Model-365
PROD-01462,Electronics,Smart Watch,Smart Watch Model-525
PROD-01463,Grocery_FMCG,Cooking Oil,Cooking Oil Model-960
PROD-01464,Footwear,Sandal,Sandal Model-415
PROD-01465,Electronics,Home Appliance,Home Appliance Model-312
PROD-01466,Beauty_Health,Supplements,Supplements Model-747
PROD-01467,Beauty_Health,Makeup,Makeup Model-756
PROD-01468,Electronics,Laptop,Laptop Model-528
PROD-01469,Grocery_FMCG,Cleaning Supplies,Cleaning Supplies Model-827
PROD-01470,Footwear,Sandal,Sandal Model-526
PROD-01471,Garments,Panjabi,Panjabi Model-806
PROD-01472,Books_Stationery,Notebook,Notebook Model-337
PROD-01473,Footwear,Sneaker,Sneaker Model-871
PROD-01474,Electronics,Power Bank,Power Bank Model-129
PROD-01475,Home_Living,Decor,Decor Model-706
PROD-01476,Garments,Saree,Saree Model-350
PROD-01477,Electronics,Home Appliance,Home Appliance Model-106
PROD-01478,Beauty_Health,Supplements,Supplements Model-274
PROD-01479,Grocery_FMCG,Cleaning Supplies,Cleaning Supplies Model-126
PROD-01480,Home_Living,Decor,Decor Model-257
PROD-01481,Home_Living,Furniture,Furniture Model-430
PROD-01482,Home_Living,Kitchenware,Kitchenware Model-188
PROD-01483,Footwear,Slipper,Slipper Model-398
PROD-01484,Electronics,Home Appliance,Home Appliance Model-357
PROD-01485,Garments,Panjabi,Panjabi Model-329
PROD-01486,Electronics,Power Bank,Power Bank Model-745
PROD-01487,Electronics,Smart Watch,Smart Watch Model-791
PROD-01488,Electronics,Smart Watch,Smart Watch Model-218
PROD-01489,Garments,Kids Wear,Kids Wear Model-246
PROD-01490,Grocery_FMCG,Rice,Rice Model-821
PROD-01491,Garments,Jeans,Jeans Model-386
PROD-01492,Electronics,Headphone,Headphone Model-807
PROD-01493,Grocery_FMCG,Beverages,Beverages Model-858
PROD-01494,Garments,Saree,Saree Model-175
PROD-01495,Grocery_FMCG,Cooking Oil,Cooking Oil Model-375
PROD-01496,Electronics,Smart Watch,Smart Watch Model-992
PROD-01497,Footwear,Slipper,Slipper Model-583
PROD-01498,Electronics,Feature Phone,Feature Phone Model-643
PROD-01499,Grocery_FMCG,Rice,Rice Model-154
PROD-01500,Garments,Panjabi,Panjabi Model-972
PROD-01501,Garments,Panjabi,Panjabi Model-558
PROD-01502,Garments,Kids Wear,Kids Wear Model-669
PROD-01503,Garments,Jeans,Jeans Model-268
PROD-01504,Books_Stationery,Story Book,Story Book Model-685
PROD-01505,Grocery_FMCG,Cleaning Supplies,Cleaning Supplies Model-562
PROD-01506,Beauty_Health,Supplements,Supplements Model-251
PROD-01507,Electronics,Smart Watch,Smart Watch Model-362
PROD-01508,Garments,Panjabi,Panjabi Model-498
PROD-01509,Grocery_FMCG,Snacks,Snacks Model-633
PROD-01510,Footwear,Sneaker,Sneaker Model-450
PROD-01511,Footwear,Sandal,Sandal Model-770
PROD-01512,Beauty_Health,Haircare,Haircare Model-838
PROD-01513,Grocery_FMCG,Beverages,Beverages Model-638
PROD-01514,Footwear,Sandal,Sandal Model-269
PROD-01515,Electronics,Smartphone,Smartphone Model-961
PROD-01516,Footwear,Sneaker,Sneaker Model-885
PROD-01517,Footwear,Slipper,Slipper Model-367
PROD-01518,Garments,Panjabi,Panjabi Model-266
PROD-01519,Electronics,Feature Phone,Feature Phone Model-714
PROD-01520,Grocery_FMCG,Personal Care,Personal Care Model-347
PROD-01521,Footwear,Sandal,Sandal Model-939
PROD-01522,Home_Living,Kitchenware,Kitchenware Model-944
PROD-01523,Footwear,Formal Shoe,Formal Shoe Model-300
PROD-01524,Footwear,Slipper,Slipper Model-466
PROD-01525,Garments,T-Shirt,T-Shirt Model-497
PROD-01526,Electronics,Laptop,Laptop Model-710
PROD-01527,Grocery_FMCG,Rice,Rice Model-464
PROD-01528,Home_Living,Kitchenware,Kitchenware Model-789
PROD-01529,Books_Stationery,Art Supplies,Art Supplies Model-459
PROD-01530,Garments,Panjabi,Panjabi Model-133
PROD-01531,Footwear,Sneaker,Sneaker Model-625
PROD-01532,Electronics,Home Appliance,Home Appliance Model-293
PROD-01533,Books_Stationery,Notebook,Notebook Model-565
PROD-01534,Books_Stationery,Art Supplies,Art Supplies Model-176
PROD-01535,Electronics,Headphone,Headphone Model-647
PROD-01536,Grocery_FMCG,Rice,Rice Model-587
PROD-01537,Electronics,Laptop,Laptop Model-375
PROD-01538,Home_Living,Bedding,Bedding Model-959
PROD-01539,Garments,Kurti,Kurti Model-600
PROD-01540,Beauty_Health,Haircare,Haircare Model-319
PROD-01541,Home_Living,Furniture,Furniture Model-410
PROD-01542,Footwear,Sandal,Sandal Model-591
PROD-01543,Electronics,Power Bank,Power Bank Model-205
PROD-01544,Home_Living,Decor,Decor Model-330
PROD-01545,Garments,T-Shirt,T-Shirt Model-821
PROD-01546,Electronics,Feature Phone,Feature Phone Model-498
PROD-01547,Electronics,Headphone,Headphone Model-893
PROD-01548,Footwear,Sneaker,Sneaker Model-216
PROD-01549,Electronics,Headphone,Headphone Model-821
PROD-01550,Home_Living,Decor,Decor Model-676
PROD-01551,Footwear,Slipper,Slipper Model-211
PROD-01552,Footwear,Sneaker,Sneaker Model-887
PROD-01553,Garments,Kurti,Kurti Model-239
PROD-01554,Electronics,Smart Watch,Smart Watch Model-691
PROD-01555,Books_Stationery,Story Book,Story Book Model-856
PROD-01556,Footwear,Sneaker,Sneaker Model-128
PROD-01557,Garments,Panjabi,Panjabi Model-825
PROD-01558,Garments,Kurti,Kurti Model-635
PROD-01559,Home_Living,Furniture,Furniture Model-861
PROD-01560,Grocery_FMCG,Cooking Oil,Cooking Oil Model-241
PROD-01561,Beauty_Health,Skincare,Skincare Model-737
PROD-01562,Garments,Kids Wear,Kids Wear Model-224
PROD-01563,Garments,Saree,Saree Model-562
PROD-01564,Footwear,Slipper,Slipper Model-405
PROD-01565,Grocery_FMCG,Beverages,Beverages Model-210
PROD-01566,Electronics,Smart Watch,Smart Watch Model-370
PROD-01567,Electronics,Headphone,Headphone Model-518
PROD-01568,Beauty_Health,Makeup,Makeup Model-483
PROD-01569,Electronics,Headphone,Headphone Model-464
PROD-01570,Electronics,Home Appliance,Home Appliance Model-930
PROD-01571,Grocery_FMCG,Rice,Rice Model-513
PROD-01572,Grocery_FMCG,Snacks,Snacks Model-759
PROD-01573,Footwear,Sandal,Sandal Model-383
PROD-01574,Electronics,Laptop,Laptop Model-661
PROD-01575,Books_Stationery,Office Supplies,Office Supplies Model-653
PROD-01576,Beauty_Health,Supplements,Supplements Model-891
PROD-01577,Garments,Kurti,Kurti Model-287
PROD-01578,Beauty_Health,Supplements,Supplements Model-358
PROD-01579,Beauty_Health,Haircare,Haircare Model-529
PROD-01580,Grocery_FMCG,Personal Care,Personal Care Model-290
PROD-01581,Grocery_FMCG,Personal Care,Personal Care Model-107
PROD-01582,Footwear,Formal Shoe,Formal Shoe Model-114
PROD-01583,Grocery_FMCG,Snacks,Snacks Model-928
PROD-01584,Grocery_FMCG,Snacks,Snacks Model-227
PROD-01585,Electronics,Laptop,Laptop Model-788
PROD-01586,Grocery_FMCG,Rice,Rice Model-402
PROD-01587,Footwear,Sneaker,Sneaker Model-572
PROD-01588,Electronics,Home Appliance,Home Appliance Model-124
PROD-01589,Garments,Kurti,Kurti Model-728
PROD-01590,Home_Living,Kitchenware,Kitchenware Model-503
PROD-01591,Books_Stationery,Notebook,Notebook Model-439
PROD-01592,Beauty_Health,Skincare,Skincare Model-198
PROD-01593,Grocery_FMCG,Personal Care,Personal Care Model-121
PROD-01594,Grocery_FMCG,Beverages,Beverages Model-929
PROD-01595,Books_Stationery,Art Supplies,Art Supplies Model-710
PROD-01596,Electronics,Smartphone,Smartphone Model-712
PROD-01597,Footwear,Formal Shoe,Formal Shoe Model-568
PROD-01598,Garments,Panjabi,Panjabi Model-575
PROD-01599,Beauty_Health,Haircare,Haircare Model-638
PROD-01600,Books_Stationery,Office Supplies,Office Supplies Model-806
PROD-01601,Garments,Panjabi,Panjabi Model-216
PROD-01602,Electronics,Headphone,Headphone Model-813
PROD-01603,Footwear,Sneaker,Sneaker Model-124
PROD-01604,Electronics,Headphone,Headphone Model-538
PROD-01605,Grocery_FMCG,Beverages,Beverages Model-305
PROD-01606,Electronics,Laptop,Laptop Model-687
PROD-01607,Beauty_Health,Makeup,Makeup Model-860
PROD-01608,Footwear,Sandal,Sandal Model-568
PROD-01609,Grocery_FMCG,Cooking Oil,Cooking Oil Model-385
PROD-01610,Garments,T-Shirt,T-Shirt Model-149
PROD-01611,Home_Living,Furniture,Furniture Model-611
PROD-01612,Garments,Panjabi,Panjabi Model-390
PROD-01613,Home_Living,Kitchenware,Kitchenware Model-912
PROD-01614,Grocery_FMCG,Rice,Rice Model-871
PROD-01615,Home_Living,Furniture,Furniture Model-354
PROD-01616,Electronics,Headphone,Headphone Model-846
PROD-01617,Footwear,Slipper,Slipper Model-618
PROD-01618,Home_Living,Decor,Decor Model-107
PROD-01619,Grocery_FMCG,Beverages,Beverages Model-520
PROD-01620,Electronics,Smartphone,Smartphone Model-150
PROD-01621,Electronics,Feature Phone,Feature Phone Model-383
PROD-01622,Footwear,Sneaker,Sneaker Model-751
PROD-01623,Garments,Kurti,Kurti Model-526
PROD-01624,Grocery_FMCG,Beverages,Beverages Model-772
PROD-01625,Electronics,Feature Phone,Feature Phone Model-946
PROD-01626,Footwear,Slipper,Slipper Model-933
PROD-01627,Grocery_FMCG,Snacks,Snacks Model-639
PROD-01628,Grocery_FMCG,Cooking Oil,Cooking Oil Model-341
PROD-01629,Home_Living,Furniture,Furniture Model-249
PROD-01630,Garments,Kurti,Kurti Model-451
PROD-01631,Electronics,Smartphone,Smartphone Model-569
PROD-01632,Garments,Saree,Saree Model-519
PROD-01633,Garments,Panjabi,Panjabi Model-769
PROD-01634,Garments,T-Shirt,T-Shirt Model-550
PROD-01635,Books_Stationery,Office Supplies,Office Supplies Model-502
PROD-01636,Electronics,Smartphone,Smartphone Model-131
PROD-01637,Electronics,Laptop,Laptop Model-150
PROD-01638,Garments,Saree,Saree Model-616
PROD-01639,Home_Living,Kitchenware,Kitchenware Model-540
PROD-01640,Electronics,Feature Phone,Feature Phone Model-881
PROD-01641,Garments,Panjabi,Panjabi Model-502
PROD-01642,Footwear,Slipper,Slipper Model-963
PROD-01643,Electronics,Home Appliance,Home Appliance Model-110
PROD-01644,Footwear,Sandal,Sandal Model-946
PROD-01645,Electronics,Smart Watch,Smart Watch Model-929
PROD-01646,Footwear,Formal Shoe,Formal Shoe Model-479
PROD-01647,Grocery_FMCG,Personal Care,Personal Care Model-916
PROD-01648,Electronics,Feature Phone,Feature Phone Model-693
PROD-01649,Electronics,Headphone,Headphone Model-135
PROD-01650,Garments,Jeans,Jeans Model-602
PROD-01651,Garments,Panjabi,Panjabi Model-181
PROD-01652,Garments,Kids Wear,Kids Wear Model-961
PROD-01653,Grocery_FMCG,Snacks,Snacks Model-240
PROD-01654,Garments,Jeans,Jeans Model-625
PROD-01655,Electronics,Power Bank,Power Bank Model-405
PROD-01656,Home_Living,Bedding,Bedding Model-886
PROD-01657,Garments,Jeans,Jeans Model-768
PROD-01658,Garments,Jeans,Jeans Model-842
PROD-01659,Electronics,Smart Watch,Smart Watch Model-246
PROD-01660,Garments,Panjabi,Panjabi Model-104
PROD-01661,Electronics,Laptop,Laptop Model-820
PROD-01662,Grocery_FMCG,Beverages,Beverages Model-600
PROD-01663,Garments,Saree,Saree Model-861
PROD-01664,Electronics,Smartphone,Smartphone Model-466
PROD-01665,Home_Living,Bedding,Bedding Model-653
PROD-01666,Beauty_Health,Haircare,Haircare Model-661
PROD-01667,Footwear,Sneaker,Sneaker Model-472
PROD-01668,Beauty_Health,Supplements,Supplements Model-568
PROD-01669,Electronics,Home Appliance,Home Appliance Model-107
PROD-01670,Grocery_FMCG,Snacks,Snacks Model-541
PROD-01671,Home_Living,Kitchenware,Kitchenware Model-653
PROD-01672,Footwear,Sneaker,Sneaker Model-653
PROD-01673,Electronics,Headphone,Headphone Model-770
PROD-01674,Garments,Kurti,Kurti Model-213
PROD-01675,Grocery_FMCG,Personal Care,Personal Care Model-520
PROD-01676,Grocery_FMCG,Cooking Oil,Cooking Oil Model-853
PROD-01677,Home_Living,Bedding,Bedding Model-150
PROD-01678,Grocery_FMCG,Rice,Rice Model-445
PROD-01679,Electronics,Laptop,Laptop Model-736
PROD-01680,Electronics,Power Bank,Power Bank Model-612
PROD-01681,Garments,Kids Wear,Kids Wear Model-754
PROD-01682,Beauty_Health,Supplements,Supplements Model-469
PROD-01683,Electronics,Feature Phone,Feature Phone Model-745
PROD-01684,Electronics,Home Appliance,Home Appliance Model-611
PROD-01685,Electronics,Home Appliance,Home Appliance Model-876
PROD-01686,Beauty_Health,Supplements,Supplements Model-944
PROD-01687,Grocery_FMCG,Cooking Oil,Cooking Oil Model-583
PROD-01688,Beauty_Health,Makeup,Makeup Model-943
PROD-01689,Garments,Panjabi,Panjabi Model-604
PROD-01690,Home_Living,Kitchenware,Kitchenware Model-440
PROD-01691,Electronics,Smart Watch,Smart Watch Model-558
PROD-01692,Electronics,Laptop,Laptop Model-535
PROD-01693,Beauty_Health,Skincare,Skincare Model-346
PROD-01694,Footwear,Sneaker,Sneaker Model-916
PROD-01695,Garments,Panjabi,Panjabi Model-419
PROD-01696,Grocery_FMCG,Snacks,Snacks Model-967
PROD-01697,Electronics,Home Appliance,Home Appliance Model-887
PROD-01698,Beauty_Health,Supplements,Supplements Model-355
PROD-01699,Grocery_FMCG,Cleaning Supplies,Cleaning Supplies Model-319
PROD-01700,Garments,Kids Wear,Kids Wear Model-866
PROD-01701,Beauty_Health,Skincare,Skincare Model-397
PROD-01702,Electronics,Home Appliance,Home Appliance Model-314
PROD-01703,Grocery_FMCG,Personal Care,Personal Care Model-104
PROD-01704,Beauty_Health,Supplements,Supplements Model-909
PROD-01705,Home_Living,Decor,Decor Model-795
PROD-01706,Grocery_FMCG,Rice,Rice Model-242
PROD-01707,Grocery_FMCG,Personal Care,Personal Care Model-533
PROD-01708,Footwear,Sneaker,Sneaker Model-599
PROD-01709,Books_Stationery,Story Book,Story Book Model-563
PROD-01710,Electronics,Power Bank,Power Bank Model-390
PROD-01711,Books_Stationery,Office Supplies,Office Supplies Model-930
PROD-01712,Beauty_Health,Skincare,Skincare Model-711
PROD-01713,Footwear,Sandal,Sandal Model-209
PROD-01714,Home_Living,Kitchenware,Kitchenware Model-121
PROD-01715,Books_Stationery,Office Supplies,Office Supplies Model-624
PROD-01716,Grocery_FMCG,Cleaning Supplies,Cleaning Supplies Model-825
PROD-01717,Footwear,Sneaker,Sneaker Model-822
PROD-01718,Home_Living,Decor,Decor Model-206
PROD-01719,Beauty_Health,Haircare,Haircare Model-243
PROD-01720,Home_Living,Furniture,Furniture Model-814
PROD-01721,Grocery_FMCG,Cooking Oil,Cooking Oil Model-744
PROD-01722,Books_Stationery,Story Book,Story Book Model-771
PROD-01723,Electronics,Headphone,Headphone Model-603
PROD-01724,Grocery_FMCG,Cleaning Supplies,Cleaning Supplies Model-229
PROD-01725,Footwear,Slipper,Slipper Model-282
PROD-01726,Electronics,Laptop,Laptop Model-701
PROD-01727,Footwear,Sandal,Sandal Model-573
PROD-01728,Grocery_FMCG,Rice,Rice Model-991
PROD-01729,Home_Living,Furniture,Furniture Model-343
PROD-01730,Electronics,Headphone,Headphone Model-686
PROD-01731,Electronics,Home Appliance,Home Appliance Model-570
PROD-01732,Home_Living,Bedding,Bedding Model-733
PROD-01733,Books_Stationery,Office Supplies,Office Supplies Model-674
PROD-01734,Home_Living,Bedding,Bedding Model-334
PROD-01735,Garments,Jeans,Jeans Model-621
PROD-01736,Footwear,Formal Shoe,Formal Shoe Model-534
PROD-01737,Grocery_FMCG,Cleaning Supplies,Cleaning Supplies Model-544
PROD-01738,Garments,T-Shirt,T-Shirt Model-975
PROD-01739,Grocery_FMCG,Rice,Rice Model-438
PROD-01740,Footwear,Formal Shoe,Formal Shoe Model-713
PROD-01741,Garments,Jeans,Jeans Model-262
PROD-01742,Grocery_FMCG,Rice,Rice Model-567
PROD-01743,Electronics,Laptop,Laptop Model-400
PROD-01744,Grocery_FMCG,Cooking Oil,Cooking Oil Model-656
PROD-01745,Garments,Kurti,Kurti Model-712
PROD-01746,Electronics,Feature Phone,Feature Phone Model-304
PROD-01747,Electronics,Smart Watch,Smart Watch Model-405
PROD-01748,Electronics,Smartphone,Smartphone Model-912
PROD-01749,Garments,Jeans,Jeans Model-501
PROD-01750,Home_Living,Decor,Decor Model-563
PROD-01751,Footwear,Sneaker,Sneaker Model-863
PROD-01752,Garments,Jeans,Jeans Model-774
PROD-01753,Grocery_FMCG,Personal Care,Personal Care Model-581
PROD-01754,Footwear,Sandal,Sandal Model-407
PROD-01755,Electronics,Power Bank,Power Bank Model-588
PROD-01756,Garments,Jeans,Jeans Model-135
PROD-01757,Electronics,Power Bank,Power Bank Model-818
PROD-01758,Garments,Jeans,Jeans Model-208
PROD-01759,Garments,Panjabi,Panjabi Model-742
PROD-01760,Garments,Kurti,Kurti Model-731
PROD-01761,Footwear,Formal Shoe,Formal Shoe Model-202
PROD-01762,Electronics,Home Appliance,Home Appliance Model-377
PROD-01763,Garments,Saree,Saree Model-851
PROD-01764,Electronics,Smart Watch,Smart Watch Model-247
PROD-01765,Grocery_FMCG,Cooking Oil,Cooking Oil Model-947
PROD-01766,Electronics,Headphone,Headphone Model-470
PROD-01767,Garments,T-Shirt,T-Shirt Model-799
PROD-01768,Garments,Saree,Saree Model-511
PROD-01769,Grocery_FMCG,Cooking Oil,Cooking Oil Model-799
PROD-01770,Grocery_FMCG,Beverages,Beverages Model-292
PROD-01771,Books_Stationery,Notebook,Notebook Model-782
PROD-01772,Home_Living,Decor,Decor Model-934
PROD-01773,Garments,Kurti,Kurti Model-113
PROD-01774,Garments,Jeans,Jeans Model-221
PROD-01775,Electronics,Laptop,Laptop Model-882
PROD-01776,Grocery_FMCG,Cooking Oil,Cooking Oil Model-122
PROD-01777,Home_Living,Furniture,Furniture Model-902
PROD-01778,Home_Living,Bedding,Bedding Model-891
PROD-01779,Books_Stationery,Notebook,Notebook Model-946
PROD-01780,Garments,Kids Wear,Kids Wear Model-529
PROD-01781,Electronics,Home Appliance,Home Appliance Model-316
PROD-01782,Beauty_Health,Makeup,Makeup Model-899
PROD-01783,Books_Stationery,Office Supplies,Office Supplies Model-105
PROD-01784,Garments,Kurti,Kurti Model-588
PROD-01785,Garments,T-Shirt,T-Shirt Model-447
PROD-01786,Electronics,Feature Phone,Feature Phone Model-821
PROD-01787,Electronics,Home Appliance,Home Appliance Model-861
PROD-01788,Home_Living,Furniture,Furniture Model-894
PROD-01789,Grocery_FMCG,Snacks,Snacks Model-295
PROD-01790,Home_Living,Kitchenware,Kitchenware Model-512
PROD-01791,Garments,Kids Wear,Kids Wear Model-902
PROD-01792,Electronics,Home Appliance,Home Appliance Model-811
PROD-01793,Grocery_FMCG,Rice,Rice Model-808
PROD-01794,Beauty_Health,Haircare,Haircare Model-449
PROD-01795,Garments,Jeans,Jeans Model-850
PROD-01796,Grocery_FMCG,Cleaning Supplies,Cleaning Supplies Model-711
PROD-01797,Garments,Kids Wear,Kids Wear Model-145
PROD-01798,Electronics,Smart Watch,Smart Watch Model-221
PROD-01799,Beauty_Health,Haircare,Haircare Model-261
PROD-01800,Beauty_Health,Supplements,Supplements Model-710
PROD-01801,Electronics,Home Appliance,Home Appliance Model-874
PROD-01802,Garments,Saree,Saree Model-515
PROD-01803,Grocery_FMCG,Rice,Rice Model-168
PROD-01804,Home_Living,Decor,Decor Model-834
PROD-01805,Garments,Kids Wear,Kids Wear Model-392
PROD-01806,Footwear,Formal Shoe,Formal Shoe Model-828
PROD-01807,Electronics,Smartphone,Smartphone Model-290
PROD-01808,Grocery_FMCG,Beverages,Beverages Model-111
PROD-01809,Electronics,Laptop,Laptop Model-969
PROD-01810,Garments,T-Shirt,T-Shirt Model-678
PROD-01811,Garments,Kids Wear,Kids Wear Model-543
PROD-01812,Beauty_Health,Makeup,Makeup Model-311
PROD-01813,Garments,Panjabi,Panjabi Model-916
PROD-01814,Garments,Jeans,Jeans Model-344
PROD-01815,Garments,Jeans,Jeans Model-897
PROD-01816,Grocery_FMCG,Cooking Oil,Cooking Oil Model-924
PROD-01817,Beauty_Health,Makeup,Makeup Model-795
PROD-01818,Grocery_FMCG,Snacks,Snacks Model-870
PROD-01819,Footwear,Sandal,Sandal Model-679
PROD-01820,Beauty_Health,Supplements,Supplements Model-400
PROD-01821,Beauty_Health,Skincare,Skincare Model-846
PROD-01822,Beauty_Health,Haircare,Haircare Model-999
PROD-01823,Garments,Kids Wear,Kids Wear Model-711
PROD-01824,Grocery_FMCG,Personal Care,Personal Care Model-598
PROD-01825,Garments,Jeans,Jeans Model-977
PROD-01826,Beauty_Health,Makeup,Makeup Model-552
PROD-01827,Beauty_Health,Supplements,Supplements Model-604
PROD-01828,Electronics,Feature Phone,Feature Phone Model-328
PROD-01829,Garments,Kids Wear,Kids Wear Model-665
PROD-01830,Grocery_FMCG,Rice,Rice Model-279
PROD-01831,Garments,Jeans,Jeans Model-143
PROD-01832,Footwear,Formal Shoe,Formal Shoe Model-842
PROD-01833,Electronics,Smart Watch,Smart Watch Model-464
PROD-01834,Grocery_FMCG,Beverages,Beverages Model-167
PROD-01835,Garments,T-Shirt,T-Shirt Model-138
PROD-01836,Grocery_FMCG,Beverages,Beverages Model-164
PROD-01837,Grocery_FMCG,Personal Care,Personal Care Model-851
PROD-01838,Electronics,Smart Watch,Smart Watch Model-977
PROD-01839,Garments,Saree,Saree Model-123
PROD-01840,Grocery_FMCG,Rice,Rice Model-950
PROD-01841,Garments,Saree,Saree Model-693
PROD-01842,Home_Living,Kitchenware,Kitchenware Model-989
PROD-01843,Beauty_Health,Makeup,Makeup Model-666
PROD-01844,Grocery_FMCG,Beverages,Beverages Model-799
PROD-01845,Home_Living,Decor,Decor Model-752
PROD-01846,Footwear,Sandal,Sandal Model-419
PROD-01847,Electronics,Smartphone,Smartphone Model-370
PROD-01848,Grocery_FMCG,Rice,Rice Model-964
PROD-01849,Garments,Kids Wear,Kids Wear Model-659
PROD-01850,Garments,Kids Wear,Kids Wear Model-991
PROD-01851,Garments,Kids Wear,Kids Wear Model-700
PROD-01852,Footwear,Sandal,Sandal Model-873
PROD-01853,Books_Stationery,Art Supplies,Art Supplies Model-318
PROD-01854,Garments,Panjabi,Panjabi Model-677
PROD-01855,Home_Living,Decor,Decor Model-630
PROD-01856,Home_Living,Bedding,Bedding Model-745
PROD-01857,Footwear,Formal Shoe,Formal Shoe Model-391
PROD-01858,Electronics,Home Appliance,Home Appliance Model-630
PROD-01859,Beauty_Health,Makeup,Makeup Model-529
PROD-01860,Beauty_Health,Haircare,Haircare Model-215
PROD-01861,Electronics,Headphone,Headphone Model-690
PROD-01862,Footwear,Sandal,Sandal Model-878
PROD-01863,Footwear,Slipper,Slipper Model-364
PROD-01864,Electronics,Home Appliance,Home Appliance Model-913
PROD-01865,Beauty_Health,Skincare,Skincare Model-157
PROD-01866,Footwear,Sneaker,Sneaker Model-933
PROD-01867,Footwear,Sneaker,Sneaker Model-328
PROD-01868,Electronics,Smartphone,Smartphone Model-488
PROD-01869,Electronics,Feature Phone,Feature Phone Model-599
PROD-01870,Garments,Kids Wear,Kids Wear Model-213
PROD-01871,Garments,Saree,Saree Model-156
PROD-01872,Grocery_FMCG,Beverages,Beverages Model-682
PROD-01873,Grocery_FMCG,Rice,Rice Model-863
PROD-01874,Garments,Saree,Saree Model-300
PROD-01875,Grocery_FMCG,Beverages,Beverages Model-129
PROD-01876,Garments,Kurti,Kurti Model-372
PROD-01877,Garments,Kids Wear,Kids Wear Model-254
PROD-01878,Electronics,Headphone,Headphone Model-639
PROD-01879,Beauty_Health,Supplements,Supplements Model-966
PROD-01880,Electronics,Smartphone,Smartphone Model-979
PROD-01881,Home_Living,Decor,Decor Model-792
PROD-01882,Beauty_Health,Skincare,Skincare Model-953
PROD-01883,Home_Living,Decor,Decor Model-519
PROD-01884,Electronics,Feature Phone,Feature Phone Model-854
PROD-01885,Garments,Panjabi,Panjabi Model-358
PROD-01886,Home_Living,Bedding,Bedding Model-563
PROD-01887,Footwear,Sneaker,Sneaker Model-502
PROD-01888,Books_Stationery,Story Book,Story Book Model-453
PROD-01889,Grocery_FMCG,Cleaning Supplies,Cleaning Supplies Model-588
PROD-01890,Electronics,Power Bank,Power Bank Model-188
PROD-01891,Electronics,Home Appliance,Home Appliance Model-612
PROD-01892,Beauty_Health,Makeup,Makeup Model-910
PROD-01893,Grocery_FMCG,Snacks,Snacks Model-243
PROD-01894,Garments,Kids Wear,Kids Wear Model-903
PROD-01895,Beauty_Health,Haircare,Haircare Model-662
PROD-01896,Home_Living,Decor,Decor Model-102
PROD-01897,Electronics,Power Bank,Power Bank Model-979
PROD-01898,Garments,Jeans,Jeans Model-271
PROD-01899,Electronics,Laptop,Laptop Model-307
PROD-01900,Electronics,Smart Watch,Smart Watch Model-989
PROD-01901,Garments,T-Shirt,T-Shirt Model-581
PROD-01902,Grocery_FMCG,Personal Care,Personal Care Model-711
PROD-01903,Home_Living,Bedding,Bedding Model-420
PROD-01904,Home_Living,Bedding,Bedding Model-760
PROD-01905,Electronics,Feature Phone,Feature Phone Model-763
PROD-01906,Electronics,Smart Watch,Smart Watch Model-201
PROD-01907,Home_Living,Kitchenware,Kitchenware Model-994
PROD-01908,Electronics,Laptop,Laptop Model-579
PROD-01909,Grocery_FMCG,Beverages,Beverages Model-169
PROD-01910,Grocery_FMCG,Personal Care,Personal Care Model-652
PROD-01911,Electronics,Laptop,Laptop Model-217
PROD-01912,Electronics,Home Appliance,Home Appliance Model-325
PROD-01913,Footwear,Sneaker,Sneaker Model-351
PROD-01914,Electronics,Power Bank,Power Bank Model-326
PROD-01915,Footwear,Sandal,Sandal Model-270
PROD-01916,Home_Living,Decor,Decor Model-251
PROD-01917,Garments,Jeans,Jeans Model-689
PROD-01918,Electronics,Smartphone,Smartphone Model-987
PROD-01919,Home_Living,Decor,Decor Model-835
PROD-01920,Electronics,Laptop,Laptop Model-401
PROD-01921,Garments,Panjabi,Panjabi Model-309
PROD-01922,Grocery_FMCG,Rice,Rice Model-498
PROD-01923,Electronics,Smartphone,Smartphone Model-768
PROD-01924,Electronics,Laptop,Laptop Model-371
PROD-01925,Footwear,Slipper,Slipper Model-231
PROD-01926,Grocery_FMCG,Cleaning Supplies,Cleaning Supplies Model-556
PROD-01927,Electronics,Laptop,Laptop Model-636
PROD-01928,Garments,Kurti,Kurti Model-967
PROD-01929,Electronics,Laptop,Laptop Model-507
PROD-01930,Grocery_FMCG,Rice,Rice Model-719
PROD-01931,Garments,T-Shirt,T-Shirt Model-370
PROD-01932,Electronics,Headphone,Headphone Model-298
PROD-01933,Home_Living,Bedding,Bedding Model-801
PROD-01934,Garments,T-Shirt,T-Shirt Model-515
PROD-01935,Electronics,Smartphone,Smartphone Model-575
PROD-01936,Garments,Kids Wear,Kids Wear Model-129
PROD-01937,Electronics,Power Bank,Power Bank Model-343
PROD-01938,Electronics,Headphone,Headphone Model-482
PROD-01939,Garments,Kids Wear,Kids Wear Model-293
PROD-01940,Grocery_FMCG,Cleaning Supplies,Cleaning Supplies Model-512
PROD-01941,Footwear,Sandal,Sandal Model-188
PROD-01942,Home_Living,Decor,Decor Model-669
PROD-01943,Garments,Kurti,Kurti Model-560
PROD-01944,Garments,Kurti,Kurti Model-325
PROD-01945,Electronics,Feature Phone,Feature Phone Model-312
PROD-01946,Grocery_FMCG,Personal Care,Personal Care Model-149
PROD-01947,Home_Living,Bedding,Bedding Model-730
PROD-01948,Garments,Panjabi,Panjabi Model-117
PROD-01949,Grocery_FMCG,Snacks,Snacks Model-991
PROD-01950,Garments,Saree,Saree Model-865
PROD-01951,Grocery_FMCG,Snacks,Snacks Model-369
PROD-01952,Electronics,Power Bank,Power Bank Model-433
PROD-01953,Grocery_FMCG,Beverages,Beverages Model-919
PROD-01954,Electronics,Home Appliance,Home Appliance Model-821
PROD-01955,Grocery_FMCG,Cleaning Supplies,Cleaning Supplies Model-925
PROD-01956,Grocery_FMCG,Cleaning Supplies,Cleaning Supplies Model-624
PROD-01957,Home_Living,Kitchenware,Kitchenware Model-981
PROD-01958,Grocery_FMCG,Cleaning Supplies,Cleaning Supplies Model-299
PROD-01959,Electronics,Headphone,Headphone Model-339
PROD-01960,Electronics,Home Appliance,Home Appliance Model-373
PROD-01961,Electronics,Smart Watch,Smart Watch Model-506
PROD-01962,Beauty_Health,Haircare,Haircare Model-442
PROD-01963,Beauty_Health,Makeup,Makeup Model-957
PROD-01964,Footwear,Sneaker,Sneaker Model-389
PROD-01965,Electronics,Laptop,Laptop Model-901
PROD-01966,Footwear,Formal Shoe,Formal Shoe Model-437
PROD-01967,Grocery_FMCG,Snacks,Snacks Model-121
PROD-01968,Grocery_FMCG,Rice,Rice Model-177
PROD-01969,Grocery_FMCG,Beverages,Beverages Model-738
PROD-01970,Garments,Panjabi,Panjabi Model-635
PROD-01971,Garments,Saree,Saree Model-323
PROD-01972,Grocery_FMCG,Personal Care,Personal Care Model-144
PROD-01973,Garments,T-Shirt,T-Shirt Model-103
PROD-01974,Books_Stationery,Art Supplies,Art Supplies Model-125
PROD-01975,Footwear,Slipper,Slipper Model-429
PROD-01976,Garments,Kids Wear,Kids Wear Model-528
PROD-01977,Garments,Panjabi,Panjabi Model-608
PROD-01978,Electronics,Headphone,Headphone Model-963
PROD-01979,Garments,Panjabi,Panjabi Model-139
PROD-01980,Grocery_FMCG,Personal Care,Personal Care Model-181
PROD-01981,Garments,Kurti,Kurti Model-884
PROD-01982,Grocery_FMCG,Cooking Oil,Cooking Oil Model-484
PROD-01983,Electronics,Smart Watch,Smart Watch Model-173
PROD-01984,Electronics,Feature Phone,Feature Phone Model-130
PROD-01985,Electronics,Home Appliance,Home Appliance Model-501
PROD-01986,Electronics,Laptop,Laptop Model-766
PROD-01987,Beauty_Health,Skincare,Skincare Model-669
PROD-01988,Footwear,Sandal,Sandal Model-879
PROD-01989,Garments,Panjabi,Panjabi Model-721
PROD-01990,Grocery_FMCG,Beverages,Beverages Model-878
PROD-01991,Footwear,Slipper,Slipper Model-822
PROD-01992,Home_Living,Furniture,Furniture Model-692
PROD-01993,Electronics,Smart Watch,Smart Watch Model-812
PROD-01994,Electronics,Power Bank,Power Bank Model-925
PROD-01995,Grocery_FMCG,Rice,Rice Model-710
PROD-01996,Footwear,Slipper,Slipper Model-904
PROD-01997,Electronics,Feature Phone,Feature Phone Model-873
PROD-01998,Beauty_Health,Skincare,Skincare Model-412
PROD-01999,Grocery_FMCG,Rice,Rice Model-691
PROD-02000,Grocery_FMCG,Personal Care,Personal Care Model-588
PROD-02001,Garments,Kurti,Kurti Model-634
PROD-02002,Home_Living,Kitchenware,Kitchenware Model-718
PROD-02003,Grocery_FMCG,Rice,Rice Model-329
PROD-02004,Electronics,Feature Phone,Feature Phone Model-999
PROD-02005,Footwear,Slipper,Slipper Model-807
PROD-02006,Grocery_FMCG,Cooking Oil,Cooking Oil Model-400
PROD-02007,Beauty_Health,Makeup,Makeup Model-361
PROD-02008,Garments,Kurti,Kurti Model-151
PROD-02009,Garments,Jeans,Jeans Model-909
PROD-02010,Electronics,Feature Phone,Feature Phone Model-982
PROD-02011,Grocery_FMCG,Beverages,Beverages Model-693
PROD-02012,Grocery_FMCG,Cooking Oil,Cooking Oil Model-438
PROD-02013,Footwear,Formal Shoe,Formal Shoe Model-991
PROD-02014,Grocery_FMCG,Beverages,Beverages Model-433
PROD-02015,Electronics,Power Bank,Power Bank Model-692
PROD-02016,Beauty_Health,Supplements,Supplements Model-137
PROD-02017,Electronics,Headphone,Headphone Model-608
PROD-02018,Footwear,Sneaker,Sneaker Model-180
PROD-02019,Garments,T-Shirt,T-Shirt Model-760
PROD-02020,Footwear,Formal Shoe,Formal Shoe Model-550
PROD-02021,Books_Stationery,Art Supplies,Art Supplies Model-475
PROD-02022,Garments,Jeans,Jeans Model-784
PROD-02023,Garments,Kids Wear,Kids Wear Model-982
PROD-02024,Electronics,Home Appliance,Home Appliance Model-549
PROD-02025,Electronics,Laptop,Laptop Model-481
PROD-02026,Electronics,Home Appliance,Home Appliance Model-756
PROD-02027,Garments,T-Shirt,T-Shirt Model-198
PROD-02028,Electronics,Headphone,Headphone Model-926
PROD-02029,Electronics,Headphone,Headphone Model-816
PROD-02030,Garments,Jeans,Jeans Model-459
PROD-02031,Garments,T-Shirt,T-Shirt Model-888
PROD-02032,Electronics,Feature Phone,Feature Phone Model-626
PROD-02033,Footwear,Sandal,Sandal Model-223
PROD-02034,Beauty_Health,Skincare,Skincare Model-193
PROD-02035,Footwear,Sandal,Sandal Model-135
PROD-02036,Electronics,Smart Watch,Smart Watch Model-429
PROD-02037,Home_Living,Kitchenware,Kitchenware Model-951
PROD-02038,Electronics,Smartphone,Smartphone Model-109
PROD-02039,Electronics,Laptop,Laptop Model-478
PROD-02040,Garments,Saree,Saree Model-401
PROD-02041,Electronics,Feature Phone,Feature Phone Model-393
PROD-02042,Home_Living,Furniture,Furniture Model-528
PROD-02043,Garments,Saree,Saree Model-203
PROD-02044,Grocery_FMCG,Snacks,Snacks Model-566
PROD-02045,Garments,T-Shirt,T-Shirt Model-320
PROD-02046,Footwear,Slipper,Slipper Model-234
PROD-02047,Home_Living,Bedding,Bedding Model-472
PROD-02048,Beauty_Health,Supplements,Supplements Model-512
PROD-02049,Grocery_FMCG,Personal Care,Personal Care Model-525
PROD-02050,Grocery_FMCG,Snacks,Snacks Model-844
PROD-02051,Electronics,Headphone,Headphone Model-336
PROD-02052,Grocery_FMCG,Beverages,Beverages Model-491
PROD-02053,Grocery_FMCG,Personal Care,Personal Care Model-708
PROD-02054,Home_Living,Decor,Decor Model-544
PROD-02055,Grocery_FMCG,Beverages,Beverages Model-913
PROD-02056,Home_Living,Furniture,Furniture Model-375
PROD-02057,Grocery_FMCG,Beverages,Beverages Model-354
PROD-02058,Electronics,Smartphone,Smartphone Model-383
PROD-02059,Garments,Panjabi,Panjabi Model-368
PROD-02060,Home_Living,Kitchenware,Kitchenware Model-319
PROD-02061,Electronics,Power Bank,Power Bank Model-493
PROD-02062,Footwear,Formal Shoe,Formal Shoe Model-388
PROD-02063,Footwear,Formal Shoe,Formal Shoe Model-489
PROD-02064,Home_Living,Kitchenware,Kitchenware Model-657
PROD-02065,Footwear,Formal Shoe,Formal Shoe Model-847
PROD-02066,Grocery_FMCG,Rice,Rice Model-531
PROD-02067,Electronics,Feature Phone,Feature Phone Model-929
PROD-02068,Home_Living,Decor,Decor Model-174
PROD-02069,Electronics,Smartphone,Smartphone Model-199
PROD-02070,Footwear,Slipper,Slipper Model-225
PROD-02071,Garments,Panjabi,Panjabi Model-805
PROD-02072,Footwear,Slipper,Slipper Model-612
PROD-02073,Grocery_FMCG,Rice,Rice Model-262
PROD-02074,Garments,T-Shirt,T-Shirt Model-408
PROD-02075,Grocery_FMCG,Cleaning Supplies,Cleaning Supplies Model-826
PROD-02076,Footwear,Sneaker,Sneaker Model-639
PROD-02077,Grocery_FMCG,Personal Care,Personal Care Model-623
PROD-02078,Electronics,Laptop,Laptop Model-312
PROD-02079,Garments,Panjabi,Panjabi Model-799
PROD-02080,Beauty_Health,Haircare,Haircare Model-147
PROD-02081,Home_Living,Kitchenware,Kitchenware Model-631
PROD-02082,Grocery_FMCG,Cleaning Supplies,Cleaning Supplies Model-389
PROD-02083,Garments,T-Shirt,T-Shirt Model-177
PROD-02084,Electronics,Headphone,Headphone Model-651
PROD-02085,Grocery_FMCG,Personal Care,Personal Care Model-909
PROD-02086,Garments,Kids Wear,Kids Wear Model-820
PROD-02087,Footwear,Slipper,Slipper Model-875
PROD-02088,Grocery_FMCG,Snacks,Snacks Model-882
PROD-02089,Grocery_FMCG,Cooking Oil,Cooking Oil Model-856
PROD-02090,Electronics,Home Appliance,Home Appliance Model-198
PROD-02091,Beauty_Health,Supplements,Supplements Model-723
PROD-02092,Beauty_Health,Supplements,Supplements Model-650
PROD-02093,Grocery_FMCG,Personal Care,Personal Care Model-217
PROD-02094,Home_Living,Kitchenware,Kitchenware Model-168
PROD-02095,Electronics,Feature Phone,Feature Phone Model-699
PROD-02096,Electronics,Smartphone,Smartphone Model-151
PROD-02097,Garments,Kurti,Kurti Model-501
PROD-02098,Home_Living,Furniture,Furniture Model-613
PROD-02099,Garments,Panjabi,Panjabi Model-481
PROD-02100,Grocery_FMCG,Cleaning Supplies,Cleaning Supplies Model-677
PROD-02101,Beauty_Health,Makeup,Makeup Model-920
PROD-02102,Grocery_FMCG,Cooking Oil,Cooking Oil Model-764
PROD-02103,Garments,T-Shirt,T-Shirt Model-819
PROD-02104,Garments,Kurti,Kurti Model-541
PROD-02105,Electronics,Laptop,Laptop Model-802
PROD-02106,Grocery_FMCG,Rice,Rice Model-657
PROD-02107,Garments,T-Shirt,T-Shirt Model-624
PROD-02108,Beauty_Health,Haircare,Haircare Model-226
PROD-02109,Beauty_Health,Makeup,Makeup Model-492
PROD-02110,Footwear,Sneaker,Sneaker Model-247
PROD-02111,Electronics,Feature Phone,Feature Phone Model-222
PROD-02112,Grocery_FMCG,Personal Care,Personal Care Model-381
PROD-02113,Footwear,Slipper,Slipper Model-276
PROD-02114,Electronics,Laptop,Laptop Model-616
PROD-02115,Beauty_Health,Supplements,Supplements Model-575
PROD-02116,Electronics,Laptop,Laptop Model-569
PROD-02117,Home_Living,Furniture,Furniture Model-566
PROD-02118,Books_Stationery,Notebook,Notebook Model-505
PROD-02119,Grocery_FMCG,Snacks,Snacks Model-865
PROD-02120,Beauty_Health,Haircare,Haircare Model-340
PROD-02121,Garments,Kurti,Kurti Model-570
PROD-02122,Grocery_FMCG,Rice,Rice Model-134
PROD-02123,Beauty_Health,Makeup,Makeup Model-481
PROD-02124,Electronics,Home Appliance,Home Appliance Model-763
PROD-02125,Grocery_FMCG,Beverages,Beverages Model-670
PROD-02126,Books_Stationery,Story Book,Story Book Model-938
PROD-02127,Footwear,Formal Shoe,Formal Shoe Model-251
PROD-02128,Beauty_Health,Haircare,Haircare Model-366
PROD-02129,Electronics,Smart Watch,Smart Watch Model-435
PROD-02130,Home_Living,Kitchenware,Kitchenware Model-699
PROD-02131,Home_Living,Kitchenware,Kitchenware Model-506
PROD-02132,Footwear,Slipper,Slipper Model-550
PROD-02133,Home_Living,Decor,Decor Model-543
PROD-02134,Home_Living,Kitchenware,Kitchenware Model-601
PROD-02135,Garments,Saree,Saree Model-919
PROD-02136,Books_Stationery,Art Supplies,Art Supplies Model-323
PROD-02137,Beauty_Health,Supplements,Supplements Model-657
PROD-02138,Home_Living,Bedding,Bedding Model-425
PROD-02139,Electronics,Feature Phone,Feature Phone Model-336
PROD-02140,Electronics,Home Appliance,Home Appliance Model-307
PROD-02141,Beauty_Health,Skincare,Skincare Model-767
PROD-02142,Garments,Kurti,Kurti Model-700
PROD-02143,Grocery_FMCG,Snacks,Snacks Model-286
PROD-02144,Grocery_FMCG,Snacks,Snacks Model-793
PROD-02145,Garments,Jeans,Jeans Model-905
PROD-02146,Grocery_FMCG,Snacks,Snacks Model-365
PROD-02147,Grocery_FMCG,Cleaning Supplies,Cleaning Supplies Model-300
PROD-02148,Garments,Saree,Saree Model-216
PROD-02149,Grocery_FMCG,Cleaning Supplies,Cleaning Supplies Model-593
PROD-02150,Books_Stationery,Art Supplies,Art Supplies Model-680
PROD-02151,Electronics,Laptop,Laptop Model-651
PROD-02152,Footwear,Formal Shoe,Formal Shoe Model-125
PROD-02153,Beauty_Health,Makeup,Makeup Model-918
PROD-02154,Electronics,Laptop,Laptop Model-933
PROD-02155,Electronics,Headphone,Headphone Model-192
PROD-02156,Beauty_Health,Makeup,Makeup Model-219
PROD-02157,Beauty_Health,Makeup,Makeup Model-659
PROD-02158,Footwear,Formal Shoe,Formal Shoe Model-848
PROD-02159,Beauty_Health,Makeup,Makeup Model-231
PROD-02160,Garments,Kurti,Kurti Model-687
PROD-02161,Electronics,Feature Phone,Feature Phone Model-191
PROD-02162,Garments,Jeans,Jeans Model-511
PROD-02163,Garments,Jeans,Jeans Model-882
PROD-02164,Garments,Kurti,Kurti Model-532
PROD-02165,Garments,Jeans,Jeans Model-686
PROD-02166,Electronics,Smartphone,Smartphone Model-185
PROD-02167,Home_Living,Furniture,Furniture Model-270
PROD-02168,Footwear,Sandal,Sandal Model-610
PROD-02169,Garments,Jeans,Jeans Model-823
PROD-02170,Footwear,Sneaker,Sneaker Model-918
PROD-02171,Garments,Kurti,Kurti Model-465
PROD-02172,Beauty_Health,Haircare,Haircare Model-273
PROD-02173,Beauty_Health,Skincare,Skincare Model-123
PROD-02174,Beauty_Health,Skincare,Skincare Model-265
PROD-02175,Electronics,Headphone,Headphone Model-520
PROD-02176,Electronics,Smartphone,Smartphone Model-425
PROD-02177,Garments,Saree,Saree Model-217
PROD-02178,Footwear,Sandal,Sandal Model-673
PROD-02179,Footwear,Formal Shoe,Formal Shoe Model-469
PROD-02180,Home_Living,Bedding,Bedding Model-735
PROD-02181,Grocery_FMCG,Rice,Rice Model-786
PROD-02182,Grocery_FMCG,Cleaning Supplies,Cleaning Supplies Model-412
PROD-02183,Home_Living,Kitchenware,Kitchenware Model-615
PROD-02184,Garments,Panjabi,Panjabi Model-638
PROD-02185,Beauty_Health,Supplements,Supplements Model-793
PROD-02186,Beauty_Health,Haircare,Haircare Model-806
PROD-02187,Grocery_FMCG,Snacks,Snacks Model-401
PROD-02188,Electronics,Smartphone,Smartphone Model-812
PROD-02189,Books_Stationery,Story Book,Story Book Model-160
PROD-02190,Footwear,Formal Shoe,Formal Shoe Model-825
PROD-02191,Garments,Kids Wear,Kids Wear Model-311
PROD-02192,Footwear,Slipper,Slipper Model-499
PROD-02193,Footwear,Sandal,Sandal Model-343
PROD-02194,Garments,Saree,Saree Model-394
PROD-02195,Electronics,Smart Watch,Smart Watch Model-954
PROD-02196,Beauty_Health,Makeup,Makeup Model-497
PROD-02197,Garments,Saree,Saree Model-290
PROD-02198,Garments,Kurti,Kurti Model-309
PROD-02199,Footwear,Slipper,Slipper Model-576
PROD-02200,Grocery_FMCG,Cooking Oil,Cooking Oil Model-244
PROD-02201,Beauty_Health,Makeup,Makeup Model-203
PROD-02202,Garments,T-Shirt,T-Shirt Model-395
PROD-02203,Electronics,Laptop,Laptop Model-285
PROD-02204,Garments,T-Shirt,T-Shirt Model-667
PROD-02205,Garments,Panjabi,Panjabi Model-639
PROD-02206,Home_Living,Furniture,Furniture Model-325
PROD-02207,Garments,Panjabi,Panjabi Model-366
PROD-02208,Home_Living,Furniture,Furniture Model-139
PROD-02209,Garments,T-Shirt,T-Shirt Model-194
PROD-02210,Beauty_Health,Skincare,Skincare Model-746
PROD-02211,Footwear,Sneaker,Sneaker Model-689
PROD-02212,Garments,Jeans,Jeans Model-454
PROD-02213,Beauty_Health,Haircare,Haircare Model-635
PROD-02214,Books_Stationery,Office Supplies,Office Supplies Model-270
PROD-02215,Garments,Panjabi,Panjabi Model-518
PROD-02216,Home_Living,Bedding,Bedding Model-645
PROD-02217,Home_Living,Furniture,Furniture Model-515
PROD-02218,Footwear,Slipper,Slipper Model-160
PROD-02219,Electronics,Home Appliance,Home Appliance Model-251
PROD-02220,Electronics,Power Bank,Power Bank Model-476
PROD-02221,Electronics,Feature Phone,Feature Phone Model-563
PROD-02222,Electronics,Headphone,Headphone Model-874
PROD-02223,Books_Stationery,Notebook,Notebook Model-918
PROD-02224,Grocery_FMCG,Cooking Oil,Cooking Oil Model-226
PROD-02225,Electronics,Smartphone,Smartphone Model-926
PROD-02226,Footwear,Slipper,Slipper Model-606
PROD-02227,Electronics,Power Bank,Power Bank Model-257
PROD-02228,Home_Living,Bedding,Bedding Model-667
PROD-02229,Home_Living,Decor,Decor Model-732
PROD-02230,Home_Living,Decor,Decor Model-987
PROD-02231,Books_Stationery,Story Book,Story Book Model-513
PROD-02232,Grocery_FMCG,Cooking Oil,Cooking Oil Model-758
PROD-02233,Electronics,Headphone,Headphone Model-914
PROD-02234,Garments,Jeans,Jeans Model-775
PROD-02235,Garments,Jeans,Jeans Model-286
PROD-02236,Garments,Jeans,Jeans Model-630
PROD-02237,Footwear,Slipper,Slipper Model-623
PROD-02238,Electronics,Home Appliance,Home Appliance Model-535
PROD-02239,Footwear,Slipper,Slipper Model-490
PROD-02240,Grocery_FMCG,Cleaning Supplies,Cleaning Supplies Model-770
PROD-02241,Electronics,Headphone,Headphone Model-929
PROD-02242,Grocery_FMCG,Cleaning Supplies,Cleaning Supplies Model-912
PROD-02243,Footwear,Sandal,Sandal Model-215
PROD-02244,Garments,Panjabi,Panjabi Model-627
PROD-02245,Footwear,Slipper,Slipper Model-908
PROD-02246,Grocery_FMCG,Cooking Oil,Cooking Oil Model-223
PROD-02247,Beauty_Health,Makeup,Makeup Model-783
PROD-02248,Electronics,Feature Phone,Feature Phone Model-116
PROD-02249,Footwear,Formal Shoe,Formal Shoe Model-427
PROD-02250,Footwear,Sneaker,Sneaker Model-194
PROD-02251,Grocery_FMCG,Rice,Rice Model-887
PROD-02252,Grocery_FMCG,Rice,Rice Model-326
PROD-02253,Grocery_FMCG,Cleaning Supplies,Cleaning Supplies Model-484
PROD-02254,Footwear,Formal Shoe,Formal Shoe Model-873
PROD-02255,Home_Living,Furniture,Furniture Model-970
PROD-02256,Garments,Kurti,Kurti Model-426
PROD-02257,Footwear,Sneaker,Sneaker Model-666
PROD-02258,Footwear,Formal Shoe,Formal Shoe Model-930
PROD-02259,Electronics,Smart Watch,Smart Watch Model-856
PROD-02260,Beauty_Health,Skincare,Skincare Model-207
PROD-02261,Books_Stationery,Story Book,Story Book Model-310
PROD-02262,Electronics,Home Appliance,Home Appliance Model-183
PROD-02263,Grocery_FMCG,Rice,Rice Model-798
PROD-02264,Beauty_Health,Haircare,Haircare Model-593
PROD-02265,Grocery_FMCG,Cleaning Supplies,Cleaning Supplies Model-891
PROD-02266,Books_Stationery,Notebook,Notebook Model-986
PROD-02267,Garments,Jeans,Jeans Model-505
PROD-02268,Footwear,Sandal,Sandal Model-663
PROD-02269,Grocery_FMCG,Cooking Oil,Cooking Oil Model-500
PROD-02270,Grocery_FMCG,Cleaning Supplies,Cleaning Supplies Model-612
PROD-02271,Garments,Saree,Saree Model-686
PROD-02272,Beauty_Health,Haircare,Haircare Model-296
PROD-02273,Footwear,Formal Shoe,Formal Shoe Model-600
PROD-02274,Home_Living,Kitchenware,Kitchenware Model-174
PROD-02275,Books_Stationery,Art Supplies,Art Supplies Model-986
PROD-02276,Electronics,Feature Phone,Feature Phone Model-924
PROD-02277,Electronics,Headphone,Headphone Model-806
PROD-02278,Garments,T-Shirt,T-Shirt Model-293
PROD-02279,Electronics,Power Bank,Power Bank Model-582
PROD-02280,Electronics,Laptop,Laptop Model-337
PROD-02281,Grocery_FMCG,Beverages,Beverages Model-950
PROD-02282,Footwear,Formal Shoe,Formal Shoe Model-490
PROD-02283,Electronics,Headphone,Headphone Model-355
PROD-02284,Books_Stationery,Notebook,Notebook Model-714
PROD-02285,Grocery_FMCG,Personal Care,Personal Care Model-747
PROD-02286,Garments,Kids Wear,Kids Wear Model-218
PROD-02287,Electronics,Smartphone,Smartphone Model-803
PROD-02288,Electronics,Feature Phone,Feature Phone Model-691
PROD-02289,Grocery_FMCG,Rice,Rice Model-332
PROD-02290,Garments,Jeans,Jeans Model-663
PROD-02291,Grocery_FMCG,Personal Care,Personal Care Model-878
PROD-02292,Grocery_FMCG,Cleaning Supplies,Cleaning Supplies Model-373
PROD-02293,Electronics,Home Appliance,Home Appliance Model-632
PROD-02294,Garments,Saree,Saree Model-180
PROD-02295,Home_Living,Furniture,Furniture Model-839
PROD-02296,Beauty_Health,Skincare,Skincare Model-842
PROD-02297,Garments,T-Shirt,T-Shirt Model-324
PROD-02298,Garments,T-Shirt,T-Shirt Model-753
PROD-02299,Beauty_Health,Supplements,Supplements Model-161
PROD-02300,Garments,Saree,Saree Model-868
PROD-02301,Grocery_FMCG,Personal Care,Personal Care Model-697
PROD-02302,Grocery_FMCG,Cleaning Supplies,Cleaning Supplies Model-850
PROD-02303,Garments,Jeans,Jeans Model-352
PROD-02304,Electronics,Smart Watch,Smart Watch Model-688
PROD-02305,Grocery_FMCG,Personal Care,Personal Care Model-791
PROD-02306,Electronics,Laptop,Laptop Model-212
PROD-02307,Beauty_Health,Skincare,Skincare Model-426
PROD-02308,Electronics,Headphone,Headphone Model-631
PROD-02309,Garments,Kurti,Kurti Model-631
PROD-02310,Books_Stationery,Story Book,Story Book Model-602
PROD-02311,Grocery_FMCG,Snacks,Snacks Model-179
PROD-02312,Footwear,Formal Shoe,Formal Shoe Model-784
PROD-02313,Footwear,Sandal,Sandal Model-428
PROD-02314,Books_Stationery,Notebook,Notebook Model-681
PROD-02315,Footwear,Sneaker,Sneaker Model-235
PROD-02316,Beauty_Health,Haircare,Haircare Model-115
PROD-02317,Garments,Saree,Saree Model-329
PROD-02318,Grocery_FMCG,Cleaning Supplies,Cleaning Supplies Model-654
PROD-02319,Garments,Jeans,Jeans Model-755
PROD-02320,Electronics,Feature Phone,Feature Phone Model-483
PROD-02321,Grocery_FMCG,Cleaning Supplies,Cleaning Supplies Model-252
PROD-02322,Footwear,Slipper,Slipper Model-703
PROD-02323,Grocery_FMCG,Rice,Rice Model-731
PROD-02324,Home_Living,Bedding,Bedding Model-413
PROD-02325,Footwear,Slipper,Slipper Model-338
PROD-02326,Books_Stationery,Art Supplies,Art Supplies Model-442
PROD-02327,Garments,T-Shirt,T-Shirt Model-432
PROD-02328,Garments,Jeans,Jeans Model-253
PROD-02329,Electronics,Feature Phone,Feature Phone Model-497
PROD-02330,Home_Living,Kitchenware,Kitchenware Model-574
PROD-02331,Home_Living,Bedding,Bedding Model-453
PROD-02332,Electronics,Feature Phone,Feature Phone Model-176
PROD-02333,Garments,Kids Wear,Kids Wear Model-397
PROD-02334,Garments,Jeans,Jeans Model-452
PROD-02335,Electronics,Home Appliance,Home Appliance Model-654
PROD-02336,Beauty_Health,Makeup,Makeup Model-401
PROD-02337,Electronics,Headphone,Headphone Model-771
PROD-02338,Garments,Saree,Saree Model-999
PROD-02339,Home_Living,Kitchenware,Kitchenware Model-335
PROD-02340,Electronics,Smart Watch,Smart Watch Model-185
PROD-02341,Garments,Saree,Saree Model-950
PROD-02342,Garments,Saree,Saree Model-262
PROD-02343,Footwear,Slipper,Slipper Model-610
PROD-02344,Beauty_Health,Supplements,Supplements Model-653
PROD-02345,Home_Living,Decor,Decor Model-381
PROD-02346,Garments,T-Shirt,T-Shirt Model-115
PROD-02347,Books_Stationery,Story Book,Story Book Model-978
PROD-02348,Beauty_Health,Haircare,Haircare Model-807
PROD-02349,Home_Living,Decor,Decor Model-278
PROD-02350,Beauty_Health,Haircare,Haircare Model-990
PROD-02351,Garments,Kurti,Kurti Model-842
PROD-02352,Beauty_Health,Supplements,Supplements Model-387
PROD-02353,Beauty_Health,Haircare,Haircare Model-732
PROD-02354,Garments,Saree,Saree Model-915
PROD-02355,Grocery_FMCG,Personal Care,Personal Care Model-197
PROD-02356,Home_Living,Bedding,Bedding Model-558
PROD-02357,Grocery_FMCG,Personal Care,Personal Care Model-617
PROD-02358,Electronics,Home Appliance,Home Appliance Model-583
PROD-02359,Grocery_FMCG,Cooking Oil,Cooking Oil Model-193
PROD-02360,Books_Stationery,Art Supplies,Art Supplies Model-832
PROD-02361,Grocery_FMCG,Snacks,Snacks Model-798
PROD-02362,Garments,Jeans,Jeans Model-180
PROD-02363,Home_Living,Kitchenware,Kitchenware Model-125
PROD-02364,Electronics,Headphone,Headphone Model-354
PROD-02365,Footwear,Sneaker,Sneaker Model-457
PROD-02366,Grocery_FMCG,Personal Care,Personal Care Model-487
PROD-02367,Garments,T-Shirt,T-Shirt Model-207
PROD-02368,Beauty_Health,Makeup,Makeup Model-121
PROD-02369,Beauty_Health,Supplements,Supplements Model-320
PROD-02370,Grocery_FMCG,Beverages,Beverages Model-457
PROD-02371,Footwear,Sneaker,Sneaker Model-271
PROD-02372,Electronics,Smartphone,Smartphone Model-886
PROD-02373,Electronics,Laptop,Laptop Model-381
PROD-02374,Beauty_Health,Makeup,Makeup Model-197
PROD-02375,Beauty_Health,Haircare,Haircare Model-480
PROD-02376,Electronics,Headphone,Headphone Model-659
PROD-02377,Grocery_FMCG,Cleaning Supplies,Cleaning Supplies Model-248
PROD-02378,Beauty_Health,Supplements,Supplements Model-609
PROD-02379,Garments,T-Shirt,T-Shirt Model-709
PROD-02380,Footwear,Sandal,Sandal Model-976
PROD-02381,Grocery_FMCG,Cleaning Supplies,Cleaning Supplies Model-961
PROD-02382,Home_Living,Kitchenware,Kitchenware Model-646
PROD-02383,Garments,Panjabi,Panjabi Model-382
PROD-02384,Beauty_Health,Makeup,Makeup Model-414
PROD-02385,Electronics,Laptop,Laptop Model-396
PROD-02386,Electronics,Feature Phone,Feature Phone Model-119
PROD-02387,Electronics,Power Bank,Power Bank Model-892
PROD-02388,Garments,Panjabi,Panjabi Model-248
PROD-02389,Garments,Saree,Saree Model-599
PROD-02390,Garments,Panjabi,Panjabi Model-870
PROD-02391,Electronics,Smartphone,Smartphone Model-677
PROD-02392,Electronics,Power Bank,Power Bank Model-813
PROD-02393,Electronics,Home Appliance,Home Appliance Model-981
PROD-02394,Electronics,Smartphone,Smartphone Model-841
PROD-02395,Electronics,Laptop,Laptop Model-985
PROD-02396,Garments,Kurti,Kurti Model-362
PROD-02397,Grocery_FMCG,Rice,Rice Model-549
PROD-02398,Grocery_FMCG,Beverages,Beverages Model-557
PROD-02399,Garments,T-Shirt,T-Shirt Model-310
PROD-02400,Electronics,Smartphone,Smartphone Model-170
PROD-02401,Garments,Saree,Saree Model-477
PROD-02402,Garments,Panjabi,Panjabi Model-460
PROD-02403,Footwear,Formal Shoe,Formal Shoe Model-578
PROD-02404,Beauty_Health,Supplements,Supplements Model-986
PROD-02405,Electronics,Feature Phone,Feature Phone Model-834
PROD-02406,Grocery_FMCG,Personal Care,Personal Care Model-138
PROD-02407,Footwear,Slipper,Slipper Model-496
PROD-02408,Electronics,Smartphone,Smartphone Model-853
PROD-02409,Grocery_FMCG,Personal Care,Personal Care Model-378
PROD-02410,Electronics,Headphone,Headphone Model-910
PROD-02411,Grocery_FMCG,Rice,Rice Model-619
PROD-02412,Home_Living,Bedding,Bedding Model-360
PROD-02413,Home_Living,Kitchenware,Kitchenware Model-358
PROD-02414,Footwear,Formal Shoe,Formal Shoe Model-502
PROD-02415,Garments,Saree,Saree Model-749
PROD-02416,Electronics,Smart Watch,Smart Watch Model-314
PROD-02417,Footwear,Slipper,Slipper Model-674
PROD-02418,Books_Stationery,Story Book,Story Book Model-330
PROD-02419,Electronics,Smartphone,Smartphone Model-790
PROD-02420,Beauty_Health,Skincare,Skincare Model-380
PROD-02421,Grocery_FMCG,Snacks,Snacks Model-438
PROD-02422,Garments,Saree,Saree Model-692
PROD-02423,Footwear,Formal Shoe,Formal Shoe Model-936
PROD-02424,Footwear,Sandal,Sandal Model-971
PROD-02425,Electronics,Power Bank,Power Bank Model-732
PROD-02426,Home_Living,Bedding,Bedding Model-119
PROD-02427,Garments,Jeans,Jeans Model-766
PROD-02428,Electronics,Smart Watch,Smart Watch Model-369
PROD-02429,Books_Stationery,Story Book,Story Book Model-887
PROD-02430,Home_Living,Kitchenware,Kitchenware Model-332
PROD-02431,Electronics,Home Appliance,Home Appliance Model-182
PROD-02432,Electronics,Smartphone,Smartphone Model-135
PROD-02433,Books_Stationery,Office Supplies,Office Supplies Model-738
PROD-02434,Garments,Kurti,Kurti Model-953
PROD-02435,Books_Stationery,Notebook,Notebook Model-306
PROD-02436,Electronics,Smartphone,Smartphone Model-103
PROD-02437,Books_Stationery,Art Supplies,Art Supplies Model-364
PROD-02438,Garments,Kids Wear,Kids Wear Model-211
PROD-02439,Footwear,Slipper,Slipper Model-131
PROD-02440,Home_Living,Bedding,Bedding Model-874
PROD-02441,Grocery_FMCG,Rice,Rice Model-663
PROD-02442,Grocery_FMCG,Snacks,Snacks Model-587
PROD-02443,Electronics,Feature Phone,Feature Phone Model-424
PROD-02444,Beauty_Health,Skincare,Skincare Model-407
PROD-02445,Footwear,Slipper,Slipper Model-556
PROD-02446,Grocery_FMCG,Rice,Rice Model-354
PROD-02447,Garments,Jeans,Jeans Model-832
PROD-02448,Garments,T-Shirt,T-Shirt Model-619
PROD-02449,Garments,Panjabi,Panjabi Model-995
PROD-02450,Electronics,Power Bank,Power Bank Model-388
PROD-02451,Footwear,Sneaker,Sneaker Model-567
PROD-02452,Beauty_Health,Supplements,Supplements Model-419
PROD-02453,Beauty_Health,Haircare,Haircare Model-834
PROD-02454,Garments,Kids Wear,Kids Wear Model-867
PROD-02455,Garments,Jeans,Jeans Model-640
PROD-02456,Home_Living,Bedding,Bedding Model-499
PROD-02457,Garments,Saree,Saree Model-204
PROD-02458,Electronics,Smartphone,Smartphone Model-236
PROD-02459,Beauty_Health,Skincare,Skincare Model-864
PROD-02460,Electronics,Smart Watch,Smart Watch Model-843
PROD-02461,Footwear,Sneaker,Sneaker Model-415
PROD-02462,Grocery_FMCG,Snacks,Snacks Model-800
PROD-02463,Garments,Panjabi,Panjabi Model-322
PROD-02464,Grocery_FMCG,Cooking Oil,Cooking Oil Model-575
PROD-02465,Garments,T-Shirt,T-Shirt Model-133
PROD-02466,Beauty_Health,Skincare,Skincare Model-623
PROD-02467,Beauty_Health,Skincare,Skincare Model-749
PROD-02468,Grocery_FMCG,Snacks,Snacks Model-768
PROD-02469,Home_Living,Bedding,Bedding Model-255
PROD-02470,Garments,T-Shirt,T-Shirt Model-525
PROD-02471,Grocery_FMCG,Cooking Oil,Cooking Oil Model-942
PROD-02472,Garments,Kurti,Kurti Model-892
PROD-02473,Garments,Panjabi,Panjabi Model-317
PROD-02474,Electronics,Smart Watch,Smart Watch Model-109
PROD-02475,Electronics,Power Bank,Power Bank Model-278
PROD-02476,Home_Living,Bedding,Bedding Model-738
PROD-02477,Garments,Saree,Saree Model-331
PROD-02478,Grocery_FMCG,Beverages,Beverages Model-288
PROD-02479,Garments,Jeans,Jeans Model-189
PROD-02480,Grocery_FMCG,Rice,Rice Model-189
PROD-02481,Grocery_FMCG,Beverages,Beverages Model-126
PROD-02482,Grocery_FMCG,Personal Care,Personal Care Model-861
PROD-02483,Grocery_FMCG,Beverages,Beverages Model-324
PROD-02484,Electronics,Smartphone,Smartphone Model-258
PROD-02485,Footwear,Slipper,Slipper Model-867
PROD-02486,Garments,Kurti,Kurti Model-300
PROD-02487,Electronics,Home Appliance,Home Appliance Model-476
PROD-02488,Home_Living,Decor,Decor Model-154
PROD-02489,Grocery_FMCG,Rice,Rice Model-198
PROD-02490,Garments,T-Shirt,T-Shirt Model-479
PROD-02491,Garments,Kurti,Kurti Model-142
PROD-02492,Electronics,Feature Phone,Feature Phone Model-261
PROD-02493,Electronics,Power Bank,Power Bank Model-764
PROD-02494,Garments,Kids Wear,Kids Wear Model-403
PROD-02495,Home_Living,Kitchenware,Kitchenware Model-160
PROD-02496,Grocery_FMCG,Cooking Oil,Cooking Oil Model-533
PROD-02497,Home_Living,Decor,Decor Model-974
PROD-02498,Footwear,Slipper,Slipper Model-157
PROD-02499,Electronics,Home Appliance,Home Appliance Model-799
PROD-02500,Beauty_Health,Makeup,Makeup Model-691
PROD-02501,Electronics,Smartphone,Smartphone Model-120
PROD-02502,Footwear,Sandal,Sandal Model-863
PROD-02503,Beauty_Health,Haircare,Haircare Model-895
PROD-02504,Electronics,Feature Phone,Feature Phone Model-337
PROD-02505,Grocery_FMCG,Beverages,Beverages Model-259
PROD-02506,Garments,Saree,Saree Model-261
PROD-02507,Garments,Kurti,Kurti Model-152
PROD-02508,Electronics,Power Bank,Power Bank Model-909
PROD-02509,Grocery_FMCG,Personal Care,Personal Care Model-692
PROD-02510,Electronics,Headphone,Headphone Model-262
PROD-02511,Electronics,Home Appliance,Home Appliance Model-971
PROD-02512,Grocery_FMCG,Snacks,Snacks Model-168
PROD-02513,Electronics,Laptop,Laptop Model-186
PROD-02514,Beauty_Health,Supplements,Supplements Model-421
PROD-02515,Grocery_FMCG,Cooking Oil,Cooking Oil Model-977
PROD-02516,Home_Living,Kitchenware,Kitchenware Model-238
PROD-02517,Home_Living,Furniture,Furniture Model-556
PROD-02518,Electronics,Laptop,Laptop Model-970
PROD-02519,Electronics,Home Appliance,Home Appliance Model-650
PROD-02520,Beauty_Health,Skincare,Skincare Model-586
PROD-02521,Electronics,Smart Watch,Smart Watch Model-216
PROD-02522,Electronics,Headphone,Headphone Model-501
PROD-02523,Footwear,Sandal,Sandal Model-789
PROD-02524,Garments,Jeans,Jeans Model-284
PROD-02525,Home_Living,Bedding,Bedding Model-953
PROD-02526,Home_Living,Decor,Decor Model-408
PROD-02527,Books_Stationery,Notebook,Notebook Model-959
PROD-02528,Electronics,Laptop,Laptop Model-149
PROD-02529,Garments,T-Shirt,T-Shirt Model-285
PROD-02530,Garments,Jeans,Jeans Model-994
PROD-02531,Home_Living,Decor,Decor Model-985
PROD-02532,Electronics,Smart Watch,Smart Watch Model-664
PROD-02533,Grocery_FMCG,Rice,Rice Model-150
PROD-02534,Electronics,Laptop,Laptop Model-294
PROD-02535,Garments,Panjabi,Panjabi Model-902
PROD-02536,Electronics,Home Appliance,Home Appliance Model-988
PROD-02537,Grocery_FMCG,Cleaning Supplies,Cleaning Supplies Model-723
PROD-02538,Electronics,Feature Phone,Feature Phone Model-264
PROD-02539,Grocery_FMCG,Personal Care,Personal Care Model-247
PROD-02540,Electronics,Laptop,Laptop Model-740
PROD-02541,Home_Living,Decor,Decor Model-769
PROD-02542,Grocery_FMCG,Snacks,Snacks Model-171
PROD-02543,Electronics,Power Bank,Power Bank Model-848
PROD-02544,Electronics,Power Bank,Power Bank Model-266
PROD-02545,Electronics,Smartphone,Smartphone Model-164
PROD-02546,Footwear,Sandal,Sandal Model-173
PROD-02547,Electronics,Feature Phone,Feature Phone Model-859
PROD-02548,Books_Stationery,Notebook,Notebook Model-989
PROD-02549,Garments,Jeans,Jeans Model-891
PROD-02550,Home_Living,Kitchenware,Kitchenware Model-613
PROD-02551,Home_Living,Bedding,Bedding Model-754
PROD-02552,Books_Stationery,Notebook,Notebook Model-614
PROD-02553,Grocery_FMCG,Cooking Oil,Cooking Oil Model-425
PROD-02554,Grocery_FMCG,Snacks,Snacks Model-352
PROD-02555,Books_Stationery,Story Book,Story Book Model-328
PROD-02556,Garments,Panjabi,Panjabi Model-114
PROD-02557,Beauty_Health,Haircare,Haircare Model-294
PROD-02558,Garments,Saree,Saree Model-598
PROD-02559,Electronics,Home Appliance,Home Appliance Model-882
PROD-02560,Footwear,Sandal,Sandal Model-253
PROD-02561,Beauty_Health,Haircare,Haircare Model-715
PROD-02562,Beauty_Health,Skincare,Skincare Model-873
PROD-02563,Garments,Saree,Saree Model-881
PROD-02564,Books_Stationery,Story Book,Story Book Model-147
PROD-02565,Footwear,Slipper,Slipper Model-320
PROD-02566,Garments,Saree,Saree Model-478
PROD-02567,Electronics,Smartphone,Smartphone Model-572
PROD-02568,Footwear,Slipper,Slipper Model-809
PROD-02569,Grocery_FMCG,Personal Care,Personal Care Model-803
PROD-02570,Beauty_Health,Makeup,Makeup Model-115
PROD-02571,Garments,Saree,Saree Model-372
PROD-02572,Electronics,Laptop,Laptop Model-700
PROD-02573,Electronics,Headphone,Headphone Model-881
PROD-02574,Garments,Jeans,Jeans Model-469
PROD-02575,Grocery_FMCG,Beverages,Beverages Model-998
PROD-02576,Garments,Saree,Saree Model-823
PROD-02577,Garments,Saree,Saree Model-456
PROD-02578,Electronics,Home Appliance,Home Appliance Model-746
PROD-02579,Grocery_FMCG,Cooking Oil,Cooking Oil Model-952
PROD-02580,Garments,Kids Wear,Kids Wear Model-900
PROD-02581,Beauty_Health,Makeup,Makeup Model-340
PROD-02582,Beauty_Health,Skincare,Skincare Model-112
PROD-02583,Footwear,Slipper,Slipper Model-679
PROD-02584,Garments,T-Shirt,T-Shirt Model-658
PROD-02585,Garments,Jeans,Jeans Model-402
PROD-02586,Garments,Jeans,Jeans Model-924
PROD-02587,Footwear,Formal Shoe,Formal Shoe Model-370
PROD-02588,Footwear,Formal Shoe,Formal Shoe Model-325
PROD-02589,Footwear,Sandal,Sandal Model-183
PROD-02590,Garments,Jeans,Jeans Model-233
PROD-02591,Garments,Saree,Saree Model-410
PROD-02592,Garments,Kids Wear,Kids Wear Model-510
PROD-02593,Beauty_Health,Makeup,Makeup Model-221
PROD-02594,Beauty_Health,Supplements,Supplements Model-561
PROD-02595,Electronics,Smart Watch,Smart Watch Model-970
PROD-02596,Electronics,Feature Phone,Feature Phone Model-552
PROD-02597,Books_Stationery,Story Book,Story Book Model-567
PROD-02598,Home_Living,Furniture,Furniture Model-873
PROD-02599,Home_Living,Kitchenware,Kitchenware Model-791
PROD-02600,Grocery_FMCG,Beverages,Beverages Model-233
PROD-02601,Garments,T-Shirt,T-Shirt Model-123
PROD-02602,Grocery_FMCG,Rice,Rice Model-223
PROD-02603,Grocery_FMCG,Beverages,Beverages Model-406
PROD-02604,Electronics,Feature Phone,Feature Phone Model-741
PROD-02605,Home_Living,Kitchenware,Kitchenware Model-279
PROD-02606,Electronics,Smartphone,Smartphone Model-438
PROD-02607,Beauty_Health,Supplements,Supplements Model-111
PROD-02608,Electronics,Power Bank,Power Bank Model-822
PROD-02609,Grocery_FMCG,Cooking Oil,Cooking Oil Model-411
PROD-02610,Grocery_FMCG,Cleaning Supplies,Cleaning Supplies Model-828
PROD-02611,Electronics,Home Appliance,Home Appliance Model-442
PROD-02612,Home_Living,Decor,Decor Model-222
PROD-02613,Grocery_FMCG,Snacks,Snacks Model-461
PROD-02614,Garments,Jeans,Jeans Model-177
PROD-02615,Grocery_FMCG,Personal Care,Personal Care Model-205
PROD-02616,Home_Living,Kitchenware,Kitchenware Model-583
PROD-02617,Home_Living,Decor,Decor Model-452
PROD-02618,Grocery_FMCG,Snacks,Snacks Model-688
PROD-02619,Grocery_FMCG,Personal Care,Personal Care Model-892
PROD-02620,Garments,Jeans,Jeans Model-864
PROD-02621,Garments,Kurti,Kurti Model-251
PROD-02622,Grocery_FMCG,Personal Care,Personal Care Model-158
PROD-02623,Electronics,Home Appliance,Home Appliance Model-472
PROD-02624,Footwear,Formal Shoe,Formal Shoe Model-900
PROD-02625,Footwear,Slipper,Slipper Model-251
PROD-02626,Electronics,Smart Watch,Smart Watch Model-594
PROD-02627,Electronics,Laptop,Laptop Model-696
PROD-02628,Garments,Saree,Saree Model-293
PROD-02629,Garments,Kids Wear,Kids Wear Model-301
PROD-02630,Garments,Panjabi,Panjabi Model-215
PROD-02631,Electronics,Headphone,Headphone Model-444
PROD-02632,Books_Stationery,Story Book,Story Book Model-498
PROD-02633,Beauty_Health,Makeup,Makeup Model-889
PROD-02634,Footwear,Formal Shoe,Formal Shoe Model-320
PROD-02635,Beauty_Health,Supplements,Supplements Model-324
PROD-02636,Garments,T-Shirt,T-Shirt Model-598
PROD-02637,Home_Living,Decor,Decor Model-828
PROD-02638,Footwear,Sandal,Sandal Model-485
PROD-02639,Footwear,Sneaker,Sneaker Model-284
PROD-02640,Electronics,Power Bank,Power Bank Model-918
PROD-02641,Garments,T-Shirt,T-Shirt Model-762
PROD-02642,Beauty_Health,Supplements,Supplements Model-916
PROD-02643,Electronics,Feature Phone,Feature Phone Model-752
PROD-02644,Beauty_Health,Makeup,Makeup Model-424
PROD-02645,Beauty_Health,Makeup,Makeup Model-609
PROD-02646,Books_Stationery,Office Supplies,Office Supplies Model-792
PROD-02647,Grocery_FMCG,Snacks,Snacks Model-677
PROD-02648,Electronics,Power Bank,Power Bank Model-341
PROD-02649,Footwear,Slipper,Slipper Model-425
PROD-02650,Electronics,Home Appliance,Home Appliance Model-150
PROD-02651,Electronics,Feature Phone,Feature Phone Model-268
PROD-02652,Beauty_Health,Supplements,Supplements Model-749
PROD-02653,Footwear,Sneaker,Sneaker Model-113
PROD-02654,Grocery_FMCG,Cleaning Supplies,Cleaning Supplies Model-664
PROD-02655,Grocery_FMCG,Beverages,Beverages Model-331
PROD-02656,Garments,T-Shirt,T-Shirt Model-849
PROD-02657,Electronics,Smart Watch,Smart Watch Model-417
PROD-02658,Home_Living,Decor,Decor Model-341
PROD-02659,Home_Living,Kitchenware,Kitchenware Model-731
PROD-02660,Footwear,Sneaker,Sneaker Model-880
PROD-02661,Footwear,Formal Shoe,Formal Shoe Model-538
PROD-02662,Electronics,Headphone,Headphone Model-443
PROD-02663,Garments,T-Shirt,T-Shirt Model-864
PROD-02664,Grocery_FMCG,Cleaning Supplies,Cleaning Supplies Model-340
PROD-02665,Electronics,Feature Phone,Feature Phone Model-280
PROD-02666,Electronics,Home Appliance,Home Appliance Model-810
PROD-02667,Footwear,Sandal,Sandal Model-783
PROD-02668,Garments,Kids Wear,Kids Wear Model-972
PROD-02669,Grocery_FMCG,Personal Care,Personal Care Model-449
PROD-02670,Electronics,Home Appliance,Home Appliance Model-740
PROD-02671,Grocery_FMCG,Cleaning Supplies,Cleaning Supplies Model-295
PROD-02672,Garments,Kurti,Kurti Model-313
PROD-02673,Electronics,Power Bank,Power Bank Model-681
PROD-02674,Garments,Saree,Saree Model-542
PROD-02675,Footwear,Slipper,Slipper Model-126
PROD-02676,Electronics,Laptop,Laptop Model-536
PROD-02677,Grocery_FMCG,Beverages,Beverages Model-380
PROD-02678,Books_Stationery,Office Supplies,Office Supplies Model-893
PROD-02679,Home_Living,Kitchenware,Kitchenware Model-660
PROD-02680,Electronics,Power Bank,Power Bank Model-826
PROD-02681,Grocery_FMCG,Rice,Rice Model-941
PROD-02682,Home_Living,Furniture,Furniture Model-569
PROD-02683,Grocery_FMCG,Personal Care,Personal Care Model-798
PROD-02684,Garments,Jeans,Jeans Model-446
PROD-02685,Grocery_FMCG,Personal Care,Personal Care Model-603
PROD-02686,Electronics,Headphone,Headphone Model-281
PROD-02687,Garments,Kids Wear,Kids Wear Model-836
PROD-02688,Grocery_FMCG,Rice,Rice Model-419
PROD-02689,Garments,Kids Wear,Kids Wear Model-686
PROD-02690,Beauty_Health,Haircare,Haircare Model-105
PROD-02691,Electronics,Feature Phone,Feature Phone Model-679
PROD-02692,Electronics,Headphone,Headphone Model-227
PROD-02693,Garments,T-Shirt,T-Shirt Model-463
PROD-02694,Footwear,Sneaker,Sneaker Model-864
PROD-02695,Grocery_FMCG,Cleaning Supplies,Cleaning Supplies Model-331
PROD-02696,Beauty_Health,Makeup,Makeup Model-987
PROD-02697,Books_Stationery,Notebook,Notebook Model-388
PROD-02698,Home_Living,Kitchenware,Kitchenware Model-985
PROD-02699,Grocery_FMCG,Cleaning Supplies,Cleaning Supplies Model-762
PROD-02700,Grocery_FMCG,Cleaning Supplies,Cleaning Supplies Model-571
PROD-02701,Electronics,Power Bank,Power Bank Model-974
PROD-02702,Grocery_FMCG,Cleaning Supplies,Cleaning Supplies Model-269
PROD-02703,Electronics,Power Bank,Power Bank Model-153
PROD-02704,Footwear,Sandal,Sandal Model-977
PROD-02705,Books_Stationery,Story Book,Story Book Model-871
PROD-02706,Books_Stationery,Art Supplies,Art Supplies Model-532
PROD-02707,Footwear,Formal Shoe,Formal Shoe Model-369
PROD-02708,Beauty_Health,Haircare,Haircare Model-494
PROD-02709,Beauty_Health,Skincare,Skincare Model-398
PROD-02710,Home_Living,Bedding,Bedding Model-785
PROD-02711,Grocery_FMCG,Personal Care,Personal Care Model-704
PROD-02712,Grocery_FMCG,Cleaning Supplies,Cleaning Supplies Model-323
PROD-02713,Electronics,Smart Watch,Smart Watch Model-913
PROD-02714,Electronics,Smartphone,Smartphone Model-312
PROD-02715,Home_Living,Kitchenware,Kitchenware Model-964
PROD-02716,Footwear,Sneaker,Sneaker Model-386
PROD-02717,Grocery_FMCG,Cleaning Supplies,Cleaning Supplies Model-678
PROD-02718,Home_Living,Decor,Decor Model-899
PROD-02719,Footwear,Formal Shoe,Formal Shoe Model-854
PROD-02720,Garments,Saree,Saree Model-192
PROD-02721,Grocery_FMCG,Snacks,Snacks Model-213
PROD-02722,Beauty_Health,Haircare,Haircare Model-865
PROD-02723,Garments,T-Shirt,T-Shirt Model-117
PROD-02724,Electronics,Laptop,Laptop Model-732
PROD-02725,Electronics,Smartphone,Smartphone Model-461
PROD-02726,Garments,T-Shirt,T-Shirt Model-396
PROD-02727,Garments,Panjabi,Panjabi Model-261
PROD-02728,Home_Living,Decor,Decor Model-135
PROD-02729,Electronics,Laptop,Laptop Model-305
PROD-02730,Electronics,Home Appliance,Home Appliance Model-996
PROD-02731,Books_Stationery,Notebook,Notebook Model-456
PROD-02732,Grocery_FMCG,Personal Care,Personal Care Model-360
PROD-02733,Books_Stationery,Notebook,Notebook Model-441
PROD-02734,Electronics,Home Appliance,Home Appliance Model-387
PROD-02735,Grocery_FMCG,Rice,Rice Model-132
PROD-02736,Grocery_FMCG,Beverages,Beverages Model-640
PROD-02737,Garments,Kurti,Kurti Model-391
PROD-02738,Grocery_FMCG,Rice,Rice Model-938
PROD-02739,Garments,Kurti,Kurti Model-878
PROD-02740,Footwear,Sandal,Sandal Model-816
PROD-02741,Electronics,Power Bank,Power Bank Model-135
PROD-02742,Grocery_FMCG,Cleaning Supplies,Cleaning Supplies Model-732
PROD-02743,Beauty_Health,Supplements,Supplements Model-763
PROD-02744,Books_Stationery,Story Book,Story Book Model-264
PROD-02745,Electronics,Laptop,Laptop Model-769
PROD-02746,Home_Living,Bedding,Bedding Model-677
PROD-02747,Books_Stationery,Art Supplies,Art Supplies Model-605
PROD-02748,Footwear,Sandal,Sandal Model-594
PROD-02749,Garments,Saree,Saree Model-291
PROD-02750,Garments,Jeans,Jeans Model-734
PROD-02751,Grocery_FMCG,Cleaning Supplies,Cleaning Supplies Model-802
PROD-02752,Beauty_Health,Supplements,Supplements Model-589
PROD-02753,Books_Stationery,Art Supplies,Art Supplies Model-259
PROD-02754,Electronics,Power Bank,Power Bank Model-688
PROD-02755,Electronics,Smart Watch,Smart Watch Model-237
PROD-02756,Footwear,Slipper,Slipper Model-603
PROD-02757,Grocery_FMCG,Cleaning Supplies,Cleaning Supplies Model-162
PROD-02758,Garments,Kurti,Kurti Model-374
PROD-02759,Electronics,Power Bank,Power Bank Model-436
PROD-02760,Electronics,Power Bank,Power Bank Model-260
PROD-02761,Electronics,Smartphone,Smartphone Model-578
PROD-02762,Home_Living,Decor,Decor Model-469
PROD-02763,Footwear,Sneaker,Sneaker Model-602
PROD-02764,Electronics,Power Bank,Power Bank Model-849
PROD-02765,Garments,Kids Wear,Kids Wear Model-833
PROD-02766,Beauty_Health,Supplements,Supplements Model-339
PROD-02767,Grocery_FMCG,Snacks,Snacks Model-808
PROD-02768,Home_Living,Bedding,Bedding Model-895
PROD-02769,Grocery_FMCG,Rice,Rice Model-126
PROD-02770,Home_Living,Bedding,Bedding Model-694
PROD-02771,Electronics,Home Appliance,Home Appliance Model-607
PROD-02772,Home_Living,Furniture,Furniture Model-961
PROD-02773,Garments,Panjabi,Panjabi Model-620
PROD-02774,Electronics,Headphone,Headphone Model-290
PROD-02775,Electronics,Smart Watch,Smart Watch Model-391
PROD-02776,Grocery_FMCG,Cooking Oil,Cooking Oil Model-231
PROD-02777,Home_Living,Kitchenware,Kitchenware Model-419
PROD-02778,Footwear,Sandal,Sandal Model-192
PROD-02779,Garments,Jeans,Jeans Model-554
PROD-02780,Grocery_FMCG,Cleaning Supplies,Cleaning Supplies Model-763
PROD-02781,Grocery_FMCG,Snacks,Snacks Model-105
PROD-02782,Footwear,Sneaker,Sneaker Model-673
PROD-02783,Beauty_Health,Haircare,Haircare Model-197
PROD-02784,Garments,Jeans,Jeans Model-651
PROD-02785,Footwear,Sandal,Sandal Model-359
PROD-02786,Grocery_FMCG,Cooking Oil,Cooking Oil Model-849
PROD-02787,Electronics,Home Appliance,Home Appliance Model-857
PROD-02788,Garments,Panjabi,Panjabi Model-233
PROD-02789,Footwear,Formal Shoe,Formal Shoe Model-976
PROD-02790,Electronics,Smartphone,Smartphone Model-297
PROD-02791,Garments,Jeans,Jeans Model-826
PROD-02792,Garments,T-Shirt,T-Shirt Model-392
PROD-02793,Grocery_FMCG,Rice,Rice Model-972
PROD-02794,Beauty_Health,Supplements,Supplements Model-865
PROD-02795,Grocery_FMCG,Cleaning Supplies,Cleaning Supplies Model-889
PROD-02796,Electronics,Home Appliance,Home Appliance Model-266
PROD-02797,Beauty_Health,Haircare,Haircare Model-271
PROD-02798,Electronics,Power Bank,Power Bank Model-952
PROD-02799,Garments,Panjabi,Panjabi Model-543
PROD-02800,Garments,Panjabi,Panjabi Model-830
PROD-02801,Footwear,Formal Shoe,Formal Shoe Model-164
PROD-02802,Footwear,Sandal,Sandal Model-727
PROD-02803,Electronics,Smart Watch,Smart Watch Model-606
PROD-02804,Grocery_FMCG,Cooking Oil,Cooking Oil Model-456
PROD-02805,Grocery_FMCG,Snacks,Snacks Model-999
PROD-02806,Electronics,Home Appliance,Home Appliance Model-159
PROD-02807,Garments,T-Shirt,T-Shirt Model-112
PROD-02808,Footwear,Formal Shoe,Formal Shoe Model-123
PROD-02809,Garments,T-Shirt,T-Shirt Model-307
PROD-02810,Electronics,Smart Watch,Smart Watch Model-996
PROD-02811,Beauty_Health,Supplements,Supplements Model-580
PROD-02812,Footwear,Sneaker,Sneaker Model-547
PROD-02813,Garments,Panjabi,Panjabi Model-214
PROD-02814,Books_Stationery,Art Supplies,Art Supplies Model-807
PROD-02815,Footwear,Formal Shoe,Formal Shoe Model-290
PROD-02816,Grocery_FMCG,Rice,Rice Model-397
PROD-02817,Garments,Kurti,Kurti Model-189
PROD-02818,Garments,Kurti,Kurti Model-409
PROD-02819,Footwear,Formal Shoe,Formal Shoe Model-880
PROD-02820,Electronics,Smart Watch,Smart Watch Model-278
PROD-02821,Electronics,Smartphone,Smartphone Model-645
PROD-02822,Footwear,Sneaker,Sneaker Model-232
PROD-02823,Garments,Jeans,Jeans Model-669
PROD-02824,Electronics,Smart Watch,Smart Watch Model-482
PROD-02825,Garments,Jeans,Jeans Model-423
PROD-02826,Grocery_FMCG,Snacks,Snacks Model-723
PROD-02827,Footwear,Sneaker,Sneaker Model-428
PROD-02828,Garments,Saree,Saree Model-782
PROD-02829,Home_Living,Kitchenware,Kitchenware Model-115
PROD-02830,Home_Living,Kitchenware,Kitchenware Model-248
PROD-02831,Home_Living,Furniture,Furniture Model-350
PROD-02832,Footwear,Sneaker,Sneaker Model-433
PROD-02833,Garments,Jeans,Jeans Model-465
PROD-02834,Electronics,Power Bank,Power Bank Model-112
PROD-02835,Electronics,Home Appliance,Home Appliance Model-793
PROD-02836,Electronics,Smart Watch,Smart Watch Model-940
PROD-02837,Garments,Kids Wear,Kids Wear Model-622
PROD-02838,Electronics,Smart Watch,Smart Watch Model-340
PROD-02839,Footwear,Slipper,Slipper Model-165
PROD-02840,Garments,T-Shirt,T-Shirt Model-778
PROD-02841,Home_Living,Furniture,Furniture Model-128
PROD-02842,Footwear,Sneaker,Sneaker Model-615
PROD-02843,Beauty_Health,Haircare,Haircare Model-168
PROD-02844,Footwear,Formal Shoe,Formal Shoe Model-582
PROD-02845,Grocery_FMCG,Cooking Oil,Cooking Oil Model-572
PROD-02846,Home_Living,Bedding,Bedding Model-500
PROD-02847,Grocery_FMCG,Cooking Oil,Cooking Oil Model-591
PROD-02848,Books_Stationery,Office Supplies,Office Supplies Model-643
PROD-02849,Electronics,Feature Phone,Feature Phone Model-281
PROD-02850,Electronics,Power Bank,Power Bank Model-315
PROD-02851,Home_Living,Decor,Decor Model-585
PROD-02852,Footwear,Sneaker,Sneaker Model-612
PROD-02853,Books_Stationery,Notebook,Notebook Model-230
PROD-02854,Grocery_FMCG,Cleaning Supplies,Cleaning Supplies Model-276
PROD-02855,Electronics,Headphone,Headphone Model-271
PROD-02856,Garments,Jeans,Jeans Model-720
PROD-02857,Electronics,Power Bank,Power Bank Model-719
PROD-02858,Footwear,Sandal,Sandal Model-156
PROD-02859,Footwear,Formal Shoe,Formal Shoe Model-429
PROD-02860,Electronics,Home Appliance,Home Appliance Model-598
PROD-02861,Footwear,Sandal,Sandal Model-494
PROD-02862,Garments,T-Shirt,T-Shirt Model-792
PROD-02863,Electronics,Laptop,Laptop Model-267
PROD-02864,Electronics,Power Bank,Power Bank Model-877
PROD-02865,Electronics,Smartphone,Smartphone Model-228
PROD-02866,Electronics,Headphone,Headphone Model-442
PROD-02867,Home_Living,Furniture,Furniture Model-555
PROD-02868,Electronics,Power Bank,Power Bank Model-554
PROD-02869,Footwear,Sneaker,Sneaker Model-897
PROD-02870,Garments,Jeans,Jeans Model-817
PROD-02871,Electronics,Home Appliance,Home Appliance Model-966
PROD-02872,Footwear,Slipper,Slipper Model-243
PROD-02873,Footwear,Sneaker,Sneaker Model-544
PROD-02874,Electronics,Home Appliance,Home Appliance Model-226
PROD-02875,Garments,Panjabi,Panjabi Model-583
PROD-02876,Footwear,Formal Shoe,Formal Shoe Model-247
PROD-02877,Grocery_FMCG,Beverages,Beverages Model-860
PROD-02878,Electronics,Home Appliance,Home Appliance Model-574
PROD-02879,Grocery_FMCG,Beverages,Beverages Model-239
PROD-02880,Garments,Kids Wear,Kids Wear Model-838
PROD-02881,Beauty_Health,Skincare,Skincare Model-336
PROD-02882,Footwear,Sandal,Sandal Model-287
PROD-02883,Grocery_FMCG,Cleaning Supplies,Cleaning Supplies Model-705
PROD-02884,Electronics,Smart Watch,Smart Watch Model-110
PROD-02885,Footwear,Formal Shoe,Formal Shoe Model-728
PROD-02886,Garments,Kids Wear,Kids Wear Model-645
PROD-02887,Garments,T-Shirt,T-Shirt Model-574
PROD-02888,Electronics,Smartphone,Smartphone Model-121
PROD-02889,Grocery_FMCG,Cleaning Supplies,Cleaning Supplies Model-535
PROD-02890,Garments,Kids Wear,Kids Wear Model-436
PROD-02891,Garments,Saree,Saree Model-569
PROD-02892,Home_Living,Kitchenware,Kitchenware Model-242
PROD-02893,Grocery_FMCG,Personal Care,Personal Care Model-841
PROD-02894,Electronics,Laptop,Laptop Model-453
PROD-02895,Grocery_FMCG,Personal Care,Personal Care Model-764
PROD-02896,Electronics,Laptop,Laptop Model-777
PROD-02897,Footwear,Sneaker,Sneaker Model-566
PROD-02898,Home_Living,Kitchenware,Kitchenware Model-910
PROD-02899,Grocery_FMCG,Personal Care,Personal Care Model-382
PROD-02900,Footwear,Formal Shoe,Formal Shoe Model-199
PROD-02901,Books_Stationery,Office Supplies,Office Supplies Model-196
PROD-02902,Grocery_FMCG,Beverages,Beverages Model-137
PROD-02903,Electronics,Feature Phone,Feature Phone Model-905
PROD-02904,Grocery_FMCG,Snacks,Snacks Model-122
PROD-02905,Grocery_FMCG,Snacks,Snacks Model-632
PROD-02906,Garments,Jeans,Jeans Model-170
PROD-02907,Electronics,Power Bank,Power Bank Model-347
PROD-02908,Beauty_Health,Supplements,Supplements Model-951
PROD-02909,Garments,Jeans,Jeans Model-925
PROD-02910,Home_Living,Kitchenware,Kitchenware Model-235
PROD-02911,Grocery_FMCG,Snacks,Snacks Model-443
PROD-02912,Garments,Kurti,Kurti Model-555
PROD-02913,Electronics,Smart Watch,Smart Watch Model-108
PROD-02914,Garments,T-Shirt,T-Shirt Model-319
PROD-02915,Home_Living,Kitchenware,Kitchenware Model-132
PROD-02916,Grocery_FMCG,Snacks,Snacks Model-707
PROD-02917,Grocery_FMCG,Rice,Rice Model-220
PROD-02918,Garments,Kids Wear,Kids Wear Model-469
PROD-02919,Electronics,Smartphone,Smartphone Model-269
PROD-02920,Grocery_FMCG,Rice,Rice Model-569
PROD-02921,Grocery_FMCG,Cleaning Supplies,Cleaning Supplies Model-274
PROD-02922,Garments,Saree,Saree Model-790
PROD-02923,Home_Living,Decor,Decor Model-927
PROD-02924,Beauty_Health,Haircare,Haircare Model-937
PROD-02925,Grocery_FMCG,Beverages,Beverages Model-642
PROD-02926,Electronics,Feature Phone,Feature Phone Model-758
PROD-02927,Grocery_FMCG,Personal Care,Personal Care Model-516
PROD-02928,Garments,T-Shirt,T-Shirt Model-393
PROD-02929,Electronics,Feature Phone,Feature Phone Model-858
PROD-02930,Home_Living,Decor,Decor Model-811
PROD-02931,Garments,Kurti,Kurti Model-615
PROD-02932,Beauty_Health,Makeup,Makeup Model-881
PROD-02933,Grocery_FMCG,Cleaning Supplies,Cleaning Supplies Model-927
PROD-02934,Books_Stationery,Story Book,Story Book Model-945
PROD-02935,Garments,Panjabi,Panjabi Model-472
PROD-02936,Books_Stationery,Office Supplies,Office Supplies Model-499
PROD-02937,Garments,Jeans,Jeans Model-767
PROD-02938,Home_Living,Bedding,Bedding Model-678
PROD-02939,Footwear,Slipper,Slipper Model-120
PROD-02940,Footwear,Sandal,Sandal Model-441
PROD-02941,Garments,Saree,Saree Model-488
PROD-02942,Garments,Kids Wear,Kids Wear Model-648
PROD-02943,Garments,Panjabi,Panjabi Model-241
PROD-02944,Electronics,Smart Watch,Smart Watch Model-680
PROD-02945,Electronics,Laptop,Laptop Model-860
PROD-02946,Garments,T-Shirt,T-Shirt Model-631
PROD-02947,Grocery_FMCG,Cleaning Supplies,Cleaning Supplies Model-566
PROD-02948,Books_Stationery,Art Supplies,Art Supplies Model-265
PROD-02949,Beauty_Health,Supplements,Supplements Model-495
PROD-02950,Garments,Panjabi,Panjabi Model-918
PROD-02951,Garments,Saree,Saree Model-196
PROD-02952,Footwear,Sneaker,Sneaker Model-960
PROD-02953,Electronics,Power Bank,Power Bank Model-177
PROD-02954,Garments,Jeans,Jeans Model-533
PROD-02955,Garments,Kids Wear,Kids Wear Model-654
PROD-02956,Garments,Kids Wear,Kids Wear Model-563
PROD-02957,Footwear,Formal Shoe,Formal Shoe Model-884
PROD-02958,Home_Living,Kitchenware,Kitchenware Model-318
PROD-02959,Electronics,Power Bank,Power Bank Model-501
PROD-02960,Garments,Kids Wear,Kids Wear Model-873
PROD-02961,Footwear,Slipper,Slipper Model-129
PROD-02962,Garments,T-Shirt,T-Shirt Model-413
PROD-02963,Electronics,Home Appliance,Home Appliance Model-247
PROD-02964,Grocery_FMCG,Personal Care,Personal Care Model-978
PROD-02965,Electronics,Smart Watch,Smart Watch Model-236
PROD-02966,Electronics,Headphone,Headphone Model-819
PROD-02967,Beauty_Health,Supplements,Supplements Model-828
PROD-02968,Footwear,Formal Shoe,Formal Shoe Model-278
PROD-02969,Books_Stationery,Story Book,Story Book Model-459
PROD-02970,Home_Living,Decor,Decor Model-158
PROD-02971,Beauty_Health,Haircare,Haircare Model-546
PROD-02972,Grocery_FMCG,Rice,Rice Model-211
PROD-02973,Footwear,Formal Shoe,Formal Shoe Model-232
PROD-02974,Home_Living,Furniture,Furniture Model-945
PROD-02975,Electronics,Smart Watch,Smart Watch Model-782
PROD-02976,Footwear,Formal Shoe,Formal Shoe Model-194
PROD-02977,Garments,Jeans,Jeans Model-757
PROD-02978,Electronics,Headphone,Headphone Model-162
PROD-02979,Garments,Saree,Saree Model-849
PROD-02980,Beauty_Health,Haircare,Haircare Model-623
PROD-02981,Grocery_FMCG,Beverages,Beverages Model-192
PROD-02982,Electronics,Headphone,Headphone Model-332
PROD-02983,Garments,T-Shirt,T-Shirt Model-841
PROD-02984,Garments,Kurti,Kurti Model-118
PROD-02985,Garments,Jeans,Jeans Model-791
PROD-02986,Electronics,Feature Phone,Feature Phone Model-307
PROD-02987,Home_Living,Kitchenware,Kitchenware Model-225
PROD-02988,Garments,Panjabi,Panjabi Model-324
PROD-02989,Beauty_Health,Haircare,Haircare Model-363
PROD-02990,Garments,T-Shirt,T-Shirt Model-594
PROD-02991,Books_Stationery,Art Supplies,Art Supplies Model-553
PROD-02992,Beauty_Health,Haircare,Haircare Model-697
PROD-02993,Electronics,Smartphone,Smartphone Model-273
PROD-02994,Garments,Jeans,Jeans Model-751
PROD-02995,Footwear,Sandal,Sandal Model-543
PROD-02996,Home_Living,Kitchenware,Kitchenware Model-928
PROD-02997,Beauty_Health,Haircare,Haircare Model-772
PROD-02998,Electronics,Headphone,Headphone Model-826
PROD-02999,Books_Stationery,Notebook,Notebook Model-732
PROD-03000,Electronics,Power Bank,Power Bank Model-833
PROD-03001,Footwear,Sneaker,Sneaker Model-513
PROD-03002,Footwear,Sandal,Sandal Model-885
PROD-03003,Electronics,Feature Phone,Feature Phone Model-622
PROD-03004,Electronics,Feature Phone,Feature Phone Model-125
PROD-03005,Garments,Jeans,Jeans Model-879
PROD-03006,Electronics,Laptop,Laptop Model-445
PROD-03007,Home_Living,Bedding,Bedding Model-853
PROD-03008,Garments,Panjabi,Panjabi Model-610
PROD-03009,Garments,T-Shirt,T-Shirt Model-298
PROD-03010,Grocery_FMCG,Rice,Rice Model-377
PROD-03011,Beauty_Health,Skincare,Skincare Model-666
PROD-03012,Grocery_FMCG,Snacks,Snacks Model-988
PROD-03013,Footwear,Sandal,Sandal Model-592
PROD-03014,Books_Stationery,Office Supplies,Office Supplies Model-817
PROD-03015,Garments,Jeans,Jeans Model-790
PROD-03016,Home_Living,Furniture,Furniture Model-608
PROD-03017,Grocery_FMCG,Beverages,Beverages Model-342
PROD-03018,Garments,Jeans,Jeans Model-617
PROD-03019,Garments,Jeans,Jeans Model-216
PROD-03020,Beauty_Health,Supplements,Supplements Model-374
PROD-03021,Electronics,Laptop,Laptop Model-444
PROD-03022,Electronics,Power Bank,Power Bank Model-356
PROD-03023,Grocery_FMCG,Cooking Oil,Cooking Oil Model-135
PROD-03024,Home_Living,Kitchenware,Kitchenware Model-870
PROD-03025,Home_Living,Furniture,Furniture Model-142
PROD-03026,Garments,Panjabi,Panjabi Model-474
PROD-03027,Footwear,Sandal,Sandal Model-614
PROD-03028,Grocery_FMCG,Cleaning Supplies,Cleaning Supplies Model-920
PROD-03029,Electronics,Power Bank,Power Bank Model-624
PROD-03030,Garments,Kurti,Kurti Model-482
PROD-03031,Garments,Panjabi,Panjabi Model-752
PROD-03032,Beauty_Health,Haircare,Haircare Model-727
PROD-03033,Garments,Kids Wear,Kids Wear Model-625
PROD-03034,Home_Living,Decor,Decor Model-615
PROD-03035,Electronics,Power Bank,Power Bank Model-524
PROD-03036,Garments,Saree,Saree Model-202
PROD-03037,Footwear,Slipper,Slipper Model-351
PROD-03038,Electronics,Smart Watch,Smart Watch Model-515
PROD-03039,Books_Stationery,Notebook,Notebook Model-812
PROD-03040,Beauty_Health,Supplements,Supplements Model-380
PROD-03041,Footwear,Slipper,Slipper Model-930
PROD-03042,Footwear,Sneaker,Sneaker Model-925
PROD-03043,Grocery_FMCG,Personal Care,Personal Care Model-911
PROD-03044,Home_Living,Kitchenware,Kitchenware Model-163
PROD-03045,Home_Living,Bedding,Bedding Model-561
PROD-03046,Electronics,Feature Phone,Feature Phone Model-402
PROD-03047,Garments,Kids Wear,Kids Wear Model-842
PROD-03048,Beauty_Health,Supplements,Supplements Model-510
PROD-03049,Electronics,Headphone,Headphone Model-531
PROD-03050,Garments,Panjabi,Panjabi Model-693
PROD-03051,Garments,T-Shirt,T-Shirt Model-180
PROD-03052,Electronics,Smart Watch,Smart Watch Model-439
PROD-03053,Garments,Panjabi,Panjabi Model-272
PROD-03054,Electronics,Headphone,Headphone Model-154
PROD-03055,Grocery_FMCG,Personal Care,Personal Care Model-394
PROD-03056,Footwear,Sneaker,Sneaker Model-976
PROD-03057,Garments,Panjabi,Panjabi Model-353
PROD-03058,Beauty_Health,Makeup,Makeup Model-739
PROD-03059,Grocery_FMCG,Rice,Rice Model-805
PROD-03060,Garments,Saree,Saree Model-356
PROD-03061,Books_Stationery,Art Supplies,Art Supplies Model-245
PROD-03062,Grocery_FMCG,Snacks,Snacks Model-353
PROD-03063,Garments,Jeans,Jeans Model-967
PROD-03064,Grocery_FMCG,Cooking Oil,Cooking Oil Model-983
PROD-03065,Electronics,Smart Watch,Smart Watch Model-289
PROD-03066,Electronics,Laptop,Laptop Model-848
PROD-03067,Grocery_FMCG,Cleaning Supplies,Cleaning Supplies Model-425
PROD-03068,Electronics,Smartphone,Smartphone Model-599
PROD-03069,Garments,Saree,Saree Model-758
PROD-03070,Electronics,Feature Phone,Feature Phone Model-197
PROD-03071,Garments,Kurti,Kurti Model-337
PROD-03072,Books_Stationery,Story Book,Story Book Model-802
PROD-03073,Garments,Kids Wear,Kids Wear Model-483
PROD-03074,Electronics,Smart Watch,Smart Watch Model-842
PROD-03075,Beauty_Health,Skincare,Skincare Model-807
PROD-03076,Electronics,Laptop,Laptop Model-817
PROD-03077,Beauty_Health,Makeup,Makeup Model-573
PROD-03078,Grocery_FMCG,Personal Care,Personal Care Model-168
PROD-03079,Grocery_FMCG,Personal Care,Personal Care Model-126
PROD-03080,Footwear,Formal Shoe,Formal Shoe Model-414
PROD-03081,Footwear,Formal Shoe,Formal Shoe Model-563
PROD-03082,Beauty_Health,Haircare,Haircare Model-555
PROD-03083,Books_Stationery,Notebook,Notebook Model-804
PROD-03084,Books_Stationery,Story Book,Story Book Model-585
PROD-03085,Grocery_FMCG,Cooking Oil,Cooking Oil Model-167
PROD-03086,Garments,Panjabi,Panjabi Model-919
PROD-03087,Garments,Panjabi,Panjabi Model-672
PROD-03088,Footwear,Slipper,Slipper Model-990
PROD-03089,Electronics,Headphone,Headphone Model-294
PROD-03090,Beauty_Health,Haircare,Haircare Model-902
PROD-03091,Electronics,Feature Phone,Feature Phone Model-179
PROD-03092,Electronics,Smart Watch,Smart Watch Model-914
PROD-03093,Home_Living,Kitchenware,Kitchenware Model-857
PROD-03094,Home_Living,Kitchenware,Kitchenware Model-531
PROD-03095,Beauty_Health,Haircare,Haircare Model-285
PROD-03096,Grocery_FMCG,Personal Care,Personal Care Model-509
PROD-03097,Grocery_FMCG,Personal Care,Personal Care Model-846
PROD-03098,Electronics,Power Bank,Power Bank Model-117
PROD-03099,Grocery_FMCG,Personal Care,Personal Care Model-830
PROD-03100,Books_Stationery,Story Book,Story Book Model-855
PROD-03101,Beauty_Health,Makeup,Makeup Model-629
PROD-03102,Beauty_Health,Skincare,Skincare Model-799
PROD-03103,Footwear,Sandal,Sandal Model-690
PROD-03104,Garments,Kids Wear,Kids Wear Model-970
PROD-03105,Garments,Kurti,Kurti Model-881
PROD-03106,Electronics,Home Appliance,Home Appliance Model-537
PROD-03107,Garments,Kids Wear,Kids Wear Model-966
PROD-03108,Beauty_Health,Makeup,Makeup Model-185
PROD-03109,Grocery_FMCG,Snacks,Snacks Model-320
PROD-03110,Garments,Kids Wear,Kids Wear Model-186
PROD-03111,Beauty_Health,Supplements,Supplements Model-366
PROD-03112,Grocery_FMCG,Beverages,Beverages Model-726
PROD-03113,Grocery_FMCG,Cooking Oil,Cooking Oil Model-337
PROD-03114,Footwear,Sneaker,Sneaker Model-405
PROD-03115,Home_Living,Bedding,Bedding Model-531
PROD-03116,Footwear,Sandal,Sandal Model-203
PROD-03117,Grocery_FMCG,Cooking Oil,Cooking Oil Model-121
PROD-03118,Footwear,Formal Shoe,Formal Shoe Model-810
PROD-03119,Footwear,Sandal,Sandal Model-504
PROD-03120,Garments,Jeans,Jeans Model-624
PROD-03121,Garments,Jeans,Jeans Model-887
PROD-03122,Grocery_FMCG,Cooking Oil,Cooking Oil Model-409
PROD-03123,Electronics,Smartphone,Smartphone Model-510
PROD-03124,Electronics,Feature Phone,Feature Phone Model-266
PROD-03125,Electronics,Headphone,Headphone Model-983
PROD-03126,Garments,Saree,Saree Model-680
PROD-03127,Beauty_Health,Supplements,Supplements Model-292
PROD-03128,Electronics,Smartphone,Smartphone Model-368
PROD-03129,Garments,Saree,Saree Model-784
PROD-03130,Beauty_Health,Makeup,Makeup Model-911
PROD-03131,Garments,Panjabi,Panjabi Model-988
PROD-03132,Electronics,Headphone,Headphone Model-125
PROD-03133,Footwear,Sandal,Sandal Model-460
PROD-03134,Grocery_FMCG,Cooking Oil,Cooking Oil Model-131
PROD-03135,Books_Stationery,Story Book,Story Book Model-868
PROD-03136,Garments,Kurti,Kurti Model-853
PROD-03137,Books_Stationery,Art Supplies,Art Supplies Model-335
PROD-03138,Electronics,Smartphone,Smartphone Model-864
PROD-03139,Garments,Saree,Saree Model-165
PROD-03140,Home_Living,Decor,Decor Model-688
PROD-03141,Books_Stationery,Office Supplies,Office Supplies Model-308
PROD-03142,Beauty_Health,Supplements,Supplements Model-970
PROD-03143,Electronics,Smart Watch,Smart Watch Model-467
PROD-03144,Grocery_FMCG,Snacks,Snacks Model-904
PROD-03145,Garments,Jeans,Jeans Model-936
PROD-03146,Garments,T-Shirt,T-Shirt Model-683
PROD-03147,Grocery_FMCG,Beverages,Beverages Model-107
PROD-03148,Home_Living,Bedding,Bedding Model-432
PROD-03149,Grocery_FMCG,Personal Care,Personal Care Model-204
PROD-03150,Footwear,Sneaker,Sneaker Model-105
PROD-03151,Books_Stationery,Notebook,Notebook Model-289
PROD-03152,Garments,Panjabi,Panjabi Model-178
PROD-03153,Electronics,Smartphone,Smartphone Model-387
PROD-03154,Beauty_Health,Haircare,Haircare Model-933
PROD-03155,Electronics,Home Appliance,Home Appliance Model-246
PROD-03156,Footwear,Formal Shoe,Formal Shoe Model-735
PROD-03157,Footwear,Slipper,Slipper Model-663
PROD-03158,Beauty_Health,Supplements,Supplements Model-190
PROD-03159,Electronics,Smartphone,Smartphone Model-844
PROD-03160,Electronics,Feature Phone,Feature Phone Model-423
PROD-03161,Grocery_FMCG,Personal Care,Personal Care Model-673
PROD-03162,Electronics,Power Bank,Power Bank Model-521
PROD-03163,Grocery_FMCG,Beverages,Beverages Model-267
PROD-03164,Grocery_FMCG,Rice,Rice Model-331
PROD-03165,Beauty_Health,Haircare,Haircare Model-457
PROD-03166,Garments,Panjabi,Panjabi Model-609
PROD-03167,Footwear,Formal Shoe,Formal Shoe Model-312
PROD-03168,Grocery_FMCG,Cleaning Supplies,Cleaning Supplies Model-438
PROD-03169,Grocery_FMCG,Cooking Oil,Cooking Oil Model-805
PROD-03170,Electronics,Smart Watch,Smart Watch Model-905
PROD-03171,Grocery_FMCG,Beverages,Beverages Model-882
PROD-03172,Garments,T-Shirt,T-Shirt Model-951
PROD-03173,Grocery_FMCG,Beverages,Beverages Model-961
PROD-03174,Electronics,Headphone,Headphone Model-169
PROD-03175,Electronics,Smartphone,Smartphone Model-232
PROD-03176,Books_Stationery,Art Supplies,Art Supplies Model-407
PROD-03177,Electronics,Smart Watch,Smart Watch Model-226
PROD-03178,Grocery_FMCG,Beverages,Beverages Model-351
PROD-03179,Garments,Saree,Saree Model-159
PROD-03180,Garments,T-Shirt,T-Shirt Model-832
PROD-03181,Electronics,Laptop,Laptop Model-428
PROD-03182,Grocery_FMCG,Rice,Rice Model-687
PROD-03183,Beauty_Health,Makeup,Makeup Model-826
PROD-03184,Grocery_FMCG,Cooking Oil,Cooking Oil Model-502
PROD-03185,Footwear,Slipper,Slipper Model-482
PROD-03186,Grocery_FMCG,Snacks,Snacks Model-780
PROD-03187,Garments,Kids Wear,Kids Wear Model-795
PROD-03188,Footwear,Sandal,Sandal Model-713
PROD-03189,Garments,Jeans,Jeans Model-461
PROD-03190,Garments,Kurti,Kurti Model-912
PROD-03191,Electronics,Laptop,Laptop Model-680
PROD-03192,Grocery_FMCG,Rice,Rice Model-644
PROD-03193,Electronics,Home Appliance,Home Appliance Model-955
PROD-03194,Home_Living,Bedding,Bedding Model-589
PROD-03195,Grocery_FMCG,Personal Care,Personal Care Model-278
PROD-03196,Grocery_FMCG,Cooking Oil,Cooking Oil Model-864
PROD-03197,Grocery_FMCG,Snacks,Snacks Model-536
PROD-03198,Garments,Jeans,Jeans Model-795
PROD-03199,Garments,Jeans,Jeans Model-276
PROD-03200,Footwear,Sneaker,Sneaker Model-922
PROD-03201,Footwear,Slipper,Slipper Model-945
PROD-03202,Garments,Panjabi,Panjabi Model-152
PROD-03203,Garments,Kids Wear,Kids Wear Model-175
PROD-03204,Garments,Panjabi,Panjabi Model-186
PROD-03205,Home_Living,Bedding,Bedding Model-628
PROD-03206,Garments,Saree,Saree Model-254
PROD-03207,Grocery_FMCG,Snacks,Snacks Model-958
PROD-03208,Grocery_FMCG,Snacks,Snacks Model-452
PROD-03209,Beauty_Health,Haircare,Haircare Model-575
PROD-03210,Garments,Jeans,Jeans Model-310
PROD-03211,Garments,Panjabi,Panjabi Model-702
PROD-03212,Garments,T-Shirt,T-Shirt Model-409
PROD-03213,Footwear,Formal Shoe,Formal Shoe Model-891
PROD-03214,Grocery_FMCG,Beverages,Beverages Model-138
PROD-03215,Grocery_FMCG,Rice,Rice Model-745
PROD-03216,Home_Living,Decor,Decor Model-840
PROD-03217,Home_Living,Bedding,Bedding Model-606
PROD-03218,Books_Stationery,Office Supplies,Office Supplies Model-398
PROD-03219,Grocery_FMCG,Cooking Oil,Cooking Oil Model-718
PROD-03220,Electronics,Smartphone,Smartphone Model-839
PROD-03221,Home_Living,Bedding,Bedding Model-635
PROD-03222,Home_Living,Decor,Decor Model-881
PROD-03223,Grocery_FMCG,Snacks,Snacks Model-407
PROD-03224,Electronics,Headphone,Headphone Model-414
PROD-03225,Garments,T-Shirt,T-Shirt Model-366
PROD-03226,Footwear,Slipper,Slipper Model-214
PROD-03227,Home_Living,Bedding,Bedding Model-160
PROD-03228,Beauty_Health,Haircare,Haircare Model-953
PROD-03229,Beauty_Health,Makeup,Makeup Model-338
PROD-03230,Electronics,Smartphone,Smartphone Model-364
PROD-03231,Home_Living,Bedding,Bedding Model-264
PROD-03232,Beauty_Health,Supplements,Supplements Model-117
PROD-03233,Footwear,Formal Shoe,Formal Shoe Model-643
PROD-03234,Beauty_Health,Haircare,Haircare Model-497
PROD-03235,Garments,Panjabi,Panjabi Model-370
PROD-03236,Garments,Panjabi,Panjabi Model-132
PROD-03237,Garments,Saree,Saree Model-810
PROD-03238,Electronics,Smart Watch,Smart Watch Model-764
PROD-03239,Home_Living,Furniture,Furniture Model-481
PROD-03240,Electronics,Headphone,Headphone Model-616
PROD-03241,Footwear,Sandal,Sandal Model-412
PROD-03242,Beauty_Health,Haircare,Haircare Model-191
PROD-03243,Beauty_Health,Supplements,Supplements Model-595
PROD-03244,Electronics,Laptop,Laptop Model-633
PROD-03245,Books_Stationery,Notebook,Notebook Model-848
PROD-03246,Electronics,Power Bank,Power Bank Model-908
PROD-03247,Beauty_Health,Skincare,Skincare Model-456
PROD-03248,Home_Living,Kitchenware,Kitchenware Model-285
PROD-03249,Footwear,Slipper,Slipper Model-639
PROD-03250,Grocery_FMCG,Cooking Oil,Cooking Oil Model-327
PROD-03251,Garments,Kids Wear,Kids Wear Model-228
PROD-03252,Garments,Panjabi,Panjabi Model-708
PROD-03253,Books_Stationery,Office Supplies,Office Supplies Model-330
PROD-03254,Grocery_FMCG,Cooking Oil,Cooking Oil Model-340
PROD-03255,Home_Living,Bedding,Bedding Model-522
PROD-03256,Grocery_FMCG,Rice,Rice Model-987
PROD-03257,Garments,Kids Wear,Kids Wear Model-478
PROD-03258,Garments,Panjabi,Panjabi Model-684
PROD-03259,Footwear,Formal Shoe,Formal Shoe Model-586
PROD-03260,Beauty_Health,Supplements,Supplements Model-969
PROD-03261,Garments,T-Shirt,T-Shirt Model-548
PROD-03262,Home_Living,Kitchenware,Kitchenware Model-466
PROD-03263,Garments,Kurti,Kurti Model-132
PROD-03264,Footwear,Sneaker,Sneaker Model-285
PROD-03265,Garments,Kids Wear,Kids Wear Model-862
PROD-03266,Electronics,Laptop,Laptop Model-178
PROD-03267,Electronics,Headphone,Headphone Model-855
PROD-03268,Garments,Kids Wear,Kids Wear Model-620
PROD-03269,Electronics,Headphone,Headphone Model-864
PROD-03270,Books_Stationery,Office Supplies,Office Supplies Model-894
PROD-03271,Grocery_FMCG,Snacks,Snacks Model-496
PROD-03272,Grocery_FMCG,Rice,Rice Model-474
PROD-03273,Home_Living,Decor,Decor Model-842
PROD-03274,Beauty_Health,Haircare,Haircare Model-750
PROD-03275,Grocery_FMCG,Cooking Oil,Cooking Oil Model-882
PROD-03276,Electronics,Power Bank,Power Bank Model-379
PROD-03277,Footwear,Sandal,Sandal Model-393
PROD-03278,Electronics,Home Appliance,Home Appliance Model-278
PROD-03279,Grocery_FMCG,Cleaning Supplies,Cleaning Supplies Model-740
PROD-03280,Electronics,Headphone,Headphone Model-640
PROD-03281,Home_Living,Furniture,Furniture Model-926
PROD-03282,Electronics,Laptop,Laptop Model-340
PROD-03283,Home_Living,Furniture,Furniture Model-192
PROD-03284,Footwear,Formal Shoe,Formal Shoe Model-645
PROD-03285,Beauty_Health,Haircare,Haircare Model-600
PROD-03286,Footwear,Sneaker,Sneaker Model-932
PROD-03287,Footwear,Slipper,Slipper Model-813
PROD-03288,Books_Stationery,Notebook,Notebook Model-232
PROD-03289,Beauty_Health,Supplements,Supplements Model-880
PROD-03290,Garments,Kids Wear,Kids Wear Model-790
PROD-03291,Footwear,Formal Shoe,Formal Shoe Model-839
PROD-03292,Books_Stationery,Story Book,Story Book Model-994
PROD-03293,Electronics,Headphone,Headphone Model-574
PROD-03294,Garments,T-Shirt,T-Shirt Model-770
PROD-03295,Garments,Panjabi,Panjabi Model-511
PROD-03296,Footwear,Sandal,Sandal Model-691
PROD-03297,Garments,Saree,Saree Model-506
PROD-03298,Garments,Kids Wear,Kids Wear Model-570
PROD-03299,Electronics,Feature Phone,Feature Phone Model-695
PROD-03300,Garments,Jeans,Jeans Model-527
PROD-03301,Footwear,Sandal,Sandal Model-765
PROD-03302,Electronics,Smartphone,Smartphone Model-555
PROD-03303,Beauty_Health,Supplements,Supplements Model-187
PROD-03304,Electronics,Feature Phone,Feature Phone Model-466
PROD-03305,Garments,Kurti,Kurti Model-909
PROD-03306,Electronics,Laptop,Laptop Model-542
PROD-03307,Beauty_Health,Makeup,Makeup Model-262
PROD-03308,Garments,Kids Wear,Kids Wear Model-793
PROD-03309,Garments,Kurti,Kurti Model-120
PROD-03310,Garments,T-Shirt,T-Shirt Model-218
PROD-03311,Home_Living,Furniture,Furniture Model-140
PROD-03312,Electronics,Smartphone,Smartphone Model-955
PROD-03313,Garments,Saree,Saree Model-878
PROD-03314,Electronics,Smartphone,Smartphone Model-359
PROD-03315,Garments,Kids Wear,Kids Wear Model-748
PROD-03316,Electronics,Smartphone,Smartphone Model-241
PROD-03317,Beauty_Health,Supplements,Supplements Model-605
PROD-03318,Footwear,Sandal,Sandal Model-652
PROD-03319,Footwear,Sneaker,Sneaker Model-188
PROD-03320,Beauty_Health,Makeup,Makeup Model-253
PROD-03321,Garments,T-Shirt,T-Shirt Model-294
PROD-03322,Beauty_Health,Haircare,Haircare Model-345
PROD-03323,Garments,Kurti,Kurti Model-228
PROD-03324,Home_Living,Bedding,Bedding Model-148
PROD-03325,Garments,Panjabi,Panjabi Model-758
PROD-03326,Beauty_Health,Skincare,Skincare Model-739
PROD-03327,Electronics,Smartphone,Smartphone Model-728
PROD-03328,Electronics,Laptop,Laptop Model-672
PROD-03329,Garments,Panjabi,Panjabi Model-341
PROD-03330,Grocery_FMCG,Beverages,Beverages Model-417
PROD-03331,Footwear,Formal Shoe,Formal Shoe Model-481
PROD-03332,Beauty_Health,Makeup,Makeup Model-343
PROD-03333,Garments,Kids Wear,Kids Wear Model-101
PROD-03334,Electronics,Smartphone,Smartphone Model-119
PROD-03335,Grocery_FMCG,Cooking Oil,Cooking Oil Model-315
PROD-03336,Books_Stationery,Art Supplies,Art Supplies Model-336
PROD-03337,Home_Living,Furniture,Furniture Model-213
PROD-03338,Home_Living,Decor,Decor Model-508
PROD-03339,Grocery_FMCG,Cooking Oil,Cooking Oil Model-198
PROD-03340,Grocery_FMCG,Personal Care,Personal Care Model-221
PROD-03341,Garments,Jeans,Jeans Model-841
PROD-03342,Grocery_FMCG,Snacks,Snacks Model-552
PROD-03343,Garments,Panjabi,Panjabi Model-507
PROD-03344,Home_Living,Bedding,Bedding Model-461
PROD-03345,Books_Stationery,Office Supplies,Office Supplies Model-165
PROD-03346,Garments,Saree,Saree Model-575
PROD-03347,Garments,Panjabi,Panjabi Model-959
PROD-03348,Electronics,Home Appliance,Home Appliance Model-649
PROD-03349,Home_Living,Bedding,Bedding Model-695
PROD-03350,Grocery_FMCG,Cooking Oil,Cooking Oil Model-437
PROD-03351,Home_Living,Kitchenware,Kitchenware Model-766
PROD-03352,Garments,Jeans,Jeans Model-173
PROD-03353,Garments,Jeans,Jeans Model-789
PROD-03354,Footwear,Sneaker,Sneaker Model-449
PROD-03355,Books_Stationery,Notebook,Notebook Model-796
PROD-03356,Footwear,Sandal,Sandal Model-228
PROD-03357,Beauty_Health,Skincare,Skincare Model-569
PROD-03358,Electronics,Laptop,Laptop Model-916
PROD-03359,Electronics,Feature Phone,Feature Phone Model-884
PROD-03360,Home_Living,Kitchenware,Kitchenware Model-317
PROD-03361,Electronics,Smartphone,Smartphone Model-963
PROD-03362,Beauty_Health,Haircare,Haircare Model-870
PROD-03363,Beauty_Health,Haircare,Haircare Model-852
PROD-03364,Home_Living,Kitchenware,Kitchenware Model-405
PROD-03365,Footwear,Sandal,Sandal Model-317
PROD-03366,Beauty_Health,Makeup,Makeup Model-512
PROD-03367,Books_Stationery,Story Book,Story Book Model-979
PROD-03368,Garments,Kurti,Kurti Model-608
PROD-03369,Grocery_FMCG,Beverages,Beverages Model-506
PROD-03370,Beauty_Health,Supplements,Supplements Model-817
PROD-03371,Electronics,Smart Watch,Smart Watch Model-550
PROD-03372,Garments,Panjabi,Panjabi Model-292
PROD-03373,Home_Living,Kitchenware,Kitchenware Model-152
PROD-03374,Home_Living,Kitchenware,Kitchenware Model-368
PROD-03375,Footwear,Sandal,Sandal Model-496
PROD-03376,Garments,Saree,Saree Model-722
PROD-03377,Beauty_Health,Haircare,Haircare Model-262
PROD-03378,Garments,Panjabi,Panjabi Model-509
PROD-03379,Grocery_FMCG,Personal Care,Personal Care Model-490
PROD-03380,Home_Living,Bedding,Bedding Model-716
PROD-03381,Grocery_FMCG,Personal Care,Personal Care Model-155
PROD-03382,Beauty_Health,Haircare,Haircare Model-451
PROD-03383,Garments,Kurti,Kurti Model-441
PROD-03384,Grocery_FMCG,Personal Care,Personal Care Model-562
PROD-03385,Garments,Panjabi,Panjabi Model-935
PROD-03386,Electronics,Smartphone,Smartphone Model-971
PROD-03387,Garments,Kids Wear,Kids Wear Model-321
PROD-03388,Grocery_FMCG,Beverages,Beverages Model-918
PROD-03389,Electronics,Smart Watch,Smart Watch Model-738
PROD-03390,Garments,Kids Wear,Kids Wear Model-484
PROD-03391,Footwear,Sandal,Sandal Model-602
PROD-03392,Electronics,Home Appliance,Home Appliance Model-588
PROD-03393,Grocery_FMCG,Cooking Oil,Cooking Oil Model-628
PROD-03394,Grocery_FMCG,Rice,Rice Model-751
PROD-03395,Grocery_FMCG,Beverages,Beverages Model-325
PROD-03396,Garments,Jeans,Jeans Model-590
PROD-03397,Home_Living,Kitchenware,Kitchenware Model-116
PROD-03398,Garments,Panjabi,Panjabi Model-955
PROD-03399,Home_Living,Decor,Decor Model-671
PROD-03400,Garments,Kids Wear,Kids Wear Model-588
PROD-03401,Footwear,Slipper,Slipper Model-183
PROD-03402,Garments,Kids Wear,Kids Wear Model-847
PROD-03403,Books_Stationery,Story Book,Story Book Model-541
PROD-03404,Home_Living,Furniture,Furniture Model-262
PROD-03405,Books_Stationery,Office Supplies,Office Supplies Model-666
PROD-03406,Beauty_Health,Haircare,Haircare Model-571
PROD-03407,Footwear,Sandal,Sandal Model-106
PROD-03408,Books_Stationery,Story Book,Story Book Model-331
PROD-03409,Electronics,Smart Watch,Smart Watch Model-981
PROD-03410,Grocery_FMCG,Beverages,Beverages Model-172
PROD-03411,Grocery_FMCG,Cleaning Supplies,Cleaning Supplies Model-988
PROD-03412,Garments,Jeans,Jeans Model-312
PROD-03413,Garments,Panjabi,Panjabi Model-667
PROD-03414,Home_Living,Decor,Decor Model-395
PROD-03415,Electronics,Laptop,Laptop Model-908
PROD-03416,Garments,Kurti,Kurti Model-780
PROD-03417,Garments,Kurti,Kurti Model-271
PROD-03418,Electronics,Home Appliance,Home Appliance Model-154
PROD-03419,Grocery_FMCG,Beverages,Beverages Model-795
PROD-03420,Books_Stationery,Notebook,Notebook Model-225
PROD-03421,Grocery_FMCG,Rice,Rice Model-138
PROD-03422,Grocery_FMCG,Rice,Rice Model-965
PROD-03423,Home_Living,Bedding,Bedding Model-580
PROD-03424,Footwear,Sandal,Sandal Model-665
PROD-03425,Grocery_FMCG,Snacks,Snacks Model-893
PROD-03426,Footwear,Sneaker,Sneaker Model-620
PROD-03427,Footwear,Sneaker,Sneaker Model-769
PROD-03428,Grocery_FMCG,Rice,Rice Model-507
PROD-03429,Home_Living,Kitchenware,Kitchenware Model-124
PROD-03430,Garments,Panjabi,Panjabi Model-626
PROD-03431,Electronics,Headphone,Headphone Model-966
PROD-03432,Home_Living,Decor,Decor Model-462
PROD-03433,Beauty_Health,Skincare,Skincare Model-225
PROD-03434,Grocery_FMCG,Cooking Oil,Cooking Oil Model-720
PROD-03435,Electronics,Power Bank,Power Bank Model-193
PROD-03436,Books_Stationery,Office Supplies,Office Supplies Model-891
PROD-03437,Electronics,Home Appliance,Home Appliance Model-536
PROD-03438,Home_Living,Decor,Decor Model-623
PROD-03439,Grocery_FMCG,Cooking Oil,Cooking Oil Model-981
PROD-03440,Beauty_Health,Supplements,Supplements Model-317
PROD-03441,Electronics,Headphone,Headphone Model-581
PROD-03442,Garments,Kids Wear,Kids Wear Model-447
PROD-03443,Electronics,Smart Watch,Smart Watch Model-972
PROD-03444,Beauty_Health,Haircare,Haircare Model-370
PROD-03445,Grocery_FMCG,Beverages,Beverages Model-583
PROD-03446,Garments,Kurti,Kurti Model-625
PROD-03447,Beauty_Health,Haircare,Haircare Model-374
PROD-03448,Electronics,Smart Watch,Smart Watch Model-806
PROD-03449,Grocery_FMCG,Cleaning Supplies,Cleaning Supplies Model-453
PROD-03450,Electronics,Laptop,Laptop Model-460
PROD-03451,Home_Living,Kitchenware,Kitchenware Model-867
PROD-03452,Beauty_Health,Haircare,Haircare Model-341
PROD-03453,Garments,Jeans,Jeans Model-427
PROD-03454,Electronics,Feature Phone,Feature Phone Model-628
PROD-03455,Electronics,Smartphone,Smartphone Model-600
PROD-03456,Garments,Saree,Saree Model-361
PROD-03457,Grocery_FMCG,Cleaning Supplies,Cleaning Supplies Model-165
PROD-03458,Grocery_FMCG,Personal Care,Personal Care Model-824
PROD-03459,Footwear,Sneaker,Sneaker Model-418
PROD-03460,Home_Living,Kitchenware,Kitchenware Model-763
PROD-03461,Garments,T-Shirt,T-Shirt Model-694
PROD-03462,Garments,T-Shirt,T-Shirt Model-882
PROD-03463,Home_Living,Bedding,Bedding Model-747
PROD-03464,Garments,Kurti,Kurti Model-223
PROD-03465,Garments,Jeans,Jeans Model-843
PROD-03466,Electronics,Smartphone,Smartphone Model-439
PROD-03467,Footwear,Formal Shoe,Formal Shoe Model-353
PROD-03468,Grocery_FMCG,Personal Care,Personal Care Model-300
PROD-03469,Garments,Panjabi,Panjabi Model-887
PROD-03470,Home_Living,Decor,Decor Model-759
PROD-03471,Footwear,Formal Shoe,Formal Shoe Model-558
PROD-03472,Garments,T-Shirt,T-Shirt Model-565
PROD-03473,Footwear,Slipper,Slipper Model-504
PROD-03474,Books_Stationery,Art Supplies,Art Supplies Model-654
PROD-03475,Electronics,Home Appliance,Home Appliance Model-693
PROD-03476,Electronics,Smartphone,Smartphone Model-391
PROD-03477,Grocery_FMCG,Cooking Oil,Cooking Oil Model-395
PROD-03478,Electronics,Home Appliance,Home Appliance Model-924
PROD-03479,Garments,Saree,Saree Model-791
PROD-03480,Home_Living,Bedding,Bedding Model-384
PROD-03481,Grocery_FMCG,Snacks,Snacks Model-339
PROD-03482,Footwear,Slipper,Slipper Model-693
PROD-03483,Grocery_FMCG,Cooking Oil,Cooking Oil Model-971
PROD-03484,Garments,Panjabi,Panjabi Model-315
PROD-03485,Electronics,Smartphone,Smartphone Model-854
PROD-03486,Electronics,Smartphone,Smartphone Model-924
PROD-03487,Grocery_FMCG,Rice,Rice Model-880
PROD-03488,Beauty_Health,Haircare,Haircare Model-960
PROD-03489,Grocery_FMCG,Beverages,Beverages Model-445
PROD-03490,Footwear,Slipper,Slipper Model-193
PROD-03491,Grocery_FMCG,Personal Care,Personal Care Model-756
PROD-03492,Electronics,Smart Watch,Smart Watch Model-456
PROD-03493,Footwear,Formal Shoe,Formal Shoe Model-678
PROD-03494,Grocery_FMCG,Beverages,Beverages Model-395
PROD-03495,Electronics,Headphone,Headphone Model-866
PROD-03496,Grocery_FMCG,Rice,Rice Model-457
PROD-03497,Electronics,Smart Watch,Smart Watch Model-483
PROD-03498,Home_Living,Furniture,Furniture Model-719
PROD-03499,Home_Living,Furniture,Furniture Model-193
PROD-03500,Books_Stationery,Notebook,Notebook Model-362
PROD-03501,Grocery_FMCG,Personal Care,Personal Care Model-743
PROD-03502,Garments,Kids Wear,Kids Wear Model-829
PROD-03503,Garments,Kurti,Kurti Model-494
PROD-03504,Books_Stationery,Office Supplies,Office Supplies Model-840
PROD-03505,Electronics,Feature Phone,Feature Phone Model-965
PROD-03506,Home_Living,Bedding,Bedding Model-465
PROD-03507,Home_Living,Furniture,Furniture Model-910
PROD-03508,Grocery_FMCG,Rice,Rice Model-451
PROD-03509,Beauty_Health,Supplements,Supplements Model-517
PROD-03510,Garments,Kids Wear,Kids Wear Model-923
PROD-03511,Garments,Kids Wear,Kids Wear Model-722
PROD-03512,Grocery_FMCG,Cooking Oil,Cooking Oil Model-682
PROD-03513,Grocery_FMCG,Cooking Oil,Cooking Oil Model-612
PROD-03514,Electronics,Smart Watch,Smart Watch Model-214
PROD-03515,Footwear,Sneaker,Sneaker Model-728
PROD-03516,Electronics,Smart Watch,Smart Watch Model-479
PROD-03517,Home_Living,Decor,Decor Model-423
PROD-03518,Electronics,Smartphone,Smartphone Model-172
PROD-03519,Electronics,Smartphone,Smartphone Model-603
PROD-03520,Books_Stationery,Story Book,Story Book Model-236
PROD-03521,Garments,Kurti,Kurti Model-314
PROD-03522,Electronics,Laptop,Laptop Model-638
PROD-03523,Home_Living,Decor,Decor Model-384
PROD-03524,Garments,Kurti,Kurti Model-464
PROD-03525,Books_Stationery,Story Book,Story Book Model-947
PROD-03526,Grocery_FMCG,Beverages,Beverages Model-965
PROD-03527,Books_Stationery,Notebook,Notebook Model-630
PROD-03528,Grocery_FMCG,Cleaning Supplies,Cleaning Supplies Model-414
PROD-03529,Electronics,Smartphone,Smartphone Model-328
PROD-03530,Beauty_Health,Supplements,Supplements Model-131
PROD-03531,Home_Living,Bedding,Bedding Model-908
PROD-03532,Garments,Kurti,Kurti Model-389
PROD-03533,Footwear,Slipper,Slipper Model-745
PROD-03534,Garments,Panjabi,Panjabi Model-590
PROD-03535,Grocery_FMCG,Rice,Rice Model-936
PROD-03536,Home_Living,Bedding,Bedding Model-231
PROD-03537,Electronics,Home Appliance,Home Appliance Model-452
PROD-03538,Grocery_FMCG,Snacks,Snacks Model-379
PROD-03539,Grocery_FMCG,Cleaning Supplies,Cleaning Supplies Model-908
PROD-03540,Footwear,Slipper,Slipper Model-854
PROD-03541,Electronics,Laptop,Laptop Model-518
PROD-03542,Beauty_Health,Makeup,Makeup Model-533
PROD-03543,Electronics,Power Bank,Power Bank Model-762
PROD-03544,Garments,Panjabi,Panjabi Model-423
PROD-03545,Garments,T-Shirt,T-Shirt Model-209
PROD-03546,Electronics,Power Bank,Power Bank Model-559
PROD-03547,Books_Stationery,Office Supplies,Office Supplies Model-178
PROD-03548,Garments,Panjabi,Panjabi Model-898
PROD-03549,Garments,T-Shirt,T-Shirt Model-883
PROD-03550,Garments,Kurti,Kurti Model-463
PROD-03551,Beauty_Health,Skincare,Skincare Model-133
PROD-03552,Home_Living,Bedding,Bedding Model-520
PROD-03553,Grocery_FMCG,Cleaning Supplies,Cleaning Supplies Model-992
PROD-03554,Beauty_Health,Supplements,Supplements Model-844
PROD-03555,Books_Stationery,Story Book,Story Book Model-936
PROD-03556,Home_Living,Furniture,Furniture Model-402
PROD-03557,Books_Stationery,Office Supplies,Office Supplies Model-748
PROD-03558,Beauty_Health,Supplements,Supplements Model-552
PROD-03559,Beauty_Health,Makeup,Makeup Model-202
PROD-03560,Electronics,Laptop,Laptop Model-749
PROD-03561,Electronics,Home Appliance,Home Appliance Model-236
PROD-03562,Footwear,Slipper,Slipper Model-932
PROD-03563,Grocery_FMCG,Personal Care,Personal Care Model-177
PROD-03564,Footwear,Formal Shoe,Formal Shoe Model-511
PROD-03565,Garments,Kids Wear,Kids Wear Model-240
PROD-03566,Books_Stationery,Art Supplies,Art Supplies Model-933
PROD-03567,Books_Stationery,Office Supplies,Office Supplies Model-297
PROD-03568,Footwear,Sandal,Sandal Model-185
PROD-03569,Beauty_Health,Skincare,Skincare Model-516
PROD-03570,Garments,Kids Wear,Kids Wear Model-978
PROD-03571,Home_Living,Decor,Decor Model-779
PROD-03572,Home_Living,Decor,Decor Model-546
PROD-03573,Footwear,Slipper,Slipper Model-978
PROD-03574,Grocery_FMCG,Cleaning Supplies,Cleaning Supplies Model-931
PROD-03575,Garments,Jeans,Jeans Model-907
PROD-03576,Grocery_FMCG,Snacks,Snacks Model-203
PROD-03577,Beauty_Health,Makeup,Makeup Model-374
PROD-03578,Garments,T-Shirt,T-Shirt Model-232
PROD-03579,Garments,Panjabi,Panjabi Model-624
PROD-03580,Electronics,Smart Watch,Smart Watch Model-501
PROD-03581,Electronics,Smartphone,Smartphone Model-162
PROD-03582,Home_Living,Bedding,Bedding Model-737
PROD-03583,Electronics,Smart Watch,Smart Watch Model-119
PROD-03584,Footwear,Formal Shoe,Formal Shoe Model-856
PROD-03585,Electronics,Smart Watch,Smart Watch Model-756
PROD-03586,Electronics,Smart Watch,Smart Watch Model-677
PROD-03587,Grocery_FMCG,Cleaning Supplies,Cleaning Supplies Model-923
PROD-03588,Electronics,Smartphone,Smartphone Model-278
PROD-03589,Grocery_FMCG,Personal Care,Personal Care Model-634
PROD-03590,Books_Stationery,Art Supplies,Art Supplies Model-320
PROD-03591,Garments,Kurti,Kurti Model-723
PROD-03592,Grocery_FMCG,Personal Care,Personal Care Model-889
PROD-03593,Grocery_FMCG,Personal Care,Personal Care Model-984
PROD-03594,Footwear,Sandal,Sandal Model-484
PROD-03595,Books_Stationery,Art Supplies,Art Supplies Model-751
PROD-03596,Grocery_FMCG,Snacks,Snacks Model-474
PROD-03597,Beauty_Health,Haircare,Haircare Model-387
PROD-03598,Beauty_Health,Makeup,Makeup Model-194
PROD-03599,Beauty_Health,Haircare,Haircare Model-536
PROD-03600,Grocery_FMCG,Cleaning Supplies,Cleaning Supplies Model-979
PROD-03601,Electronics,Laptop,Laptop Model-139
PROD-03602,Electronics,Headphone,Headphone Model-436
PROD-03603,Electronics,Smart Watch,Smart Watch Model-986
PROD-03604,Electronics,Smart Watch,Smart Watch Model-963
PROD-03605,Home_Living,Bedding,Bedding Model-932
PROD-03606,Garments,Jeans,Jeans Model-108
PROD-03607,Footwear,Sneaker,Sneaker Model-117
PROD-03608,Electronics,Smartphone,Smartphone Model-892
PROD-03609,Beauty_Health,Haircare,Haircare Model-836
PROD-03610,Beauty_Health,Skincare,Skincare Model-657
PROD-03611,Garments,Kids Wear,Kids Wear Model-405
PROD-03612,Electronics,Smart Watch,Smart Watch Model-379
PROD-03613,Grocery_FMCG,Rice,Rice Model-624
PROD-03614,Garments,Kurti,Kurti Model-164
PROD-03615,Electronics,Power Bank,Power Bank Model-601
PROD-03616,Electronics,Laptop,Laptop Model-849
PROD-03617,Beauty_Health,Haircare,Haircare Model-808
PROD-03618,Footwear,Slipper,Slipper Model-892
PROD-03619,Grocery_FMCG,Beverages,Beverages Model-318
PROD-03620,Grocery_FMCG,Snacks,Snacks Model-296
PROD-03621,Home_Living,Decor,Decor Model-561
PROD-03622,Grocery_FMCG,Cooking Oil,Cooking Oil Model-907
PROD-03623,Home_Living,Bedding,Bedding Model-862
PROD-03624,Electronics,Home Appliance,Home Appliance Model-757
PROD-03625,Footwear,Sandal,Sandal Model-806
PROD-03626,Beauty_Health,Supplements,Supplements Model-525
PROD-03627,Books_Stationery,Office Supplies,Office Supplies Model-539
PROD-03628,Home_Living,Furniture,Furniture Model-259
PROD-03629,Garments,Jeans,Jeans Model-963
PROD-03630,Grocery_FMCG,Beverages,Beverages Model-519
PROD-03631,Grocery_FMCG,Cleaning Supplies,Cleaning Supplies Model-218
PROD-03632,Home_Living,Bedding,Bedding Model-786
PROD-03633,Electronics,Smartphone,Smartphone Model-176
PROD-03634,Home_Living,Kitchenware,Kitchenware Model-382
PROD-03635,Grocery_FMCG,Cleaning Supplies,Cleaning Supplies Model-123
PROD-03636,Grocery_FMCG,Rice,Rice Model-645
PROD-03637,Footwear,Sandal,Sandal Model-268
PROD-03638,Footwear,Sneaker,Sneaker Model-301
PROD-03639,Garments,Kids Wear,Kids Wear Model-353
PROD-03640,Electronics,Smartphone,Smartphone Model-358
PROD-03641,Books_Stationery,Story Book,Story Book Model-368
PROD-03642,Footwear,Sneaker,Sneaker Model-200
PROD-03643,Grocery_FMCG,Personal Care,Personal Care Model-188
PROD-03644,Electronics,Feature Phone,Feature Phone Model-932
PROD-03645,Electronics,Smartphone,Smartphone Model-186
PROD-03646,Garments,T-Shirt,T-Shirt Model-516
PROD-03647,Footwear,Formal Shoe,Formal Shoe Model-923
PROD-03648,Footwear,Sandal,Sandal Model-165
PROD-03649,Garments,Panjabi,Panjabi Model-380
PROD-03650,Grocery_FMCG,Rice,Rice Model-920
PROD-03651,Books_Stationery,Notebook,Notebook Model-238
PROD-03652,Garments,Kids Wear,Kids Wear Model-474
PROD-03653,Garments,T-Shirt,T-Shirt Model-235
PROD-03654,Beauty_Health,Supplements,Supplements Model-671
PROD-03655,Garments,Kurti,Kurti Model-949
PROD-03656,Garments,Saree,Saree Model-705
PROD-03657,Garments,Kurti,Kurti Model-586
PROD-03658,Footwear,Sandal,Sandal Model-906
PROD-03659,Footwear,Sneaker,Sneaker Model-253
PROD-03660,Electronics,Smartphone,Smartphone Model-502
PROD-03661,Home_Living,Kitchenware,Kitchenware Model-200
PROD-03662,Garments,Kids Wear,Kids Wear Model-334
PROD-03663,Electronics,Smartphone,Smartphone Model-509
PROD-03664,Garments,Kids Wear,Kids Wear Model-553
PROD-03665,Electronics,Feature Phone,Feature Phone Model-169
PROD-03666,Electronics,Laptop,Laptop Model-204
PROD-03667,Electronics,Headphone,Headphone Model-791
PROD-03668,Beauty_Health,Makeup,Makeup Model-222
PROD-03669,Beauty_Health,Makeup,Makeup Model-181
PROD-03670,Electronics,Smart Watch,Smart Watch Model-374
PROD-03671,Footwear,Formal Shoe,Formal Shoe Model-192
PROD-03672,Beauty_Health,Supplements,Supplements Model-493
PROD-03673,Garments,Kids Wear,Kids Wear Model-378
PROD-03674,Electronics,Home Appliance,Home Appliance Model-364
PROD-03675,Footwear,Slipper,Slipper Model-647
PROD-03676,Footwear,Sneaker,Sneaker Model-717
PROD-03677,Electronics,Laptop,Laptop Model-153
PROD-03678,Grocery_FMCG,Beverages,Beverages Model-162
PROD-03679,Garments,Panjabi,Panjabi Model-323
PROD-03680,Electronics,Power Bank,Power Bank Model-340
PROD-03681,Garments,Kurti,Kurti Model-740
PROD-03682,Home_Living,Decor,Decor Model-314
PROD-03683,Electronics,Home Appliance,Home Appliance Model-127
PROD-03684,Footwear,Sandal,Sandal Model-600
PROD-03685,Garments,Kids Wear,Kids Wear Model-671
PROD-03686,Garments,Kids Wear,Kids Wear Model-552
PROD-03687,Electronics,Power Bank,Power Bank Model-965
PROD-03688,Grocery_FMCG,Personal Care,Personal Care Model-821
PROD-03689,Footwear,Formal Shoe,Formal Shoe Model-804
PROD-03690,Grocery_FMCG,Cleaning Supplies,Cleaning Supplies Model-709
PROD-03691,Garments,T-Shirt,T-Shirt Model-584
PROD-03692,Home_Living,Bedding,Bedding Model-444
PROD-03693,Beauty_Health,Skincare,Skincare Model-183
PROD-03694,Garments,Jeans,Jeans Model-500
PROD-03695,Footwear,Formal Shoe,Formal Shoe Model-342
PROD-03696,Home_Living,Furniture,Furniture Model-378
PROD-03697,Garments,Kids Wear,Kids Wear Model-455
PROD-03698,Footwear,Sandal,Sandal Model-571
PROD-03699,Beauty_Health,Skincare,Skincare Model-290
PROD-03700,Garments,Kids Wear,Kids Wear Model-765
PROD-03701,Beauty_Health,Supplements,Supplements Model-318
PROD-03702,Electronics,Smartphone,Smartphone Model-565
PROD-03703,Electronics,Headphone,Headphone Model-428
PROD-03704,Garments,Jeans,Jeans Model-975
PROD-03705,Electronics,Smartphone,Smartphone Model-944
PROD-03706,Electronics,Headphone,Headphone Model-170
PROD-03707,Grocery_FMCG,Rice,Rice Model-685
PROD-03708,Grocery_FMCG,Cleaning Supplies,Cleaning Supplies Model-185
PROD-03709,Footwear,Formal Shoe,Formal Shoe Model-896
PROD-03710,Electronics,Smartphone,Smartphone Model-573
PROD-03711,Footwear,Sandal,Sandal Model-644
PROD-03712,Electronics,Power Bank,Power Bank Model-759
PROD-03713,Grocery_FMCG,Snacks,Snacks Model-490
PROD-03714,Garments,Saree,Saree Model-668
PROD-03715,Books_Stationery,Story Book,Story Book Model-444
PROD-03716,Garments,Kurti,Kurti Model-216
PROD-03717,Grocery_FMCG,Cleaning Supplies,Cleaning Supplies Model-322
PROD-03718,Grocery_FMCG,Cooking Oil,Cooking Oil Model-796
PROD-03719,Grocery_FMCG,Cooking Oil,Cooking Oil Model-175
PROD-03720,Footwear,Slipper,Slipper Model-332
PROD-03721,Footwear,Formal Shoe,Formal Shoe Model-409
PROD-03722,Footwear,Slipper,Slipper Model-596
PROD-03723,Footwear,Formal Shoe,Formal Shoe Model-682
PROD-03724,Grocery_FMCG,Cooking Oil,Cooking Oil Model-125
PROD-03725,Footwear,Slipper,Slipper Model-361
PROD-03726,Footwear,Formal Shoe,Formal Shoe Model-537
PROD-03727,Home_Living,Bedding,Bedding Model-619
PROD-03728,Beauty_Health,Skincare,Skincare Model-703
PROD-03729,Electronics,Headphone,Headphone Model-746
PROD-03730,Garments,Kurti,Kurti Model-342
PROD-03731,Books_Stationery,Story Book,Story Book Model-769
PROD-03732,Home_Living,Bedding,Bedding Model-983
PROD-03733,Books_Stationery,Story Book,Story Book Model-319
PROD-03734,Garments,T-Shirt,T-Shirt Model-642
PROD-03735,Garments,Kurti,Kurti Model-760
PROD-03736,Grocery_FMCG,Rice,Rice Model-958
PROD-03737,Home_Living,Bedding,Bedding Model-698
PROD-03738,Electronics,Feature Phone,Feature Phone Model-246
PROD-03739,Garments,Panjabi,Panjabi Model-188
PROD-03740,Home_Living,Kitchenware,Kitchenware Model-213
PROD-03741,Electronics,Headphone,Headphone Model-922
PROD-03742,Footwear,Sneaker,Sneaker Model-275
PROD-03743,Electronics,Headphone,Headphone Model-280
PROD-03744,Grocery_FMCG,Personal Care,Personal Care Model-260
PROD-03745,Garments,Kids Wear,Kids Wear Model-493
PROD-03746,Garments,T-Shirt,T-Shirt Model-113
PROD-03747,Garments,T-Shirt,T-Shirt Model-378
PROD-03748,Footwear,Sneaker,Sneaker Model-850
PROD-03749,Footwear,Sandal,Sandal Model-168
PROD-03750,Grocery_FMCG,Cooking Oil,Cooking Oil Model-610
PROD-03751,Garments,Jeans,Jeans Model-104
PROD-03752,Grocery_FMCG,Snacks,Snacks Model-976
PROD-03753,Garments,T-Shirt,T-Shirt Model-288
PROD-03754,Garments,Kids Wear,Kids Wear Model-699
PROD-03755,Books_Stationery,Notebook,Notebook Model-526
PROD-03756,Beauty_Health,Makeup,Makeup Model-786
PROD-03757,Grocery_FMCG,Cleaning Supplies,Cleaning Supplies Model-560
PROD-03758,Garments,T-Shirt,T-Shirt Model-481
PROD-03759,Electronics,Feature Phone,Feature Phone Model-529
PROD-03760,Garments,Panjabi,Panjabi Model-487
PROD-03761,Grocery_FMCG,Rice,Rice Model-229
PROD-03762,Home_Living,Furniture,Furniture Model-121
PROD-03763,Home_Living,Bedding,Bedding Model-568
PROD-03764,Grocery_FMCG,Cleaning Supplies,Cleaning Supplies Model-663
PROD-03765,Garments,Panjabi,Panjabi Model-283
PROD-03766,Grocery_FMCG,Personal Care,Personal Care Model-575
PROD-03767,Garments,Saree,Saree Model-699
PROD-03768,Electronics,Feature Phone,Feature Phone Model-943
PROD-03769,Footwear,Formal Shoe,Formal Shoe Model-805
PROD-03770,Beauty_Health,Makeup,Makeup Model-991
PROD-03771,Footwear,Sneaker,Sneaker Model-107
PROD-03772,Beauty_Health,Haircare,Haircare Model-478
PROD-03773,Electronics,Smart Watch,Smart Watch Model-415
PROD-03774,Books_Stationery,Story Book,Story Book Model-931
PROD-03775,Electronics,Power Bank,Power Bank Model-148
PROD-03776,Beauty_Health,Skincare,Skincare Model-177
PROD-03777,Electronics,Smart Watch,Smart Watch Model-392
PROD-03778,Garments,Kids Wear,Kids Wear Model-947
PROD-03779,Grocery_FMCG,Cooking Oil,Cooking Oil Model-883
PROD-03780,Grocery_FMCG,Personal Care,Personal Care Model-633
PROD-03781,Home_Living,Decor,Decor Model-294
PROD-03782,Beauty_Health,Skincare,Skincare Model-158
PROD-03783,Footwear,Sandal,Sandal Model-814
PROD-03784,Grocery_FMCG,Cooking Oil,Cooking Oil Model-578
PROD-03785,Garments,Panjabi,Panjabi Model-651
PROD-03786,Grocery_FMCG,Personal Care,Personal Care Model-329
PROD-03787,Electronics,Power Bank,Power Bank Model-238
PROD-03788,Beauty_Health,Makeup,Makeup Model-754
PROD-03789,Grocery_FMCG,Cleaning Supplies,Cleaning Supplies Model-135
PROD-03790,Garments,Kurti,Kurti Model-966
PROD-03791,Garments,Kids Wear,Kids Wear Model-338
PROD-03792,Grocery_FMCG,Cooking Oil,Cooking Oil Model-657
PROD-03793,Garments,Saree,Saree Model-117
PROD-03794,Electronics,Feature Phone,Feature Phone Model-989
PROD-03795,Footwear,Formal Shoe,Formal Shoe Model-727
PROD-03796,Garments,Kids Wear,Kids Wear Model-769
PROD-03797,Home_Living,Kitchenware,Kitchenware Model-432
PROD-03798,Grocery_FMCG,Snacks,Snacks Model-770
PROD-03799,Beauty_Health,Makeup,Makeup Model-391
PROD-03800,Electronics,Power Bank,Power Bank Model-469
PROD-03801,Electronics,Smartphone,Smartphone Model-340
PROD-03802,Grocery_FMCG,Rice,Rice Model-124
PROD-03803,Grocery_FMCG,Beverages,Beverages Model-473
PROD-03804,Books_Stationery,Office Supplies,Office Supplies Model-373
PROD-03805,Grocery_FMCG,Snacks,Snacks Model-968
PROD-03806,Grocery_FMCG,Beverages,Beverages Model-526
PROD-03807,Grocery_FMCG,Snacks,Snacks Model-315
PROD-03808,Footwear,Sandal,Sandal Model-950
PROD-03809,Beauty_Health,Makeup,Makeup Model-919
PROD-03810,Home_Living,Furniture,Furniture Model-624
PROD-03811,Garments,Kurti,Kurti Model-133
PROD-03812,Grocery_FMCG,Beverages,Beverages Model-732
PROD-03813,Electronics,Home Appliance,Home Appliance Model-550
PROD-03814,Garments,Jeans,Jeans Model-583
PROD-03815,Grocery_FMCG,Cleaning Supplies,Cleaning Supplies Model-372
PROD-03816,Garments,T-Shirt,T-Shirt Model-506
PROD-03817,Beauty_Health,Skincare,Skincare Model-487
PROD-03818,Garments,Kids Wear,Kids Wear Model-258
PROD-03819,Electronics,Headphone,Headphone Model-642
PROD-03820,Garments,Saree,Saree Model-386
PROD-03821,Garments,Saree,Saree Model-731
PROD-03822,Grocery_FMCG,Personal Care,Personal Care Model-322
PROD-03823,Footwear,Slipper,Slipper Model-473
PROD-03824,Footwear,Sneaker,Sneaker Model-122
PROD-03825,Garments,Jeans,Jeans Model-383
PROD-03826,Home_Living,Kitchenware,Kitchenware Model-935
PROD-03827,Grocery_FMCG,Cooking Oil,Cooking Oil Model-736
PROD-03828,Footwear,Sandal,Sandal Model-760
PROD-03829,Grocery_FMCG,Cooking Oil,Cooking Oil Model-242
PROD-03830,Electronics,Headphone,Headphone Model-297
PROD-03831,Home_Living,Furniture,Furniture Model-329
PROD-03832,Home_Living,Decor,Decor Model-142
PROD-03833,Electronics,Power Bank,Power Bank Model-186
PROD-03834,Books_Stationery,Office Supplies,Office Supplies Model-441
PROD-03835,Garments,T-Shirt,T-Shirt Model-623
PROD-03836,Garments,Saree,Saree Model-993
PROD-03837,Garments,Kurti,Kurti Model-714
PROD-03838,Home_Living,Bedding,Bedding Model-918
PROD-03839,Electronics,Smartphone,Smartphone Model-895
PROD-03840,Garments,Jeans,Jeans Model-382
PROD-03841,Grocery_FMCG,Cooking Oil,Cooking Oil Model-296
PROD-03842,Garments,T-Shirt,T-Shirt Model-783
PROD-03843,Footwear,Sneaker,Sneaker Model-385
PROD-03844,Grocery_FMCG,Snacks,Snacks Model-961
PROD-03845,Garments,T-Shirt,T-Shirt Model-706
PROD-03846,Home_Living,Decor,Decor Model-240
PROD-03847,Electronics,Laptop,Laptop Model-692
PROD-03848,Grocery_FMCG,Cleaning Supplies,Cleaning Supplies Model-176
PROD-03849,Home_Living,Decor,Decor Model-253
PROD-03850,Garments,Panjabi,Panjabi Model-790
PROD-03851,Garments,Saree,Saree Model-233
PROD-03852,Grocery_FMCG,Cleaning Supplies,Cleaning Supplies Model-503
PROD-03853,Footwear,Sandal,Sandal Model-133
PROD-03854,Garments,Kurti,Kurti Model-446
PROD-03855,Grocery_FMCG,Beverages,Beverages Model-627
PROD-03856,Footwear,Formal Shoe,Formal Shoe Model-105
PROD-03857,Books_Stationery,Story Book,Story Book Model-141
PROD-03858,Home_Living,Bedding,Bedding Model-381
PROD-03859,Grocery_FMCG,Rice,Rice Model-679
PROD-03860,Beauty_Health,Skincare,Skincare Model-635
PROD-03861,Books_Stationery,Notebook,Notebook Model-345
PROD-03862,Garments,T-Shirt,T-Shirt Model-926
PROD-03863,Garments,Kids Wear,Kids Wear Model-413
PROD-03864,Home_Living,Bedding,Bedding Model-929
PROD-03865,Footwear,Slipper,Slipper Model-853
PROD-03866,Electronics,Smart Watch,Smart Watch Model-427
PROD-03867,Electronics,Smartphone,Smartphone Model-727
PROD-03868,Electronics,Smartphone,Smartphone Model-338
PROD-03869,Grocery_FMCG,Beverages,Beverages Model-594
PROD-03870,Grocery_FMCG,Snacks,Snacks Model-371
PROD-03871,Garments,Kids Wear,Kids Wear Model-746
PROD-03872,Garments,Saree,Saree Model-963
PROD-03873,Grocery_FMCG,Cleaning Supplies,Cleaning Supplies Model-597
PROD-03874,Beauty_Health,Haircare,Haircare Model-998
PROD-03875,Footwear,Sandal,Sandal Model-912
PROD-03876,Garments,Jeans,Jeans Model-447
PROD-03877,Garments,Saree,Saree Model-364
PROD-03878,Electronics,Headphone,Headphone Model-773
PROD-03879,Footwear,Formal Shoe,Formal Shoe Model-309
PROD-03880,Electronics,Smart Watch,Smart Watch Model-689
PROD-03881,Grocery_FMCG,Rice,Rice Model-502
PROD-03882,Footwear,Sneaker,Sneaker Model-948
PROD-03883,Electronics,Power Bank,Power Bank Model-640
PROD-03884,Home_Living,Kitchenware,Kitchenware Model-852
PROD-03885,Garments,Panjabi,Panjabi Model-495
PROD-03886,Grocery_FMCG,Cooking Oil,Cooking Oil Model-505
PROD-03887,Grocery_FMCG,Personal Care,Personal Care Model-418
PROD-03888,Footwear,Sneaker,Sneaker Model-141
PROD-03889,Grocery_FMCG,Snacks,Snacks Model-287
PROD-03890,Footwear,Slipper,Slipper Model-369
PROD-03891,Electronics,Feature Phone,Feature Phone Model-559
PROD-03892,Grocery_FMCG,Rice,Rice Model-935
PROD-03893,Electronics,Headphone,Headphone Model-324
PROD-03894,Home_Living,Bedding,Bedding Model-805
PROD-03895,Beauty_Health,Skincare,Skincare Model-132
PROD-03896,Home_Living,Furniture,Furniture Model-800
PROD-03897,Garments,Kurti,Kurti Model-256
PROD-03898,Home_Living,Bedding,Bedding Model-435
PROD-03899,Garments,Kids Wear,Kids Wear Model-924
PROD-03900,Garments,Jeans,Jeans Model-301
PROD-03901,Books_Stationery,Art Supplies,Art Supplies Model-669
PROD-03902,Grocery_FMCG,Rice,Rice Model-501
PROD-03903,Books_Stationery,Story Book,Story Book Model-942
PROD-03904,Home_Living,Bedding,Bedding Model-995
PROD-03905,Garments,Kurti,Kurti Model-462
PROD-03906,Garments,T-Shirt,T-Shirt Model-175
PROD-03907,Grocery_FMCG,Rice,Rice Model-110
PROD-03908,Home_Living,Decor,Decor Model-816
PROD-03909,Home_Living,Decor,Decor Model-391
PROD-03910,Grocery_FMCG,Beverages,Beverages Model-470
PROD-03911,Garments,Kurti,Kurti Model-344
PROD-03912,Grocery_FMCG,Snacks,Snacks Model-563
PROD-03913,Footwear,Formal Shoe,Formal Shoe Model-522
PROD-03914,Books_Stationery,Office Supplies,Office Supplies Model-626
PROD-03915,Footwear,Slipper,Slipper Model-776
PROD-03916,Footwear,Sneaker,Sneaker Model-355
PROD-03917,Grocery_FMCG,Snacks,Snacks Model-818
PROD-03918,Electronics,Power Bank,Power Bank Model-247
PROD-03919,Grocery_FMCG,Rice,Rice Model-534
PROD-03920,Footwear,Sneaker,Sneaker Model-631
PROD-03921,Books_Stationery,Notebook,Notebook Model-896
PROD-03922,Electronics,Feature Phone,Feature Phone Model-200
PROD-03923,Grocery_FMCG,Cleaning Supplies,Cleaning Supplies Model-193
PROD-03924,Grocery_FMCG,Cooking Oil,Cooking Oil Model-224
PROD-03925,Garments,Kurti,Kurti Model-958
PROD-03926,Electronics,Power Bank,Power Bank Model-781
PROD-03927,Footwear,Formal Shoe,Formal Shoe Model-983
PROD-03928,Garments,Jeans,Jeans Model-252
PROD-03929,Garments,Panjabi,Panjabi Model-151
PROD-03930,Grocery_FMCG,Cleaning Supplies,Cleaning Supplies Model-956
PROD-03931,Grocery_FMCG,Beverages,Beverages Model-209
PROD-03932,Footwear,Sneaker,Sneaker Model-528
PROD-03933,Garments,Kids Wear,Kids Wear Model-437
PROD-03934,Grocery_FMCG,Cooking Oil,Cooking Oil Model-282
PROD-03935,Garments,Panjabi,Panjabi Model-680
PROD-03936,Electronics,Laptop,Laptop Model-720
PROD-03937,Garments,Panjabi,Panjabi Model-920
PROD-03938,Beauty_Health,Haircare,Haircare Model-620
PROD-03939,Garments,T-Shirt,T-Shirt Model-538
PROD-03940,Beauty_Health,Supplements,Supplements Model-578
PROD-03941,Garments,Jeans,Jeans Model-111
PROD-03942,Home_Living,Kitchenware,Kitchenware Model-825
PROD-03943,Electronics,Laptop,Laptop Model-254
PROD-03944,Grocery_FMCG,Cooking Oil,Cooking Oil Model-633
PROD-03945,Beauty_Health,Supplements,Supplements Model-519
PROD-03946,Footwear,Slipper,Slipper Model-702
PROD-03947,Electronics,Smartphone,Smartphone Model-163
PROD-03948,Garments,T-Shirt,T-Shirt Model-498
PROD-03949,Garments,Kurti,Kurti Model-195
PROD-03950,Garments,Kids Wear,Kids Wear Model-882
PROD-03951,Electronics,Power Bank,Power Bank Model-627
PROD-03952,Garments,Jeans,Jeans Model-449
PROD-03953,Electronics,Home Appliance,Home Appliance Model-824
PROD-03954,Electronics,Smart Watch,Smart Watch Model-918
PROD-03955,Books_Stationery,Notebook,Notebook Model-601
PROD-03956,Electronics,Feature Phone,Feature Phone Model-768
PROD-03957,Garments,T-Shirt,T-Shirt Model-134
PROD-03958,Garments,Kids Wear,Kids Wear Model-736
PROD-03959,Grocery_FMCG,Cleaning Supplies,Cleaning Supplies Model-564
PROD-03960,Beauty_Health,Skincare,Skincare Model-950
PROD-03961,Beauty_Health,Supplements,Supplements Model-551
PROD-03962,Garments,Panjabi,Panjabi Model-545
PROD-03963,Garments,Panjabi,Panjabi Model-993
PROD-03964,Beauty_Health,Makeup,Makeup Model-460
PROD-03965,Home_Living,Furniture,Furniture Model-444
PROD-03966,Garments,Kids Wear,Kids Wear Model-781
PROD-03967,Books_Stationery,Office Supplies,Office Supplies Model-489
PROD-03968,Footwear,Formal Shoe,Formal Shoe Model-359
PROD-03969,Electronics,Home Appliance,Home Appliance Model-848
PROD-03970,Footwear,Sandal,Sandal Model-138
PROD-03971,Home_Living,Kitchenware,Kitchenware Model-463
PROD-03972,Footwear,Sandal,Sandal Model-410
PROD-03973,Grocery_FMCG,Rice,Rice Model-327
PROD-03974,Footwear,Slipper,Slipper Model-506
PROD-03975,Grocery_FMCG,Cleaning Supplies,Cleaning Supplies Model-351
PROD-03976,Footwear,Slipper,Slipper Model-187
PROD-03977,Grocery_FMCG,Cooking Oil,Cooking Oil Model-267
PROD-03978,Grocery_FMCG,Cleaning Supplies,Cleaning Supplies Model-142
PROD-03979,Footwear,Formal Shoe,Formal Shoe Model-565
PROD-03980,Electronics,Home Appliance,Home Appliance Model-560
PROD-03981,Home_Living,Kitchenware,Kitchenware Model-211
PROD-03982,Grocery_FMCG,Cleaning Supplies,Cleaning Supplies Model-866
PROD-03983,Grocery_FMCG,Cooking Oil,Cooking Oil Model-138
PROD-03984,Garments,T-Shirt,T-Shirt Model-495
PROD-03985,Beauty_Health,Supplements,Supplements Model-425
PROD-03986,Grocery_FMCG,Beverages,Beverages Model-646
PROD-03987,Beauty_Health,Supplements,Supplements Model-314
PROD-03988,Electronics,Laptop,Laptop Model-867
PROD-03989,Beauty_Health,Haircare,Haircare Model-192
PROD-03990,Grocery_FMCG,Cooking Oil,Cooking Oil Model-878
PROD-03991,Footwear,Sneaker,Sneaker Model-806
PROD-03992,Grocery_FMCG,Personal Care,Personal Care Model-835
PROD-03993,Beauty_Health,Haircare,Haircare Model-230
PROD-03994,Beauty_Health,Makeup,Makeup Model-852
PROD-03995,Garments,Panjabi,Panjabi Model-253
PROD-03996,Grocery_FMCG,Rice,Rice Model-957
PROD-03997,Garments,Kids Wear,Kids Wear Model-468
PROD-03998,Garments,Panjabi,Panjabi Model-493
PROD-03999,Beauty_Health,Haircare,Haircare Model-835
PROD-04000,Footwear,Sneaker,Sneaker Model-705
PROD-04001,Grocery_FMCG,Cooking Oil,Cooking Oil Model-461
PROD-04002,Home_Living,Decor,Decor Model-109
PROD-04003,Garments,Panjabi,Panjabi Model-947
PROD-04004,Electronics,Smartphone,Smartphone Model-459
PROD-04005,Electronics,Power Bank,Power Bank Model-989
PROD-04006,Books_Stationery,Story Book,Story Book Model-239
PROD-04007,Electronics,Feature Phone,Feature Phone Model-332
PROD-04008,Home_Living,Furniture,Furniture Model-603
PROD-04009,Books_Stationery,Notebook,Notebook Model-830
PROD-04010,Beauty_Health,Supplements,Supplements Model-870
PROD-04011,Footwear,Sandal,Sandal Model-755
PROD-04012,Grocery_FMCG,Cooking Oil,Cooking Oil Model-443
PROD-04013,Books_Stationery,Office Supplies,Office Supplies Model-813
PROD-04014,Garments,Kurti,Kurti Model-971
PROD-04015,Grocery_FMCG,Snacks,Snacks Model-248
PROD-04016,Footwear,Sneaker,Sneaker Model-377
PROD-04017,Home_Living,Kitchenware,Kitchenware Model-354
PROD-04018,Beauty_Health,Skincare,Skincare Model-790
PROD-04019,Garments,Saree,Saree Model-150
PROD-04020,Beauty_Health,Haircare,Haircare Model-419
PROD-04021,Home_Living,Kitchenware,Kitchenware Model-885
PROD-04022,Books_Stationery,Notebook,Notebook Model-471
PROD-04023,Home_Living,Furniture,Furniture Model-685
PROD-04024,Footwear,Sandal,Sandal Model-766
PROD-04025,Grocery_FMCG,Beverages,Beverages Model-970
PROD-04026,Garments,Kurti,Kurti Model-229
PROD-04027,Home_Living,Bedding,Bedding Model-345
PROD-04028,Beauty_Health,Supplements,Supplements Model-606
PROD-04029,Electronics,Headphone,Headphone Model-854
PROD-04030,Footwear,Sandal,Sandal Model-340
PROD-04031,Grocery_FMCG,Beverages,Beverages Model-733
PROD-04032,Home_Living,Kitchenware,Kitchenware Model-100
PROD-04033,Footwear,Formal Shoe,Formal Shoe Model-132
PROD-04034,Garments,Saree,Saree Model-427
PROD-04035,Home_Living,Bedding,Bedding Model-815
PROD-04036,Home_Living,Furniture,Furniture Model-149
PROD-04037,Garments,T-Shirt,T-Shirt Model-114
PROD-04038,Electronics,Smart Watch,Smart Watch Model-637
PROD-04039,Garments,Saree,Saree Model-237
PROD-04040,Grocery_FMCG,Snacks,Snacks Model-649
PROD-04041,Grocery_FMCG,Rice,Rice Model-538
PROD-04042,Home_Living,Furniture,Furniture Model-340
PROD-04043,Beauty_Health,Haircare,Haircare Model-729
PROD-04044,Electronics,Headphone,Headphone Model-437
PROD-04045,Grocery_FMCG,Snacks,Snacks Model-344
PROD-04046,Grocery_FMCG,Snacks,Snacks Model-600
PROD-04047,Garments,Panjabi,Panjabi Model-244
PROD-04048,Garments,T-Shirt,T-Shirt Model-308
PROD-04049,Electronics,Home Appliance,Home Appliance Model-980
PROD-04050,Electronics,Smart Watch,Smart Watch Model-661
PROD-04051,Garments,T-Shirt,T-Shirt Model-105
PROD-04052,Beauty_Health,Supplements,Supplements Model-673
PROD-04053,Electronics,Smartphone,Smartphone Model-411
PROD-04054,Home_Living,Bedding,Bedding Model-302
PROD-04055,Beauty_Health,Makeup,Makeup Model-961
PROD-04056,Garments,Jeans,Jeans Model-979
PROD-04057,Electronics,Home Appliance,Home Appliance Model-206
PROD-04058,Electronics,Power Bank,Power Bank Model-560
PROD-04059,Footwear,Slipper,Slipper Model-299
PROD-04060,Electronics,Smartphone,Smartphone Model-384
PROD-04061,Electronics,Laptop,Laptop Model-998
PROD-04062,Electronics,Laptop,Laptop Model-582
PROD-04063,Footwear,Formal Shoe,Formal Shoe Model-354
PROD-04064,Footwear,Slipper,Slipper Model-716
PROD-04065,Beauty_Health,Supplements,Supplements Model-223
PROD-04066,Books_Stationery,Office Supplies,Office Supplies Model-690
PROD-04067,Garments,Saree,Saree Model-981
PROD-04068,Home_Living,Furniture,Furniture Model-370
PROD-04069,Garments,Kids Wear,Kids Wear Model-799
PROD-04070,Books_Stationery,Story Book,Story Book Model-390
PROD-04071,Footwear,Formal Shoe,Formal Shoe Model-942
PROD-04072,Electronics,Power Bank,Power Bank Model-203
PROD-04073,Footwear,Sandal,Sandal Model-914
PROD-04074,Garments,Saree,Saree Model-365
PROD-04075,Electronics,Headphone,Headphone Model-179
PROD-04076,Grocery_FMCG,Personal Care,Personal Care Model-174
PROD-04077,Garments,Saree,Saree Model-526
PROD-04078,Garments,Jeans,Jeans Model-458
PROD-04079,Beauty_Health,Makeup,Makeup Model-995
PROD-04080,Home_Living,Furniture,Furniture Model-884
PROD-04081,Grocery_FMCG,Snacks,Snacks Model-743
PROD-04082,Electronics,Home Appliance,Home Appliance Model-478
PROD-04083,Beauty_Health,Supplements,Supplements Model-149
PROD-04084,Garments,Jeans,Jeans Model-942
PROD-04085,Beauty_Health,Supplements,Supplements Model-102
PROD-04086,Garments,Saree,Saree Model-360
PROD-04087,Electronics,Home Appliance,Home Appliance Model-407
PROD-04088,Garments,Kurti,Kurti Model-822
PROD-04089,Grocery_FMCG,Personal Care,Personal Care Model-244
PROD-04090,Grocery_FMCG,Cooking Oil,Cooking Oil Model-645
PROD-04091,Garments,T-Shirt,T-Shirt Model-854
PROD-04092,Garments,Jeans,Jeans Model-508
PROD-04093,Electronics,Headphone,Headphone Model-425
PROD-04094,Books_Stationery,Office Supplies,Office Supplies Model-533
PROD-04095,Garments,Kids Wear,Kids Wear Model-750
PROD-04096,Electronics,Smart Watch,Smart Watch Model-628
PROD-04097,Garments,Kurti,Kurti Model-378
PROD-04098,Home_Living,Bedding,Bedding Model-261
PROD-04099,Beauty_Health,Haircare,Haircare Model-573
PROD-04100,Garments,Kids Wear,Kids Wear Model-368
PROD-04101,Electronics,Smart Watch,Smart Watch Model-443
PROD-04102,Footwear,Formal Shoe,Formal Shoe Model-820
PROD-04103,Footwear,Formal Shoe,Formal Shoe Model-305
PROD-04104,Grocery_FMCG,Beverages,Beverages Model-483
PROD-04105,Home_Living,Decor,Decor Model-129
PROD-04106,Grocery_FMCG,Snacks,Snacks Model-837
PROD-04107,Home_Living,Decor,Decor Model-773
PROD-04108,Electronics,Smart Watch,Smart Watch Model-862
PROD-04109,Footwear,Slipper,Slipper Model-820
PROD-04110,Garments,Kurti,Kurti Model-627
PROD-04111,Electronics,Smartphone,Smartphone Model-444
PROD-04112,Garments,Kurti,Kurti Model-128
PROD-04113,Garments,Kids Wear,Kids Wear Model-195
PROD-04114,Electronics,Smart Watch,Smart Watch Model-519
PROD-04115,Electronics,Smart Watch,Smart Watch Model-448
PROD-04116,Grocery_FMCG,Snacks,Snacks Model-922
PROD-04117,Grocery_FMCG,Rice,Rice Model-442
PROD-04118,Home_Living,Kitchenware,Kitchenware Model-289
PROD-04119,Books_Stationery,Notebook,Notebook Model-972
PROD-04120,Books_Stationery,Office Supplies,Office Supplies Model-530
PROD-04121,Home_Living,Furniture,Furniture Model-953
PROD-04122,Electronics,Headphone,Headphone Model-565
PROD-04123,Garments,Panjabi,Panjabi Model-270
PROD-04124,Garments,Saree,Saree Model-635
PROD-04125,Footwear,Slipper,Slipper Model-709
PROD-04126,Electronics,Home Appliance,Home Appliance Model-414
PROD-04127,Home_Living,Decor,Decor Model-283
PROD-04128,Garments,Panjabi,Panjabi Model-535
PROD-04129,Grocery_FMCG,Personal Care,Personal Care Model-552
PROD-04130,Home_Living,Decor,Decor Model-422
PROD-04131,Grocery_FMCG,Beverages,Beverages Model-659
PROD-04132,Grocery_FMCG,Cooking Oil,Cooking Oil Model-699
PROD-04133,Electronics,Feature Phone,Feature Phone Model-996
PROD-04134,Electronics,Power Bank,Power Bank Model-402
PROD-04135,Garments,Jeans,Jeans Model-688
PROD-04136,Electronics,Smart Watch,Smart Watch Model-386
PROD-04137,Grocery_FMCG,Personal Care,Personal Care Model-350
PROD-04138,Grocery_FMCG,Rice,Rice Model-284
PROD-04139,Grocery_FMCG,Cooking Oil,Cooking Oil Model-451
PROD-04140,Electronics,Laptop,Laptop Model-112
PROD-04141,Footwear,Slipper,Slipper Model-656
PROD-04142,Beauty_Health,Supplements,Supplements Model-414
PROD-04143,Home_Living,Bedding,Bedding Model-877
PROD-04144,Footwear,Formal Shoe,Formal Shoe Model-777
PROD-04145,Garments,Kids Wear,Kids Wear Model-356
PROD-04146,Garments,Panjabi,Panjabi Model-229
PROD-04147,Garments,Kurti,Kurti Model-308
PROD-04148,Garments,Panjabi,Panjabi Model-657
PROD-04149,Garments,Kids Wear,Kids Wear Model-880
PROD-04150,Garments,T-Shirt,T-Shirt Model-523
PROD-04151,Grocery_FMCG,Beverages,Beverages Model-117
PROD-04152,Home_Living,Bedding,Bedding Model-188
PROD-04153,Electronics,Laptop,Laptop Model-317
PROD-04154,Garments,Kurti,Kurti Model-761
PROD-04155,Grocery_FMCG,Cleaning Supplies,Cleaning Supplies Model-347
PROD-04156,Grocery_FMCG,Personal Care,Personal Care Model-844
PROD-04157,Garments,Kids Wear,Kids Wear Model-929
PROD-04158,Garments,T-Shirt,T-Shirt Model-752
PROD-04159,Home_Living,Bedding,Bedding Model-489
PROD-04160,Electronics,Laptop,Laptop Model-299
PROD-04161,Garments,Panjabi,Panjabi Model-538
PROD-04162,Home_Living,Furniture,Furniture Model-227
PROD-04163,Footwear,Sandal,Sandal Model-262
PROD-04164,Electronics,Home Appliance,Home Appliance Model-639
PROD-04165,Electronics,Laptop,Laptop Model-980
PROD-04166,Garments,Jeans,Jeans Model-546
PROD-04167,Garments,Panjabi,Panjabi Model-784
PROD-04168,Grocery_FMCG,Cleaning Supplies,Cleaning Supplies Model-641
PROD-04169,Home_Living,Bedding,Bedding Model-162
PROD-04170,Grocery_FMCG,Cooking Oil,Cooking Oil Model-602
PROD-04171,Home_Living,Kitchenware,Kitchenware Model-459
PROD-04172,Garments,Kurti,Kurti Model-125
PROD-04173,Beauty_Health,Supplements,Supplements Model-216
PROD-04174,Electronics,Feature Phone,Feature Phone Model-750
PROD-04175,Beauty_Health,Makeup,Makeup Model-982
PROD-04176,Garments,Kurti,Kurti Model-799
PROD-04177,Beauty_Health,Supplements,Supplements Model-724
PROD-04178,Beauty_Health,Makeup,Makeup Model-498
PROD-04179,Home_Living,Furniture,Furniture Model-516
PROD-04180,Home_Living,Kitchenware,Kitchenware Model-597
PROD-04181,Electronics,Power Bank,Power Bank Model-104
PROD-04182,Grocery_FMCG,Beverages,Beverages Model-853
PROD-04183,Garments,Jeans,Jeans Model-976
PROD-04184,Books_Stationery,Art Supplies,Art Supplies Model-666
PROD-04185,Footwear,Formal Shoe,Formal Shoe Model-228
PROD-04186,Home_Living,Furniture,Furniture Model-943
PROD-04187,Garments,Kids Wear,Kids Wear Model-108
PROD-04188,Garments,Saree,Saree Model-244
PROD-04189,Electronics,Laptop,Laptop Model-903
PROD-04190,Electronics,Home Appliance,Home Appliance Model-516
PROD-04191,Electronics,Headphone,Headphone Model-768
PROD-04192,Grocery_FMCG,Cleaning Supplies,Cleaning Supplies Model-633
PROD-04193,Footwear,Formal Shoe,Formal Shoe Model-646
PROD-04194,Garments,Panjabi,Panjabi Model-108
PROD-04195,Books_Stationery,Story Book,Story Book Model-875
PROD-04196,Grocery_FMCG,Snacks,Snacks Model-820
PROD-04197,Electronics,Smart Watch,Smart Watch Model-213
PROD-04198,Grocery_FMCG,Rice,Rice Model-245
PROD-04199,Garments,T-Shirt,T-Shirt Model-717
PROD-04200,Grocery_FMCG,Beverages,Beverages Model-656
PROD-04201,Garments,Saree,Saree Model-863
PROD-04202,Grocery_FMCG,Rice,Rice Model-954
PROD-04203,Garments,Kids Wear,Kids Wear Model-703
PROD-04204,Grocery_FMCG,Snacks,Snacks Model-542
PROD-04205,Grocery_FMCG,Beverages,Beverages Model-937
PROD-04206,Beauty_Health,Haircare,Haircare Model-930
PROD-04207,Garments,Kids Wear,Kids Wear Model-805
PROD-04208,Grocery_FMCG,Personal Care,Personal Care Model-262
PROD-04209,Home_Living,Furniture,Furniture Model-261
PROD-04210,Garments,Saree,Saree Model-133
PROD-04211,Grocery_FMCG,Cleaning Supplies,Cleaning Supplies Model-869
PROD-04212,Grocery_FMCG,Rice,Rice Model-104
PROD-04213,Electronics,Power Bank,Power Bank Model-646
PROD-04214,Beauty_Health,Makeup,Makeup Model-369
PROD-04215,Garments,Panjabi,Panjabi Model-314
PROD-04216,Footwear,Slipper,Slipper Model-156
PROD-04217,Beauty_Health,Supplements,Supplements Model-734
PROD-04218,Electronics,Headphone,Headphone Model-292
PROD-04219,Garments,Saree,Saree Model-965
PROD-04220,Grocery_FMCG,Cooking Oil,Cooking Oil Model-253
PROD-04221,Grocery_FMCG,Beverages,Beverages Model-128
PROD-04222,Electronics,Power Bank,Power Bank Model-711
PROD-04223,Beauty_Health,Haircare,Haircare Model-377
PROD-04224,Footwear,Slipper,Slipper Model-779
PROD-04225,Grocery_FMCG,Rice,Rice Model-361
PROD-04226,Footwear,Sandal,Sandal Model-900
PROD-04227,Garments,Jeans,Jeans Model-569
PROD-04228,Home_Living,Decor,Decor Model-943
PROD-04229,Footwear,Sneaker,Sneaker Model-954
PROD-04230,Grocery_FMCG,Cleaning Supplies,Cleaning Supplies Model-574
PROD-04231,Electronics,Laptop,Laptop Model-502
PROD-04232,Electronics,Smart Watch,Smart Watch Model-547
PROD-04233,Electronics,Smart Watch,Smart Watch Model-590
PROD-04234,Beauty_Health,Skincare,Skincare Model-978
PROD-04235,Garments,Panjabi,Panjabi Model-848
PROD-04236,Garments,Saree,Saree Model-415
PROD-04237,Beauty_Health,Makeup,Makeup Model-365
PROD-04238,Beauty_Health,Supplements,Supplements Model-965
PROD-04239,Footwear,Formal Shoe,Formal Shoe Model-577
PROD-04240,Footwear,Slipper,Slipper Model-637
PROD-04241,Electronics,Power Bank,Power Bank Model-111
PROD-04242,Electronics,Home Appliance,Home Appliance Model-502
PROD-04243,Garments,Saree,Saree Model-381
PROD-04244,Grocery_FMCG,Beverages,Beverages Model-109
PROD-04245,Books_Stationery,Art Supplies,Art Supplies Model-470
PROD-04246,Books_Stationery,Story Book,Story Book Model-199
PROD-04247,Beauty_Health,Skincare,Skincare Model-913
PROD-04248,Electronics,Laptop,Laptop Model-205
PROD-04249,Electronics,Headphone,Headphone Model-916
PROD-04250,Grocery_FMCG,Snacks,Snacks Model-479
PROD-04251,Garments,Kurti,Kurti Model-165
PROD-04252,Books_Stationery,Office Supplies,Office Supplies Model-611
PROD-04253,Electronics,Smart Watch,Smart Watch Model-732
PROD-04254,Electronics,Feature Phone,Feature Phone Model-284
PROD-04255,Electronics,Smart Watch,Smart Watch Model-123
PROD-04256,Grocery_FMCG,Rice,Rice Model-785
PROD-04257,Beauty_Health,Supplements,Supplements Model-243
PROD-04258,Grocery_FMCG,Beverages,Beverages Model-724
PROD-04259,Books_Stationery,Art Supplies,Art Supplies Model-845
PROD-04260,Footwear,Sandal,Sandal Model-236
PROD-04261,Beauty_Health,Supplements,Supplements Model-437
PROD-04262,Beauty_Health,Supplements,Supplements Model-364
PROD-04263,Garments,Kurti,Kurti Model-419
PROD-04264,Footwear,Slipper,Slipper Model-713
PROD-04265,Beauty_Health,Skincare,Skincare Model-208
PROD-04266,Electronics,Smart Watch,Smart Watch Model-400
PROD-04267,Garments,T-Shirt,T-Shirt Model-803
PROD-04268,Electronics,Home Appliance,Home Appliance Model-178
PROD-04269,Garments,Jeans,Jeans Model-957
PROD-04270,Grocery_FMCG,Personal Care,Personal Care Model-632
PROD-04271,Footwear,Formal Shoe,Formal Shoe Model-779
PROD-04272,Electronics,Smart Watch,Smart Watch Model-750
PROD-04273,Electronics,Smart Watch,Smart Watch Model-931
PROD-04274,Garments,Jeans,Jeans Model-359
PROD-04275,Books_Stationery,Art Supplies,Art Supplies Model-640
PROD-04276,Beauty_Health,Haircare,Haircare Model-350
PROD-04277,Garments,Kurti,Kurti Model-162
PROD-04278,Electronics,Feature Phone,Feature Phone Model-794
PROD-04279,Garments,Saree,Saree Model-801
PROD-04280,Footwear,Sandal,Sandal Model-466
PROD-04281,Electronics,Home Appliance,Home Appliance Model-998
PROD-04282,Home_Living,Bedding,Bedding Model-105
PROD-04283,Home_Living,Decor,Decor Model-548
PROD-04284,Garments,Kids Wear,Kids Wear Model-352
PROD-04285,Books_Stationery,Art Supplies,Art Supplies Model-430
PROD-04286,Beauty_Health,Supplements,Supplements Model-678
PROD-04287,Beauty_Health,Skincare,Skincare Model-344
PROD-04288,Beauty_Health,Supplements,Supplements Model-688
PROD-04289,Garments,T-Shirt,T-Shirt Model-871
PROD-04290,Garments,Kurti,Kurti Model-241
PROD-04291,Home_Living,Kitchenware,Kitchenware Model-848
PROD-04292,Footwear,Sandal,Sandal Model-553
PROD-04293,Garments,Kids Wear,Kids Wear Model-354
PROD-04294,Grocery_FMCG,Personal Care,Personal Care Model-899
PROD-04295,Electronics,Smart Watch,Smart Watch Model-950
PROD-04296,Grocery_FMCG,Beverages,Beverages Model-750
PROD-04297,Home_Living,Bedding,Bedding Model-474
PROD-04298,Garments,T-Shirt,T-Shirt Model-446
PROD-04299,Home_Living,Decor,Decor Model-512
PROD-04300,Grocery_FMCG,Snacks,Snacks Model-482
PROD-04301,Footwear,Sneaker,Sneaker Model-901
PROD-04302,Grocery_FMCG,Snacks,Snacks Model-381
PROD-04303,Books_Stationery,Art Supplies,Art Supplies Model-469
PROD-04304,Home_Living,Kitchenware,Kitchenware Model-897
PROD-04305,Grocery_FMCG,Snacks,Snacks Model-727
PROD-04306,Electronics,Home Appliance,Home Appliance Model-245
PROD-04307,Footwear,Sneaker,Sneaker Model-886
PROD-04308,Footwear,Formal Shoe,Formal Shoe Model-242
PROD-04309,Electronics,Laptop,Laptop Model-499
PROD-04310,Footwear,Sandal,Sandal Model-281
PROD-04311,Electronics,Home Appliance,Home Appliance Model-855
PROD-04312,Books_Stationery,Notebook,Notebook Model-101
PROD-04313,Grocery_FMCG,Cleaning Supplies,Cleaning Supplies Model-599
PROD-04314,Footwear,Sandal,Sandal Model-780
PROD-04315,Garments,T-Shirt,T-Shirt Model-344
PROD-04316,Books_Stationery,Story Book,Story Book Model-479
PROD-04317,Garments,Jeans,Jeans Model-904
PROD-04318,Grocery_FMCG,Beverages,Beverages Model-449
PROD-04319,Garments,Saree,Saree Model-583
PROD-04320,Footwear,Sandal,Sandal Model-676
PROD-04321,Garments,Kids Wear,Kids Wear Model-777
PROD-04322,Garments,Kids Wear,Kids Wear Model-728
PROD-04323,Garments,Kids Wear,Kids Wear Model-454
PROD-04324,Grocery_FMCG,Personal Care,Personal Care Model-293
PROD-04325,Garments,Jeans,Jeans Model-632
PROD-04326,Grocery_FMCG,Cooking Oil,Cooking Oil Model-916
PROD-04327,Garments,T-Shirt,T-Shirt Model-621
PROD-04328,Electronics,Home Appliance,Home Appliance Model-592
PROD-04329,Electronics,Headphone,Headphone Model-157
PROD-04330,Footwear,Slipper,Slipper Model-848
PROD-04331,Home_Living,Bedding,Bedding Model-847
PROD-04332,Electronics,Home Appliance,Home Appliance Model-227
PROD-04333,Beauty_Health,Skincare,Skincare Model-813
PROD-04334,Grocery_FMCG,Beverages,Beverages Model-932
PROD-04335,Footwear,Sandal,Sandal Model-558
PROD-04336,Footwear,Formal Shoe,Formal Shoe Model-116
PROD-04337,Footwear,Sandal,Sandal Model-213
PROD-04338,Home_Living,Kitchenware,Kitchenware Model-138
PROD-04339,Beauty_Health,Makeup,Makeup Model-263
PROD-04340,Electronics,Smart Watch,Smart Watch Model-352
PROD-04341,Home_Living,Furniture,Furniture Model-502
PROD-04342,Footwear,Slipper,Slipper Model-325
PROD-04343,Grocery_FMCG,Cleaning Supplies,Cleaning Supplies Model-309
PROD-04344,Garments,Kids Wear,Kids Wear Model-289
PROD-04345,Grocery_FMCG,Rice,Rice Model-845
PROD-04346,Home_Living,Kitchenware,Kitchenware Model-604
PROD-04347,Grocery_FMCG,Snacks,Snacks Model-325
PROD-04348,Beauty_Health,Supplements,Supplements Model-263
PROD-04349,Grocery_FMCG,Cleaning Supplies,Cleaning Supplies Model-131
PROD-04350,Electronics,Smart Watch,Smart Watch Model-976
PROD-04351,Garments,Saree,Saree Model-561
PROD-04352,Electronics,Smartphone,Smartphone Model-248
PROD-04353,Garments,T-Shirt,T-Shirt Model-739
PROD-04354,Footwear,Sneaker,Sneaker Model-577
PROD-04355,Home_Living,Kitchenware,Kitchenware Model-341
PROD-04356,Footwear,Sneaker,Sneaker Model-523
PROD-04357,Grocery_FMCG,Rice,Rice Model-883
PROD-04358,Electronics,Power Bank,Power Bank Model-977
PROD-04359,Grocery_FMCG,Beverages,Beverages Model-232
PROD-04360,Grocery_FMCG,Beverages,Beverages Model-165
PROD-04361,Garments,T-Shirt,T-Shirt Model-289
PROD-04362,Home_Living,Decor,Decor Model-108
PROD-04363,Books_Stationery,Art Supplies,Art Supplies Model-206
PROD-04364,Garments,Panjabi,Panjabi Model-179
PROD-04365,Grocery_FMCG,Rice,Rice Model-185
PROD-04366,Grocery_FMCG,Rice,Rice Model-722
PROD-04367,Books_Stationery,Office Supplies,Office Supplies Model-660
PROD-04368,Grocery_FMCG,Personal Care,Personal Care Model-337
PROD-04369,Books_Stationery,Notebook,Notebook Model-925
PROD-04370,Beauty_Health,Haircare,Haircare Model-134
PROD-04371,Electronics,Feature Phone,Feature Phone Model-220
PROD-04372,Electronics,Headphone,Headphone Model-379
PROD-04373,Grocery_FMCG,Beverages,Beverages Model-274
PROD-04374,Grocery_FMCG,Cleaning Supplies,Cleaning Supplies Model-548
PROD-04375,Home_Living,Furniture,Furniture Model-865
PROD-04376,Grocery_FMCG,Rice,Rice Model-283
PROD-04377,Footwear,Formal Shoe,Formal Shoe Model-962
PROD-04378,Footwear,Slipper,Slipper Model-418
PROD-04379,Garments,Kurti,Kurti Model-198
PROD-04380,Grocery_FMCG,Personal Care,Personal Care Model-515
PROD-04381,Garments,Panjabi,Panjabi Model-744
PROD-04382,Garments,Panjabi,Panjabi Model-950
PROD-04383,Electronics,Feature Phone,Feature Phone Model-603
PROD-04384,Grocery_FMCG,Snacks,Snacks Model-225
PROD-04385,Electronics,Smartphone,Smartphone Model-897
PROD-04386,Electronics,Home Appliance,Home Appliance Model-225
PROD-04387,Electronics,Headphone,Headphone Model-992
PROD-04388,Garments,Jeans,Jeans Model-735
PROD-04389,Garments,Kids Wear,Kids Wear Model-637
PROD-04390,Grocery_FMCG,Rice,Rice Model-737
PROD-04391,Home_Living,Kitchenware,Kitchenware Model-122
PROD-04392,Books_Stationery,Story Book,Story Book Model-935
PROD-04393,Garments,T-Shirt,T-Shirt Model-741
PROD-04394,Beauty_Health,Skincare,Skincare Model-783
PROD-04395,Footwear,Sandal,Sandal Model-148
PROD-04396,Grocery_FMCG,Rice,Rice Model-834
PROD-04397,Footwear,Sneaker,Sneaker Model-297
PROD-04398,Garments,Jeans,Jeans Model-370
PROD-04399,Electronics,Headphone,Headphone Model-876
PROD-04400,Electronics,Smartphone,Smartphone Model-367
PROD-04401,Grocery_FMCG,Snacks,Snacks Model-366
PROD-04402,Home_Living,Furniture,Furniture Model-189
PROD-04403,Garments,Jeans,Jeans Model-738
PROD-04404,Beauty_Health,Supplements,Supplements Model-350
PROD-04405,Electronics,Home Appliance,Home Appliance Model-453
PROD-04406,Electronics,Smartphone,Smartphone Model-157
PROD-04407,Garments,T-Shirt,T-Shirt Model-954
PROD-04408,Home_Living,Decor,Decor Model-662
PROD-04409,Garments,T-Shirt,T-Shirt Model-567
PROD-04410,Garments,Saree,Saree Model-921
PROD-04411,Electronics,Headphone,Headphone Model-424
PROD-04412,Beauty_Health,Supplements,Supplements Model-197
PROD-04413,Garments,Kids Wear,Kids Wear Model-674
PROD-04414,Garments,Kids Wear,Kids Wear Model-132
PROD-04415,Electronics,Power Bank,Power Bank Model-708
PROD-04416,Electronics,Home Appliance,Home Appliance Model-380
PROD-04417,Garments,T-Shirt,T-Shirt Model-733
PROD-04418,Grocery_FMCG,Cleaning Supplies,Cleaning Supplies Model-437
PROD-04419,Electronics,Smart Watch,Smart Watch Model-604
PROD-04420,Electronics,Headphone,Headphone Model-984
PROD-04421,Footwear,Sandal,Sandal Model-292
PROD-04422,Garments,Panjabi,Panjabi Model-753
PROD-04423,Beauty_Health,Supplements,Supplements Model-923
PROD-04424,Grocery_FMCG,Beverages,Beverages Model-768
PROD-04425,Garments,T-Shirt,T-Shirt Model-318
PROD-04426,Garments,Kids Wear,Kids Wear Model-412
PROD-04427,Garments,Saree,Saree Model-968
PROD-04428,Books_Stationery,Art Supplies,Art Supplies Model-297
PROD-04429,Footwear,Formal Shoe,Formal Shoe Model-729
PROD-04430,Electronics,Headphone,Headphone Model-526
PROD-04431,Garments,Panjabi,Panjabi Model-327
PROD-04432,Garments,Saree,Saree Model-766
PROD-04433,Beauty_Health,Makeup,Makeup Model-348
PROD-04434,Footwear,Slipper,Slipper Model-801
PROD-04435,Garments,Kurti,Kurti Model-552
PROD-04436,Footwear,Formal Shoe,Formal Shoe Model-492
PROD-04437,Beauty_Health,Makeup,Makeup Model-566
PROD-04438,Footwear,Sandal,Sandal Model-191
PROD-04439,Home_Living,Decor,Decor Model-397
PROD-04440,Footwear,Formal Shoe,Formal Shoe Model-234
PROD-04441,Garments,Kurti,Kurti Model-848
PROD-04442,Electronics,Feature Phone,Feature Phone Model-820
PROD-04443,Garments,Saree,Saree Model-643
PROD-04444,Footwear,Sneaker,Sneaker Model-679
PROD-04445,Beauty_Health,Supplements,Supplements Model-242
PROD-04446,Electronics,Power Bank,Power Bank Model-571
PROD-04447,Garments,Kurti,Kurti Model-664
PROD-04448,Electronics,Power Bank,Power Bank Model-456
PROD-04449,Electronics,Smart Watch,Smart Watch Model-337
PROD-04450,Footwear,Slipper,Slipper Model-407
PROD-04451,Grocery_FMCG,Cooking Oil,Cooking Oil Model-526
PROD-04452,Beauty_Health,Makeup,Makeup Model-349
PROD-04453,Grocery_FMCG,Snacks,Snacks Model-303
PROD-04454,Grocery_FMCG,Beverages,Beverages Model-864
PROD-04455,Electronics,Smartphone,Smartphone Model-233
PROD-04456,Electronics,Smartphone,Smartphone Model-451
PROD-04457,Books_Stationery,Art Supplies,Art Supplies Model-776
PROD-04458,Electronics,Laptop,Laptop Model-950
PROD-04459,Electronics,Laptop,Laptop Model-570
PROD-04460,Grocery_FMCG,Personal Care,Personal Care Model-411
PROD-04461,Grocery_FMCG,Cooking Oil,Cooking Oil Model-816
PROD-04462,Footwear,Sneaker,Sneaker Model-267
PROD-04463,Grocery_FMCG,Cleaning Supplies,Cleaning Supplies Model-265
PROD-04464,Books_Stationery,Notebook,Notebook Model-864
PROD-04465,Electronics,Smartphone,Smartphone Model-775
PROD-04466,Grocery_FMCG,Snacks,Snacks Model-725
PROD-04467,Garments,T-Shirt,T-Shirt Model-552
PROD-04468,Footwear,Formal Shoe,Formal Shoe Model-549
PROD-04469,Footwear,Formal Shoe,Formal Shoe Model-281
PROD-04470,Garments,Panjabi,Panjabi Model-437
PROD-04471,Home_Living,Decor,Decor Model-945
PROD-04472,Electronics,Power Bank,Power Bank Model-729
PROD-04473,Grocery_FMCG,Personal Care,Personal Care Model-192
PROD-04474,Garments,Kurti,Kurti Model-288
PROD-04475,Books_Stationery,Office Supplies,Office Supplies Model-970
PROD-04476,Garments,Jeans,Jeans Model-941
PROD-04477,Garments,Kurti,Kurti Model-639
PROD-04478,Grocery_FMCG,Beverages,Beverages Model-625
PROD-04479,Grocery_FMCG,Cooking Oil,Cooking Oil Model-569
PROD-04480,Electronics,Smart Watch,Smart Watch Model-267
PROD-04481,Garments,Panjabi,Panjabi Model-534
PROD-04482,Beauty_Health,Makeup,Makeup Model-843
PROD-04483,Electronics,Power Bank,Power Bank Model-131
PROD-04484,Footwear,Slipper,Slipper Model-906
PROD-04485,Home_Living,Kitchenware,Kitchenware Model-529
PROD-04486,Electronics,Headphone,Headphone Model-340
PROD-04487,Electronics,Power Bank,Power Bank Model-661
PROD-04488,Garments,T-Shirt,T-Shirt Model-526
PROD-04489,Beauty_Health,Makeup,Makeup Model-673
PROD-04490,Electronics,Headphone,Headphone Model-265
PROD-04491,Garments,T-Shirt,T-Shirt Model-381
PROD-04492,Electronics,Power Bank,Power Bank Model-932
PROD-04493,Garments,Saree,Saree Model-785
PROD-04494,Electronics,Smart Watch,Smart Watch Model-644
PROD-04495,Footwear,Sandal,Sandal Model-217
PROD-04496,Beauty_Health,Skincare,Skincare Model-554
PROD-04497,Footwear,Sneaker,Sneaker Model-444
PROD-04498,Electronics,Power Bank,Power Bank Model-488
PROD-04499,Electronics,Smartphone,Smartphone Model-549
PROD-04500,Garments,T-Shirt,T-Shirt Model-814
PROD-04501,Electronics,Smartphone,Smartphone Model-512
PROD-04502,Footwear,Slipper,Slipper Model-592
PROD-04503,Footwear,Slipper,Slipper Model-929
PROD-04504,Grocery_FMCG,Beverages,Beverages Model-843
PROD-04505,Electronics,Home Appliance,Home Appliance Model-618
PROD-04506,Electronics,Power Bank,Power Bank Model-996
PROD-04507,Electronics,Headphone,Headphone Model-798
PROD-04508,Home_Living,Decor,Decor Model-455
PROD-04509,Electronics,Smartphone,Smartphone Model-468
PROD-04510,Grocery_FMCG,Cleaning Supplies,Cleaning Supplies Model-915
PROD-04511,Electronics,Power Bank,Power Bank Model-943
PROD-04512,Electronics,Smart Watch,Smart Watch Model-186
PROD-04513,Grocery_FMCG,Personal Care,Personal Care Model-666
PROD-04514,Footwear,Formal Shoe,Formal Shoe Model-663
PROD-04515,Grocery_FMCG,Personal Care,Personal Care Model-728
PROD-04516,Footwear,Sneaker,Sneaker Model-403
PROD-04517,Beauty_Health,Makeup,Makeup Model-306
PROD-04518,Grocery_FMCG,Beverages,Beverages Model-703
PROD-04519,Electronics,Home Appliance,Home Appliance Model-625
PROD-04520,Grocery_FMCG,Personal Care,Personal Care Model-915
PROD-04521,Grocery_FMCG,Snacks,Snacks Model-156
PROD-04522,Electronics,Smart Watch,Smart Watch Model-143
PROD-04523,Electronics,Laptop,Laptop Model-435
PROD-04524,Electronics,Laptop,Laptop Model-253
PROD-04525,Garments,T-Shirt,T-Shirt Model-711
PROD-04526,Electronics,Headphone,Headphone Model-589
PROD-04527,Grocery_FMCG,Cleaning Supplies,Cleaning Supplies Model-284
PROD-04528,Electronics,Home Appliance,Home Appliance Model-785
PROD-04529,Garments,Kids Wear,Kids Wear Model-935
PROD-04530,Footwear,Sandal,Sandal Model-532
PROD-04531,Footwear,Formal Shoe,Formal Shoe Model-658
PROD-04532,Home_Living,Bedding,Bedding Model-108
PROD-04533,Footwear,Slipper,Slipper Model-733
PROD-04534,Home_Living,Kitchenware,Kitchenware Model-474
PROD-04535,Home_Living,Bedding,Bedding Model-835
PROD-04536,Electronics,Laptop,Laptop Model-841
PROD-04537,Grocery_FMCG,Snacks,Snacks Model-949
PROD-04538,Electronics,Laptop,Laptop Model-941
PROD-04539,Home_Living,Kitchenware,Kitchenware Model-236
PROD-04540,Electronics,Smart Watch,Smart Watch Model-704
PROD-04541,Grocery_FMCG,Cooking Oil,Cooking Oil Model-839
PROD-04542,Footwear,Sandal,Sandal Model-425
PROD-04543,Garments,Jeans,Jeans Model-438
PROD-04544,Grocery_FMCG,Beverages,Beverages Model-371
PROD-04545,Garments,Kurti,Kurti Model-330
PROD-04546,Beauty_Health,Makeup,Makeup Model-681
PROD-04547,Garments,Jeans,Jeans Model-113
PROD-04548,Grocery_FMCG,Cleaning Supplies,Cleaning Supplies Model-407
PROD-04549,Home_Living,Furniture,Furniture Model-730
PROD-04550,Home_Living,Kitchenware,Kitchenware Model-715
PROD-04551,Footwear,Sneaker,Sneaker Model-849
PROD-04552,Footwear,Sandal,Sandal Model-464
PROD-04553,Grocery_FMCG,Cooking Oil,Cooking Oil Model-866
PROD-04554,Beauty_Health,Supplements,Supplements Model-368
PROD-04555,Footwear,Formal Shoe,Formal Shoe Model-562
PROD-04556,Grocery_FMCG,Rice,Rice Model-932
PROD-04557,Electronics,Feature Phone,Feature Phone Model-198
PROD-04558,Books_Stationery,Story Book,Story Book Model-906
PROD-04559,Electronics,Power Bank,Power Bank Model-984
PROD-04560,Garments,Saree,Saree Model-743
PROD-04561,Grocery_FMCG,Cleaning Supplies,Cleaning Supplies Model-640
PROD-04562,Garments,T-Shirt,T-Shirt Model-241
PROD-04563,Grocery_FMCG,Beverages,Beverages Model-106
PROD-04564,Garments,Kurti,Kurti Model-719
PROD-04565,Garments,Kurti,Kurti Model-433
PROD-04566,Electronics,Headphone,Headphone Model-593
PROD-04567,Electronics,Smartphone,Smartphone Model-139
PROD-04568,Grocery_FMCG,Personal Care,Personal Care Model-933
PROD-04569,Garments,Saree,Saree Model-744
PROD-04570,Grocery_FMCG,Snacks,Snacks Model-383
PROD-04571,Grocery_FMCG,Rice,Rice Model-809
PROD-04572,Footwear,Slipper,Slipper Model-971
PROD-04573,Beauty_Health,Supplements,Supplements Model-715
PROD-04574,Garments,Saree,Saree Model-727
PROD-04575,Books_Stationery,Office Supplies,Office Supplies Model-442
PROD-04576,Garments,T-Shirt,T-Shirt Model-125
PROD-04577,Grocery_FMCG,Snacks,Snacks Model-290
PROD-04578,Footwear,Sneaker,Sneaker Model-517
PROD-04579,Electronics,Power Bank,Power Bank Model-434
PROD-04580,Footwear,Sandal,Sandal Model-781
PROD-04581,Garments,T-Shirt,T-Shirt Model-952
PROD-04582,Books_Stationery,Office Supplies,Office Supplies Model-864
PROD-04583,Garments,Kids Wear,Kids Wear Model-323
PROD-04584,Beauty_Health,Makeup,Makeup Model-589
PROD-04585,Garments,Kurti,Kurti Model-368
PROD-04586,Home_Living,Decor,Decor Model-597
PROD-04587,Footwear,Slipper,Slipper Model-313
PROD-04588,Garments,T-Shirt,T-Shirt Model-487
PROD-04589,Garments,Kids Wear,Kids Wear Model-971
PROD-04590,Footwear,Sandal,Sandal Model-674
PROD-04591,Grocery_FMCG,Snacks,Snacks Model-262
PROD-04592,Beauty_Health,Haircare,Haircare Model-170
PROD-04593,Electronics,Power Bank,Power Bank Model-899
PROD-04594,Home_Living,Bedding,Bedding Model-313
PROD-04595,Beauty_Health,Skincare,Skincare Model-840
PROD-04596,Grocery_FMCG,Snacks,Snacks Model-736
PROD-04597,Footwear,Slipper,Slipper Model-178
PROD-04598,Electronics,Smart Watch,Smart Watch Model-643
PROD-04599,Grocery_FMCG,Cleaning Supplies,Cleaning Supplies Model-186
PROD-04600,Grocery_FMCG,Personal Care,Personal Care Model-904
PROD-04601,Beauty_Health,Skincare,Skincare Model-997
PROD-04602,Electronics,Feature Phone,Feature Phone Model-202
PROD-04603,Beauty_Health,Supplements,Supplements Model-584
PROD-04604,Electronics,Home Appliance,Home Appliance Model-100
PROD-04605,Garments,Saree,Saree Model-411
PROD-04606,Grocery_FMCG,Cleaning Supplies,Cleaning Supplies Model-590
PROD-04607,Footwear,Sandal,Sandal Model-880
PROD-04608,Garments,Saree,Saree Model-627
PROD-04609,Electronics,Feature Phone,Feature Phone Model-543
PROD-04610,Garments,T-Shirt,T-Shirt Model-272
PROD-04611,Garments,Kurti,Kurti Model-196
PROD-04612,Garments,T-Shirt,T-Shirt Model-874
PROD-04613,Electronics,Laptop,Laptop Model-489
PROD-04614,Beauty_Health,Supplements,Supplements Model-110
PROD-04615,Footwear,Sandal,Sandal Model-386
PROD-04616,Grocery_FMCG,Cleaning Supplies,Cleaning Supplies Model-759
PROD-04617,Books_Stationery,Notebook,Notebook Model-480
PROD-04618,Home_Living,Kitchenware,Kitchenware Model-433
PROD-04619,Grocery_FMCG,Personal Care,Personal Care Model-328
PROD-04620,Books_Stationery,Office Supplies,Office Supplies Model-510
PROD-04621,Garments,Panjabi,Panjabi Model-675
PROD-04622,Electronics,Power Bank,Power Bank Model-807
PROD-04623,Electronics,Home Appliance,Home Appliance Model-686
PROD-04624,Footwear,Slipper,Slipper Model-302
PROD-04625,Garments,Panjabi,Panjabi Model-271
PROD-04626,Electronics,Laptop,Laptop Model-721
PROD-04627,Garments,Kids Wear,Kids Wear Model-471
PROD-04628,Books_Stationery,Office Supplies,Office Supplies Model-596
PROD-04629,Books_Stationery,Story Book,Story Book Model-148
PROD-04630,Garments,Jeans,Jeans Model-181
PROD-04631,Garments,Kids Wear,Kids Wear Model-913
PROD-04632,Garments,T-Shirt,T-Shirt Model-931
PROD-04633,Garments,Saree,Saree Model-740
PROD-04634,Home_Living,Bedding,Bedding Model-684
PROD-04635,Garments,T-Shirt,T-Shirt Model-611
PROD-04636,Books_Stationery,Notebook,Notebook Model-901
PROD-04637,Garments,Kids Wear,Kids Wear Model-501
PROD-04638,Electronics,Feature Phone,Feature Phone Model-469
PROD-04639,Electronics,Laptop,Laptop Model-751
PROD-04640,Books_Stationery,Story Book,Story Book Model-589
PROD-04641,Footwear,Formal Shoe,Formal Shoe Model-340
PROD-04642,Footwear,Slipper,Slipper Model-941
PROD-04643,Garments,Kurti,Kurti Model-812
PROD-04644,Grocery_FMCG,Rice,Rice Model-411
PROD-04645,Garments,Saree,Saree Model-395
PROD-04646,Garments,Kids Wear,Kids Wear Model-134
PROD-04647,Beauty_Health,Skincare,Skincare Model-786
PROD-04648,Footwear,Formal Shoe,Formal Shoe Model-161
PROD-04649,Footwear,Sandal,Sandal Model-564
PROD-04650,Beauty_Health,Haircare,Haircare Model-680
PROD-04651,Electronics,Headphone,Headphone Model-878
PROD-04652,Electronics,Headphone,Headphone Model-391
PROD-04653,Books_Stationery,Office Supplies,Office Supplies Model-678
PROD-04654,Beauty_Health,Supplements,Supplements Model-280
PROD-04655,Garments,Jeans,Jeans Model-473
PROD-04656,Electronics,Power Bank,Power Bank Model-199
PROD-04657,Footwear,Formal Shoe,Formal Shoe Model-512
PROD-04658,Garments,Jeans,Jeans Model-464
PROD-04659,Footwear,Formal Shoe,Formal Shoe Model-584
PROD-04660,Electronics,Smart Watch,Smart Watch Model-666
PROD-04661,Beauty_Health,Haircare,Haircare Model-781
PROD-04662,Electronics,Laptop,Laptop Model-797
PROD-04663,Electronics,Smart Watch,Smart Watch Model-346
PROD-04664,Garments,Kids Wear,Kids Wear Model-220
PROD-04665,Electronics,Feature Phone,Feature Phone Model-687
PROD-04666,Home_Living,Decor,Decor Model-734
PROD-04667,Grocery_FMCG,Rice,Rice Model-946
PROD-04668,Beauty_Health,Supplements,Supplements Model-720
PROD-04669,Garments,Saree,Saree Model-258
PROD-04670,Beauty_Health,Supplements,Supplements Model-738
PROD-04671,Garments,Saree,Saree Model-787
PROD-04672,Grocery_FMCG,Cleaning Supplies,Cleaning Supplies Model-935
PROD-04673,Books_Stationery,Office Supplies,Office Supplies Model-577
PROD-04674,Electronics,Laptop,Laptop Model-114
PROD-04675,Grocery_FMCG,Cooking Oil,Cooking Oil Model-103
PROD-04676,Garments,Kids Wear,Kids Wear Model-933
PROD-04677,Home_Living,Kitchenware,Kitchenware Model-907
PROD-04678,Electronics,Feature Phone,Feature Phone Model-689
PROD-04679,Home_Living,Bedding,Bedding Model-300
PROD-04680,Grocery_FMCG,Cooking Oil,Cooking Oil Model-912
PROD-04681,Garments,T-Shirt,T-Shirt Model-928
PROD-04682,Beauty_Health,Makeup,Makeup Model-737
PROD-04683,Beauty_Health,Makeup,Makeup Model-493
PROD-04684,Electronics,Headphone,Headphone Model-976
PROD-04685,Footwear,Sneaker,Sneaker Model-944
PROD-04686,Electronics,Feature Phone,Feature Phone Model-186
PROD-04687,Electronics,Home Appliance,Home Appliance Model-713
PROD-04688,Footwear,Sneaker,Sneaker Model-595
PROD-04689,Electronics,Smart Watch,Smart Watch Model-630
PROD-04690,Garments,Kurti,Kurti Model-762
PROD-04691,Grocery_FMCG,Personal Care,Personal Care Model-995
PROD-04692,Beauty_Health,Haircare,Haircare Model-157
PROD-04693,Beauty_Health,Supplements,Supplements Model-660
PROD-04694,Footwear,Sneaker,Sneaker Model-605
PROD-04695,Grocery_FMCG,Snacks,Snacks Model-564
PROD-04696,Grocery_FMCG,Rice,Rice Model-212
PROD-04697,Garments,Jeans,Jeans Model-702
PROD-04698,Beauty_Health,Makeup,Makeup Model-368
PROD-04699,Grocery_FMCG,Beverages,Beverages Model-401
PROD-04700,Footwear,Sneaker,Sneaker Model-185
PROD-04701,Garments,Jeans,Jeans Model-101
PROD-04702,Garments,T-Shirt,T-Shirt Model-856
PROD-04703,Electronics,Feature Phone,Feature Phone Model-791
PROD-04704,Garments,Saree,Saree Model-605
PROD-04705,Grocery_FMCG,Beverages,Beverages Model-742
PROD-04706,Electronics,Power Bank,Power Bank Model-156
PROD-04707,Home_Living,Bedding,Bedding Model-536
PROD-04708,Grocery_FMCG,Cooking Oil,Cooking Oil Model-815
PROD-04709,Footwear,Sandal,Sandal Model-807
PROD-04710,Beauty_Health,Supplements,Supplements Model-577
PROD-04711,Grocery_FMCG,Cooking Oil,Cooking Oil Model-596
PROD-04712,Garments,Kurti,Kurti Model-548
PROD-04713,Beauty_Health,Haircare,Haircare Model-452
PROD-04714,Garments,Panjabi,Panjabi Model-796
PROD-04715,Garments,Kurti,Kurti Model-816
PROD-04716,Beauty_Health,Haircare,Haircare Model-751
PROD-04717,Footwear,Slipper,Slipper Model-436
PROD-04718,Electronics,Laptop,Laptop Model-553
PROD-04719,Beauty_Health,Haircare,Haircare Model-247
PROD-04720,Electronics,Power Bank,Power Bank Model-262
PROD-04721,Grocery_FMCG,Personal Care,Personal Care Model-736
PROD-04722,Grocery_FMCG,Rice,Rice Model-565
PROD-04723,Garments,Kids Wear,Kids Wear Model-317
PROD-04724,Electronics,Laptop,Laptop Model-819
PROD-04725,Electronics,Laptop,Laptop Model-627
PROD-04726,Home_Living,Bedding,Bedding Model-688
PROD-04727,Garments,T-Shirt,T-Shirt Model-879
PROD-04728,Electronics,Smart Watch,Smart Watch Model-889
PROD-04729,Electronics,Headphone,Headphone Model-199
PROD-04730,Grocery_FMCG,Cooking Oil,Cooking Oil Model-696
PROD-04731,Garments,Panjabi,Panjabi Model-707
PROD-04732,Garments,Panjabi,Panjabi Model-816
PROD-04733,Home_Living,Bedding,Bedding Model-282
PROD-04734,Home_Living,Bedding,Bedding Model-603
PROD-04735,Grocery_FMCG,Rice,Rice Model-347
PROD-04736,Beauty_Health,Makeup,Makeup Model-362
PROD-04737,Garments,Saree,Saree Model-299
PROD-04738,Garments,Saree,Saree Model-754
PROD-04739,Grocery_FMCG,Rice,Rice Model-136
PROD-04740,Footwear,Sneaker,Sneaker Model-940
PROD-04741,Garments,Kids Wear,Kids Wear Model-279
PROD-04742,Books_Stationery,Office Supplies,Office Supplies Model-770
PROD-04743,Grocery_FMCG,Rice,Rice Model-674
PROD-04744,Footwear,Sneaker,Sneaker Model-534
PROD-04745,Garments,Kids Wear,Kids Wear Model-266
PROD-04746,Books_Stationery,Office Supplies,Office Supplies Model-940
PROD-04747,Garments,Jeans,Jeans Model-911
PROD-04748,Footwear,Formal Shoe,Formal Shoe Model-412
PROD-04749,Grocery_FMCG,Personal Care,Personal Care Model-587
PROD-04750,Electronics,Smart Watch,Smart Watch Model-847
PROD-04751,Footwear,Slipper,Slipper Model-317
PROD-04752,Electronics,Laptop,Laptop Model-598
PROD-04753,Electronics,Laptop,Laptop Model-565
PROD-04754,Grocery_FMCG,Beverages,Beverages Model-644
PROD-04755,Books_Stationery,Story Book,Story Book Model-202
PROD-04756,Electronics,Power Bank,Power Bank Model-323
PROD-04757,Electronics,Smart Watch,Smart Watch Model-869
PROD-04758,Electronics,Home Appliance,Home Appliance Model-370
PROD-04759,Footwear,Slipper,Slipper Model-498
PROD-04760,Grocery_FMCG,Rice,Rice Model-103
PROD-04761,Electronics,Headphone,Headphone Model-811
PROD-04762,Electronics,Smart Watch,Smart Watch Model-892
PROD-04763,Garments,Kurti,Kurti Model-331
PROD-04764,Grocery_FMCG,Personal Care,Personal Care Model-761
PROD-04765,Electronics,Power Bank,Power Bank Model-740
PROD-04766,Books_Stationery,Story Book,Story Book Model-532
PROD-04767,Footwear,Formal Shoe,Formal Shoe Model-239
PROD-04768,Grocery_FMCG,Cooking Oil,Cooking Oil Model-305
PROD-04769,Garments,Kurti,Kurti Model-429
PROD-04770,Electronics,Smart Watch,Smart Watch Model-499
PROD-04771,Grocery_FMCG,Cooking Oil,Cooking Oil Model-948
PROD-04772,Garments,Jeans,Jeans Model-992
PROD-04773,Electronics,Headphone,Headphone Model-972
PROD-04774,Garments,Jeans,Jeans Model-487
PROD-04775,Grocery_FMCG,Cleaning Supplies,Cleaning Supplies Model-169
PROD-04776,Beauty_Health,Makeup,Makeup Model-824
PROD-04777,Garments,Kurti,Kurti Model-416
PROD-04778,Garments,Kids Wear,Kids Wear Model-308
PROD-04779,Garments,Saree,Saree Model-221
PROD-04780,Garments,Kurti,Kurti Model-475
PROD-04781,Home_Living,Decor,Decor Model-443
PROD-04782,Grocery_FMCG,Beverages,Beverages Model-382
PROD-04783,Books_Stationery,Story Book,Story Book Model-770
PROD-04784,Grocery_FMCG,Cooking Oil,Cooking Oil Model-268
PROD-04785,Grocery_FMCG,Personal Care,Personal Care Model-789
PROD-04786,Footwear,Sandal,Sandal Model-596
PROD-04787,Electronics,Home Appliance,Home Appliance Model-680
PROD-04788,Electronics,Smart Watch,Smart Watch Model-378
PROD-04789,Electronics,Home Appliance,Home Appliance Model-431
PROD-04790,Home_Living,Furniture,Furniture Model-347
PROD-04791,Electronics,Headphone,Headphone Model-998
PROD-04792,Beauty_Health,Supplements,Supplements Model-123
PROD-04793,Garments,Kurti,Kurti Model-633
PROD-04794,Garments,Kurti,Kurti Model-819
PROD-04795,Electronics,Power Bank,Power Bank Model-245
PROD-04796,Footwear,Sneaker,Sneaker Model-421
PROD-04797,Grocery_FMCG,Snacks,Snacks Model-333
PROD-04798,Home_Living,Kitchenware,Kitchenware Model-536
PROD-04799,Electronics,Headphone,Headphone Model-219
PROD-04800,Grocery_FMCG,Personal Care,Personal Care Model-550
PROD-04801,Footwear,Sandal,Sandal Model-801
PROD-04802,Home_Living,Furniture,Furniture Model-802
PROD-04803,Beauty_Health,Skincare,Skincare Model-699
PROD-04804,Electronics,Power Bank,Power Bank Model-628
PROD-04805,Footwear,Formal Shoe,Formal Shoe Model-628
PROD-04806,Beauty_Health,Makeup,Makeup Model-890
PROD-04807,Garments,Saree,Saree Model-563
PROD-04808,Grocery_FMCG,Rice,Rice Model-889
PROD-04809,Garments,Jeans,Jeans Model-369
PROD-04810,Garments,Jeans,Jeans Model-509
PROD-04811,Electronics,Laptop,Laptop Model-686
PROD-04812,Grocery_FMCG,Cooking Oil,Cooking Oil Model-683
PROD-04813,Beauty_Health,Supplements,Supplements Model-642
PROD-04814,Electronics,Home Appliance,Home Appliance Model-804
PROD-04815,Grocery_FMCG,Cooking Oil,Cooking Oil Model-162
PROD-04816,Beauty_Health,Supplements,Supplements Model-405
PROD-04817,Footwear,Formal Shoe,Formal Shoe Model-999
PROD-04818,Grocery_FMCG,Cleaning Supplies,Cleaning Supplies Model-206
PROD-04819,Garments,Saree,Saree Model-338
PROD-04820,Electronics,Power Bank,Power Bank Model-659
PROD-04821,Electronics,Home Appliance,Home Appliance Model-508
PROD-04822,Grocery_FMCG,Rice,Rice Model-174
PROD-04823,Electronics,Laptop,Laptop Model-266
PROD-04824,Garments,Kids Wear,Kids Wear Model-366
PROD-04825,Beauty_Health,Skincare,Skincare Model-789
PROD-04826,Electronics,Smartphone,Smartphone Model-354
PROD-04827,Electronics,Smartphone,Smartphone Model-598
PROD-04828,Grocery_FMCG,Beverages,Beverages Model-330
PROD-04829,Garments,Kids Wear,Kids Wear Model-890
PROD-04830,Books_Stationery,Office Supplies,Office Supplies Model-485
PROD-04831,Beauty_Health,Supplements,Supplements Model-230
PROD-04832,Books_Stationery,Story Book,Story Book Model-496
PROD-04833,Electronics,Smart Watch,Smart Watch Model-685
PROD-04834,Footwear,Formal Shoe,Formal Shoe Model-230
PROD-04835,Books_Stationery,Notebook,Notebook Model-826
PROD-04836,Garments,Jeans,Jeans Model-871
PROD-04837,Grocery_FMCG,Snacks,Snacks Model-104
PROD-04838,Garments,Kids Wear,Kids Wear Model-546
PROD-04839,Garments,Kids Wear,Kids Wear Model-797
PROD-04840,Home_Living,Furniture,Furniture Model-525
PROD-04841,Grocery_FMCG,Personal Care,Personal Care Model-236
PROD-04842,Footwear,Formal Shoe,Formal Shoe Model-162
PROD-04843,Grocery_FMCG,Personal Care,Personal Care Model-919
PROD-04844,Electronics,Smart Watch,Smart Watch Model-158
PROD-04845,Garments,Kids Wear,Kids Wear Model-744
PROD-04846,Grocery_FMCG,Beverages,Beverages Model-798
PROD-04847,Grocery_FMCG,Rice,Rice Model-224
PROD-04848,Books_Stationery,Notebook,Notebook Model-636
PROD-04849,Beauty_Health,Makeup,Makeup Model-433
PROD-04850,Garments,Panjabi,Panjabi Model-812
PROD-04851,Home_Living,Kitchenware,Kitchenware Model-292
PROD-04852,Electronics,Headphone,Headphone Model-486
PROD-04853,Electronics,Smartphone,Smartphone Model-879
PROD-04854,Books_Stationery,Art Supplies,Art Supplies Model-275
PROD-04855,Garments,Saree,Saree Model-991
PROD-04856,Electronics,Headphone,Headphone Model-233
PROD-04857,Grocery_FMCG,Rice,Rice Model-908
PROD-04858,Home_Living,Decor,Decor Model-877
PROD-04859,Footwear,Sneaker,Sneaker Model-384
PROD-04860,Home_Living,Furniture,Furniture Model-976
PROD-04861,Beauty_Health,Makeup,Makeup Model-267
PROD-04862,Beauty_Health,Haircare,Haircare Model-711
PROD-04863,Footwear,Formal Shoe,Formal Shoe Model-484
PROD-04864,Grocery_FMCG,Personal Care,Personal Care Model-448
PROD-04865,Garments,T-Shirt,T-Shirt Model-588
PROD-04866,Garments,Kurti,Kurti Model-715
PROD-04867,Grocery_FMCG,Cleaning Supplies,Cleaning Supplies Model-822
PROD-04868,Footwear,Formal Shoe,Formal Shoe Model-934
PROD-04869,Home_Living,Bedding,Bedding Model-958
PROD-04870,Grocery_FMCG,Snacks,Snacks Model-586
PROD-04871,Beauty_Health,Supplements,Supplements Model-383
PROD-04872,Electronics,Headphone,Headphone Model-672
PROD-04873,Grocery_FMCG,Rice,Rice Model-795
PROD-04874,Home_Living,Kitchenware,Kitchenware Model-611
PROD-04875,Home_Living,Decor,Decor Model-208
PROD-04876,Footwear,Formal Shoe,Formal Shoe Model-955
PROD-04877,Home_Living,Kitchenware,Kitchenware Model-649
PROD-04878,Grocery_FMCG,Personal Care,Personal Care Model-612
PROD-04879,Footwear,Sneaker,Sneaker Model-299
PROD-04880,Electronics,Feature Phone,Feature Phone Model-330
PROD-04881,Electronics,Power Bank,Power Bank Model-499
PROD-04882,Beauty_Health,Supplements,Supplements Model-745
PROD-04883,Home_Living,Bedding,Bedding Model-400
PROD-04884,Grocery_FMCG,Cleaning Supplies,Cleaning Supplies Model-154
PROD-04885,Electronics,Smart Watch,Smart Watch Model-412
PROD-04886,Grocery_FMCG,Snacks,Snacks Model-129
PROD-04887,Garments,Kurti,Kurti Model-632
PROD-04888,Electronics,Laptop,Laptop Model-838
PROD-04889,Grocery_FMCG,Snacks,Snacks Model-731
PROD-04890,Electronics,Headphone,Headphone Model-362
PROD-04891,Garments,Kurti,Kurti Model-742
PROD-04892,Garments,Panjabi,Panjabi Model-905
PROD-04893,Beauty_Health,Makeup,Makeup Model-417
PROD-04894,Grocery_FMCG,Cleaning Supplies,Cleaning Supplies Model-486
PROD-04895,Beauty_Health,Haircare,Haircare Model-518
PROD-04896,Home_Living,Kitchenware,Kitchenware Model-397
PROD-04897,Footwear,Sandal,Sandal Model-926
PROD-04898,Footwear,Slipper,Slipper Model-204
PROD-04899,Garments,Jeans,Jeans Model-282
PROD-04900,Grocery_FMCG,Personal Care,Personal Care Model-860
PROD-04901,Electronics,Home Appliance,Home Appliance Model-954
PROD-04902,Garments,Jeans,Jeans Model-923
PROD-04903,Beauty_Health,Skincare,Skincare Model-311
PROD-04904,Electronics,Home Appliance,Home Appliance Model-383
PROD-04905,Beauty_Health,Skincare,Skincare Model-356
PROD-04906,Beauty_Health,Skincare,Skincare Model-432
PROD-04907,Home_Living,Kitchenware,Kitchenware Model-443
PROD-04908,Footwear,Sneaker,Sneaker Model-463
PROD-04909,Garments,Jeans,Jeans Model-978
PROD-04910,Electronics,Smart Watch,Smart Watch Model-514
PROD-04911,Electronics,Smartphone,Smartphone Model-336
PROD-04912,Electronics,Power Bank,Power Bank Model-931
PROD-04913,Grocery_FMCG,Snacks,Snacks Model-238
PROD-04914,Electronics,Power Bank,Power Bank Model-417
PROD-04915,Grocery_FMCG,Personal Care,Personal Care Model-972
PROD-04916,Grocery_FMCG,Cooking Oil,Cooking Oil Model-115
PROD-04917,Electronics,Feature Phone,Feature Phone Model-334
PROD-04918,Home_Living,Furniture,Furniture Model-359
PROD-04919,Beauty_Health,Makeup,Makeup Model-137
PROD-04920,Grocery_FMCG,Cleaning Supplies,Cleaning Supplies Model-406
PROD-04921,Beauty_Health,Skincare,Skincare Model-213
PROD-04922,Garments,T-Shirt,T-Shirt Model-895
PROD-04923,Electronics,Headphone,Headphone Model-950
PROD-04924,Footwear,Formal Shoe,Formal Shoe Model-573
PROD-04925,Footwear,Sneaker,Sneaker Model-259
PROD-04926,Electronics,Headphone,Headphone Model-103
PROD-04927,Garments,Jeans,Jeans Model-518
PROD-04928,Footwear,Sandal,Sandal Model-724
PROD-04929,Beauty_Health,Skincare,Skincare Model-886
PROD-04930,Home_Living,Bedding,Bedding Model-505
PROD-04931,Electronics,Headphone,Headphone Model-897
PROD-04932,Footwear,Slipper,Slipper Model-236
PROD-04933,Footwear,Slipper,Slipper Model-785
PROD-04934,Books_Stationery,Story Book,Story Book Model-767
PROD-04935,Electronics,Home Appliance,Home Appliance Model-406
PROD-04936,Footwear,Sandal,Sandal Model-935
PROD-04937,Electronics,Headphone,Headphone Model-116
PROD-04938,Home_Living,Furniture,Furniture Model-465
PROD-04939,Electronics,Smart Watch,Smart Watch Model-719
PROD-04940,Grocery_FMCG,Snacks,Snacks Model-730
PROD-04941,Electronics,Smart Watch,Smart Watch Model-526
PROD-04942,Garments,Kids Wear,Kids Wear Model-390
PROD-04943,Garments,Saree,Saree Model-774
PROD-04944,Footwear,Formal Shoe,Formal Shoe Model-916
PROD-04945,Garments,Panjabi,Panjabi Model-754
PROD-04946,Grocery_FMCG,Cooking Oil,Cooking Oil Model-954
PROD-04947,Garments,Kurti,Kurti Model-430
PROD-04948,Electronics,Laptop,Laptop Model-904
PROD-04949,Grocery_FMCG,Rice,Rice Model-775
PROD-04950,Garments,Panjabi,Panjabi Model-939
PROD-04951,Home_Living,Decor,Decor Model-856
PROD-04952,Electronics,Headphone,Headphone Model-938
PROD-04953,Garments,Kids Wear,Kids Wear Model-904
PROD-04954,Electronics,Smart Watch,Smart Watch Model-243
PROD-04955,Garments,Jeans,Jeans Model-222
PROD-04956,Beauty_Health,Supplements,Supplements Model-600
PROD-04957,Beauty_Health,Skincare,Skincare Model-179
PROD-04958,Garments,Kids Wear,Kids Wear Model-678
PROD-04959,Electronics,Power Bank,Power Bank Model-680
PROD-04960,Beauty_Health,Makeup,Makeup Model-333
PROD-04961,Grocery_FMCG,Personal Care,Personal Care Model-274
PROD-04962,Home_Living,Decor,Decor Model-376
PROD-04963,Grocery_FMCG,Personal Care,Personal Care Model-184
PROD-04964,Electronics,Feature Phone,Feature Phone Model-530
PROD-04965,Footwear,Slipper,Slipper Model-643
PROD-04966,Electronics,Home Appliance,Home Appliance Model-416
PROD-04967,Electronics,Power Bank,Power Bank Model-330
PROD-04968,Beauty_Health,Supplements,Supplements Model-231
PROD-04969,Garments,Saree,Saree Model-278
PROD-04970,Garments,T-Shirt,T-Shirt Model-862
PROD-04971,Garments,T-Shirt,T-Shirt Model-435
PROD-04972,Footwear,Sneaker,Sneaker Model-272
PROD-04973,Home_Living,Furniture,Furniture Model-276
PROD-04974,Electronics,Power Bank,Power Bank Model-871
PROD-04975,Footwear,Formal Shoe,Formal Shoe Model-922
PROD-04976,Electronics,Laptop,Laptop Model-781
PROD-04977,Beauty_Health,Skincare,Skincare Model-581
PROD-04978,Beauty_Health,Supplements,Supplements Model-253
PROD-04979,Electronics,Feature Phone,Feature Phone Model-957
PROD-04980,Electronics,Feature Phone,Feature Phone Model-243
PROD-04981,Garments,Saree,Saree Model-655
PROD-04982,Footwear,Sneaker,Sneaker Model-557
PROD-04983,Garments,Kids Wear,Kids Wear Model-943
PROD-04984,Garments,T-Shirt,T-Shirt Model-765
PROD-04985,Beauty_Health,Skincare,Skincare Model-618
PROD-04986,Garments,Kids Wear,Kids Wear Model-594
PROD-04987,Grocery_FMCG,Personal Care,Personal Care Model-857
PROD-04988,Grocery_FMCG,Personal Care,Personal Care Model-368
PROD-04989,Beauty_Health,Supplements,Supplements Model-859
PROD-04990,Home_Living,Kitchenware,Kitchenware Model-713
PROD-04991,Garments,Kurti,Kurti Model-901
PROD-04992,Garments,T-Shirt,T-Shirt Model-809
PROD-04993,Books_Stationery,Story Book,Story Book Model-474
PROD-04994,Beauty_Health,Makeup,Makeup Model-822
PROD-04995,Grocery_FMCG,Personal Care,Personal Care Model-361
PROD-04996,Beauty_Health,Skincare,Skincare Model-723
PROD-04997,Garments,Jeans,Jeans Model-152
PROD-04998,Grocery_FMCG,Snacks,Snacks Model-614
PROD-04999,Electronics,Smartphone,Smartphone Model-801
PROD-05000,Footwear,Sneaker,Sneaker Model-744
PROD-05001,Electronics,Power Bank,Power Bank Model-773
PROD-05002,Electronics,Headphone,Headphone Model-405
PROD-05003,Electronics,Smartphone,Smartphone Model-225
PROD-05004,Beauty_Health,Supplements,Supplements Model-652
PROD-05005,Home_Living,Bedding,Bedding Model-915
PROD-05006,Books_Stationery,Story Book,Story Book Model-102
PROD-05007,Electronics,Laptop,Laptop Model-221
PROD-05008,Electronics,Home Appliance,Home Appliance Model-590
PROD-05009,Beauty_Health,Supplements,Supplements Model-154
PROD-05010,Beauty_Health,Haircare,Haircare Model-161
PROD-05011,Home_Living,Kitchenware,Kitchenware Model-983
PROD-05012,Electronics,Home Appliance,Home Appliance Model-530
PROD-05013,Footwear,Sandal,Sandal Model-984
PROD-05014,Books_Stationery,Office Supplies,Office Supplies Model-309
PROD-05015,Electronics,Home Appliance,Home Appliance Model-984
PROD-05016,Electronics,Laptop,Laptop Model-778
PROD-05017,Garments,Jeans,Jeans Model-657
PROD-05018,Electronics,Laptop,Laptop Model-650
PROD-05019,Garments,Kids Wear,Kids Wear Model-121
PROD-05020,Electronics,Headphone,Headphone Model-535
PROD-05021,Electronics,Smartphone,Smartphone Model-372
PROD-05022,Electronics,Feature Phone,Feature Phone Model-860
PROD-05023,Garments,Kids Wear,Kids Wear Model-538
PROD-05024,Footwear,Formal Shoe,Formal Shoe Model-937
PROD-05025,Garments,T-Shirt,T-Shirt Model-785
PROD-05026,Garments,Saree,Saree Model-218
PROD-05027,Garments,Saree,Saree Model-238
PROD-05028,Electronics,Feature Phone,Feature Phone Model-987
PROD-05029,Beauty_Health,Makeup,Makeup Model-627
PROD-05030,Beauty_Health,Supplements,Supplements Model-897
PROD-05031,Books_Stationery,Office Supplies,Office Supplies Model-835
PROD-05032,Garments,Saree,Saree Model-368
PROD-05033,Grocery_FMCG,Personal Care,Personal Care Model-210
PROD-05034,Electronics,Smartphone,Smartphone Model-923
PROD-05035,Beauty_Health,Makeup,Makeup Model-413
PROD-05036,Books_Stationery,Art Supplies,Art Supplies Model-708
PROD-05037,Grocery_FMCG,Cleaning Supplies,Cleaning Supplies Model-798
PROD-05038,Garments,Kids Wear,Kids Wear Model-527
PROD-05039,Garments,Panjabi,Panjabi Model-391
PROD-05040,Footwear,Sneaker,Sneaker Model-819
PROD-05041,Beauty_Health,Makeup,Makeup Model-499
PROD-05042,Garments,Panjabi,Panjabi Model-763
PROD-05043,Beauty_Health,Skincare,Skincare Model-417
PROD-05044,Garments,Jeans,Jeans Model-633
PROD-05045,Home_Living,Bedding,Bedding Model-271
PROD-05046,Books_Stationery,Art Supplies,Art Supplies Model-813
PROD-05047,Grocery_FMCG,Cooking Oil,Cooking Oil Model-694
PROD-05048,Grocery_FMCG,Cooking Oil,Cooking Oil Model-266
PROD-05049,Footwear,Sandal,Sandal Model-303
PROD-05050,Home_Living,Bedding,Bedding Model-480
PROD-05051,Garments,Saree,Saree Model-985
PROD-05052,Grocery_FMCG,Cleaning Supplies,Cleaning Supplies Model-528
PROD-05053,Electronics,Home Appliance,Home Appliance Model-674
PROD-05054,Grocery_FMCG,Rice,Rice Model-143
PROD-05055,Footwear,Slipper,Slipper Model-261
PROD-05056,Grocery_FMCG,Cleaning Supplies,Cleaning Supplies Model-667
PROD-05057,Garments,Panjabi,Panjabi Model-372
PROD-05058,Grocery_FMCG,Cooking Oil,Cooking Oil Model-397
PROD-05059,Home_Living,Kitchenware,Kitchenware Model-294
PROD-05060,Home_Living,Furniture,Furniture Model-831
PROD-05061,Garments,Kurti,Kurti Model-930
PROD-05062,Electronics,Headphone,Headphone Model-836
PROD-05063,Grocery_FMCG,Beverages,Beverages Model-894
PROD-05064,Electronics,Home Appliance,Home Appliance Model-202
PROD-05065,Electronics,Power Bank,Power Bank Model-697
PROD-05066,Electronics,Home Appliance,Home Appliance Model-928
PROD-05067,Grocery_FMCG,Snacks,Snacks Model-811
PROD-05068,Home_Living,Decor,Decor Model-602
PROD-05069,Footwear,Slipper,Slipper Model-528
PROD-05070,Books_Stationery,Office Supplies,Office Supplies Model-361
PROD-05071,Beauty_Health,Haircare,Haircare Model-299
PROD-05072,Garments,Panjabi,Panjabi Model-877
PROD-05073,Garments,Kurti,Kurti Model-622
PROD-05074,Grocery_FMCG,Personal Care,Personal Care Model-101
PROD-05075,Electronics,Feature Phone,Feature Phone Model-968
PROD-05076,Grocery_FMCG,Snacks,Snacks Model-110
PROD-05077,Home_Living,Decor,Decor Model-882
PROD-05078,Garments,T-Shirt,T-Shirt Model-331
PROD-05079,Footwear,Formal Shoe,Formal Shoe Model-948
PROD-05080,Footwear,Sneaker,Sneaker Model-155
PROD-05081,Electronics,Home Appliance,Home Appliance Model-943
PROD-05082,Grocery_FMCG,Rice,Rice Model-811
PROD-05083,Garments,Saree,Saree Model-234
PROD-05084,Books_Stationery,Notebook,Notebook Model-274
PROD-05085,Books_Stationery,Story Book,Story Book Model-867
PROD-05086,Home_Living,Kitchenware,Kitchenware Model-237
PROD-05087,Home_Living,Kitchenware,Kitchenware Model-956
PROD-05088,Electronics,Feature Phone,Feature Phone Model-448
PROD-05089,Grocery_FMCG,Snacks,Snacks Model-139
PROD-05090,Garments,Jeans,Jeans Model-921
PROD-05091,Garments,Kids Wear,Kids Wear Model-287
PROD-05092,Electronics,Smartphone,Smartphone Model-823
PROD-05093,Garments,T-Shirt,T-Shirt Model-898
PROD-05094,Books_Stationery,Story Book,Story Book Model-146
PROD-05095,Electronics,Laptop,Laptop Model-976
PROD-05096,Garments,Kurti,Kurti Model-504
PROD-05097,Garments,Kids Wear,Kids Wear Model-238
PROD-05098,Grocery_FMCG,Cooking Oil,Cooking Oil Model-272
PROD-05099,Garments,Jeans,Jeans Model-623
PROD-05100,Books_Stationery,Art Supplies,Art Supplies Model-190
PROD-05101,Garments,Saree,Saree Model-669
PROD-05102,Books_Stationery,Art Supplies,Art Supplies Model-773
PROD-05103,Garments,Saree,Saree Model-608
PROD-05104,Electronics,Home Appliance,Home Appliance Model-219
PROD-05105,Garments,T-Shirt,T-Shirt Model-290
PROD-05106,Beauty_Health,Skincare,Skincare Model-458
PROD-05107,Grocery_FMCG,Snacks,Snacks Model-419
PROD-05108,Footwear,Slipper,Slipper Model-739
PROD-05109,Electronics,Power Bank,Power Bank Model-430
PROD-05110,Garments,Kids Wear,Kids Wear Model-488
PROD-05111,Grocery_FMCG,Snacks,Snacks Model-152
PROD-05112,Grocery_FMCG,Cleaning Supplies,Cleaning Supplies Model-761
PROD-05113,Grocery_FMCG,Cooking Oil,Cooking Oil Model-790
PROD-05114,Home_Living,Decor,Decor Model-973
PROD-05115,Grocery_FMCG,Cleaning Supplies,Cleaning Supplies Model-603
PROD-05116,Footwear,Slipper,Slipper Model-368
PROD-05117,Electronics,Smart Watch,Smart Watch Model-462
PROD-05118,Beauty_Health,Haircare,Haircare Model-993
PROD-05119,Garments,Panjabi,Panjabi Model-768
PROD-05120,Garments,Saree,Saree Model-450
PROD-05121,Home_Living,Decor,Decor Model-591
PROD-05122,Footwear,Sandal,Sandal Model-860
PROD-05123,Electronics,Headphone,Headphone Model-314
PROD-05124,Home_Living,Decor,Decor Model-399
PROD-05125,Garments,Jeans,Jeans Model-537
PROD-05126,Garments,Saree,Saree Model-166
PROD-05127,Grocery_FMCG,Cleaning Supplies,Cleaning Supplies Model-283
PROD-05128,Grocery_FMCG,Beverages,Beverages Model-310
PROD-05129,Electronics,Laptop,Laptop Model-402
PROD-05130,Garments,T-Shirt,T-Shirt Model-449
PROD-05131,Home_Living,Kitchenware,Kitchenware Model-875
PROD-05132,Electronics,Smartphone,Smartphone Model-430
PROD-05133,Electronics,Laptop,Laptop Model-422
PROD-05134,Grocery_FMCG,Snacks,Snacks Model-137
PROD-05135,Electronics,Power Bank,Power Bank Model-225
PROD-05136,Home_Living,Bedding,Bedding Model-875
PROD-05137,Beauty_Health,Haircare,Haircare Model-219
PROD-05138,Grocery_FMCG,Beverages,Beverages Model-348
PROD-05139,Garments,Kurti,Kurti Model-212
PROD-05140,Grocery_FMCG,Cleaning Supplies,Cleaning Supplies Model-757
PROD-05141,Electronics,Power Bank,Power Bank Model-713
PROD-05142,Grocery_FMCG,Personal Care,Personal Care Model-871
PROD-05143,Home_Living,Kitchenware,Kitchenware Model-130
PROD-05144,Home_Living,Furniture,Furniture Model-437
PROD-05145,Footwear,Sneaker,Sneaker Model-290
PROD-05146,Home_Living,Kitchenware,Kitchenware Model-939
PROD-05147,Footwear,Formal Shoe,Formal Shoe Model-868
PROD-05148,Electronics,Headphone,Headphone Model-997
PROD-05149,Footwear,Slipper,Slipper Model-970
PROD-05150,Footwear,Formal Shoe,Formal Shoe Model-291
PROD-05151,Grocery_FMCG,Cleaning Supplies,Cleaning Supplies Model-873
PROD-05152,Footwear,Sandal,Sandal Model-622
PROD-05153,Footwear,Sandal,Sandal Model-648
PROD-05154,Electronics,Laptop,Laptop Model-546
PROD-05155,Electronics,Smart Watch,Smart Watch Model-795
PROD-05156,Electronics,Smartphone,Smartphone Model-100
PROD-05157,Garments,T-Shirt,T-Shirt Model-164
PROD-05158,Home_Living,Bedding,Bedding Model-120
PROD-05159,Grocery_FMCG,Rice,Rice Model-816
PROD-05160,Beauty_Health,Haircare,Haircare Model-721
PROD-05161,Footwear,Slipper,Slipper Model-629
PROD-05162,Beauty_Health,Haircare,Haircare Model-679
PROD-05163,Footwear,Slipper,Slipper Model-845
PROD-05164,Electronics,Smart Watch,Smart Watch Model-209
PROD-05165,Electronics,Smartphone,Smartphone Model-492
PROD-05166,Footwear,Sneaker,Sneaker Model-157
PROD-05167,Garments,Panjabi,Panjabi Model-489
PROD-05168,Beauty_Health,Haircare,Haircare Model-843
PROD-05169,Garments,Kurti,Kurti Model-453
PROD-05170,Home_Living,Furniture,Furniture Model-965
PROD-05171,Grocery_FMCG,Cleaning Supplies,Cleaning Supplies Model-426
PROD-05172,Footwear,Sneaker,Sneaker Model-839
PROD-05173,Grocery_FMCG,Snacks,Snacks Model-692
PROD-05174,Books_Stationery,Art Supplies,Art Supplies Model-912
PROD-05175,Electronics,Feature Phone,Feature Phone Model-710
PROD-05176,Footwear,Formal Shoe,Formal Shoe Model-798
PROD-05177,Garments,Panjabi,Panjabi Model-678
PROD-05178,Grocery_FMCG,Rice,Rice Model-800
PROD-05179,Grocery_FMCG,Rice,Rice Model-398
PROD-05180,Garments,Kids Wear,Kids Wear Model-127
PROD-05181,Grocery_FMCG,Personal Care,Personal Care Model-746
PROD-05182,Electronics,Feature Phone,Feature Phone Model-474
PROD-05183,Grocery_FMCG,Cleaning Supplies,Cleaning Supplies Model-424
PROD-05184,Grocery_FMCG,Rice,Rice Model-516
PROD-05185,Footwear,Sneaker,Sneaker Model-161
PROD-05186,Beauty_Health,Supplements,Supplements Model-644
PROD-05187,Electronics,Home Appliance,Home Appliance Model-412
PROD-05188,Electronics,Feature Phone,Feature Phone Model-590
PROD-05189,Garments,T-Shirt,T-Shirt Model-590
PROD-05190,Garments,Panjabi,Panjabi Model-363
PROD-05191,Grocery_FMCG,Personal Care,Personal Care Model-769
PROD-05192,Books_Stationery,Story Book,Story Book Model-425
PROD-05193,Grocery_FMCG,Snacks,Snacks Model-975
PROD-05194,Garments,Kids Wear,Kids Wear Model-307
PROD-05195,Garments,Jeans,Jeans Model-974
PROD-05196,Grocery_FMCG,Personal Care,Personal Care Model-253
PROD-05197,Grocery_FMCG,Beverages,Beverages Model-185
PROD-05198,Footwear,Slipper,Slipper Model-531
PROD-05199,Garments,Panjabi,Panjabi Model-348
PROD-05200,Grocery_FMCG,Cooking Oil,Cooking Oil Model-812
PROD-05201,Grocery_FMCG,Rice,Rice Model-683
PROD-05202,Footwear,Sandal,Sandal Model-857
PROD-05203,Books_Stationery,Notebook,Notebook Model-953
PROD-05204,Footwear,Formal Shoe,Formal Shoe Model-906
PROD-05205,Grocery_FMCG,Beverages,Beverages Model-608
PROD-05206,Grocery_FMCG,Snacks,Snacks Model-246
PROD-05207,Beauty_Health,Supplements,Supplements Model-571
PROD-05208,Grocery_FMCG,Personal Care,Personal Care Model-820
PROD-05209,Grocery_FMCG,Beverages,Beverages Model-391
PROD-05210,Books_Stationery,Art Supplies,Art Supplies Model-757
PROD-05211,Beauty_Health,Haircare,Haircare Model-160
PROD-05212,Beauty_Health,Haircare,Haircare Model-355
PROD-05213,Garments,Kurti,Kurti Model-730
PROD-05214,Footwear,Slipper,Slipper Model-298
PROD-05215,Garments,Saree,Saree Model-681
PROD-05216,Home_Living,Kitchenware,Kitchenware Model-155
PROD-05217,Electronics,Power Bank,Power Bank Model-700
PROD-05218,Beauty_Health,Makeup,Makeup Model-829
PROD-05219,Garments,Panjabi,Panjabi Model-883
PROD-05220,Garments,Panjabi,Panjabi Model-469
PROD-05221,Grocery_FMCG,Snacks,Snacks Model-385
PROD-05222,Grocery_FMCG,Cooking Oil,Cooking Oil Model-510
PROD-05223,Grocery_FMCG,Cleaning Supplies,Cleaning Supplies Model-545
PROD-05224,Footwear,Sandal,Sandal Model-804
PROD-05225,Electronics,Feature Phone,Feature Phone Model-288
PROD-05226,Garments,T-Shirt,T-Shirt Model-585
PROD-05227,Beauty_Health,Skincare,Skincare Model-228
PROD-05228,Garments,T-Shirt,T-Shirt Model-390
PROD-05229,Beauty_Health,Skincare,Skincare Model-639
PROD-05230,Electronics,Power Bank,Power Bank Model-746
PROD-05231,Home_Living,Bedding,Bedding Model-266
PROD-05232,Garments,Saree,Saree Model-332
PROD-05233,Garments,Jeans,Jeans Model-393
PROD-05234,Grocery_FMCG,Cleaning Supplies,Cleaning Supplies Model-708
PROD-05235,Beauty_Health,Skincare,Skincare Model-411
PROD-05236,Garments,Kurti,Kurti Model-575
PROD-05237,Beauty_Health,Makeup,Makeup Model-882
PROD-05238,Garments,Jeans,Jeans Model-328
PROD-05239,Electronics,Headphone,Headphone Model-977
PROD-05240,Beauty_Health,Makeup,Makeup Model-398
PROD-05241,Grocery_FMCG,Cleaning Supplies,Cleaning Supplies Model-577
PROD-05242,Garments,Kids Wear,Kids Wear Model-784
PROD-05243,Garments,Panjabi,Panjabi Model-313
PROD-05244,Grocery_FMCG,Beverages,Beverages Model-344
PROD-05245,Grocery_FMCG,Beverages,Beverages Model-829
PROD-05246,Garments,Jeans,Jeans Model-483
PROD-05247,Beauty_Health,Skincare,Skincare Model-939
PROD-05248,Electronics,Home Appliance,Home Appliance Model-923
PROD-05249,Footwear,Sandal,Sandal Model-400
PROD-05250,Grocery_FMCG,Cooking Oil,Cooking Oil Model-300
PROD-05251,Beauty_Health,Skincare,Skincare Model-660
PROD-05252,Electronics,Feature Phone,Feature Phone Model-397
PROD-05253,Garments,Jeans,Jeans Model-116
PROD-05254,Electronics,Home Appliance,Home Appliance Model-926
PROD-05255,Grocery_FMCG,Rice,Rice Model-515
PROD-05256,Garments,Jeans,Jeans Model-475
PROD-05257,Home_Living,Bedding,Bedding Model-315
PROD-05258,Grocery_FMCG,Cleaning Supplies,Cleaning Supplies Model-671
PROD-05259,Beauty_Health,Makeup,Makeup Model-114
PROD-05260,Electronics,Headphone,Headphone Model-478
PROD-05261,Garments,Jeans,Jeans Model-562
PROD-05262,Garments,Kids Wear,Kids Wear Model-432
PROD-05263,Garments,T-Shirt,T-Shirt Model-955
PROD-05264,Home_Living,Furniture,Furniture Model-571
PROD-05265,Home_Living,Decor,Decor Model-195
PROD-05266,Footwear,Sneaker,Sneaker Model-733
PROD-05267,Footwear,Slipper,Slipper Model-297
PROD-05268,Electronics,Feature Phone,Feature Phone Model-960
PROD-05269,Garments,T-Shirt,T-Shirt Model-639
PROD-05270,Electronics,Smart Watch,Smart Watch Model-740
PROD-05271,Books_Stationery,Story Book,Story Book Model-720
PROD-05272,Home_Living,Decor,Decor Model-420
PROD-05273,Grocery_FMCG,Cleaning Supplies,Cleaning Supplies Model-948
PROD-05274,Garments,T-Shirt,T-Shirt Model-690
PROD-05275,Garments,Saree,Saree Model-352
PROD-05276,Electronics,Headphone,Headphone Model-814
PROD-05277,Grocery_FMCG,Personal Care,Personal Care Model-792
PROD-05278,Books_Stationery,Story Book,Story Book Model-538
PROD-05279,Electronics,Smartphone,Smartphone Model-665
PROD-05280,Books_Stationery,Notebook,Notebook Model-416
PROD-05281,Grocery_FMCG,Rice,Rice Model-803
PROD-05282,Garments,Saree,Saree Model-476
PROD-05283,Grocery_FMCG,Cleaning Supplies,Cleaning Supplies Model-977
PROD-05284,Beauty_Health,Skincare,Skincare Model-895
PROD-05285,Home_Living,Bedding,Bedding Model-135
PROD-05286,Grocery_FMCG,Beverages,Beverages Model-889
PROD-05287,Grocery_FMCG,Personal Care,Personal Care Model-838
PROD-05288,Electronics,Power Bank,Power Bank Model-771
PROD-05289,Electronics,Smart Watch,Smart Watch Model-248
PROD-05290,Electronics,Smartphone,Smartphone Model-866
PROD-05291,Garments,Kids Wear,Kids Wear Model-342
PROD-05292,Footwear,Slipper,Slipper Model-698
PROD-05293,Grocery_FMCG,Rice,Rice Model-290
PROD-05294,Footwear,Formal Shoe,Formal Shoe Model-307
PROD-05295,Home_Living,Kitchenware,Kitchenware Model-205
PROD-05296,Garments,Panjabi,Panjabi Model-776
PROD-05297,Footwear,Slipper,Slipper Model-727
PROD-05298,Electronics,Smartphone,Smartphone Model-769
PROD-05299,Electronics,Home Appliance,Home Appliance Model-146
PROD-05300,Electronics,Laptop,Laptop Model-534
PROD-05301,Garments,Saree,Saree Model-834
PROD-05302,Footwear,Slipper,Slipper Model-749
PROD-05303,Garments,T-Shirt,T-Shirt Model-660
PROD-05304,Beauty_Health,Skincare,Skincare Model-872
PROD-05305,Garments,Saree,Saree Model-414
PROD-05306,Home_Living,Furniture,Furniture Model-365
PROD-05307,Books_Stationery,Notebook,Notebook Model-683
PROD-05308,Grocery_FMCG,Beverages,Beverages Model-814
PROD-05309,Grocery_FMCG,Beverages,Beverages Model-219
PROD-05310,Grocery_FMCG,Beverages,Beverages Model-103
PROD-05311,Footwear,Sneaker,Sneaker Model-213
PROD-05312,Garments,Jeans,Jeans Model-798
PROD-05313,Garments,Kurti,Kurti Model-925
PROD-05314,Grocery_FMCG,Rice,Rice Model-388
PROD-05315,Footwear,Slipper,Slipper Model-451
PROD-05316,Electronics,Headphone,Headphone Model-109
PROD-05317,Electronics,Smart Watch,Smart Watch Model-761
PROD-05318,Grocery_FMCG,Snacks,Snacks Model-127
PROD-05319,Footwear,Sneaker,Sneaker Model-951
PROD-05320,Grocery_FMCG,Personal Care,Personal Care Model-352
PROD-05321,Garments,Jeans,Jeans Model-257
PROD-05322,Footwear,Slipper,Slipper Model-206
PROD-05323,Garments,Jeans,Jeans Model-304
PROD-05324,Footwear,Slipper,Slipper Model-763
PROD-05325,Beauty_Health,Makeup,Makeup Model-297
PROD-05326,Grocery_FMCG,Beverages,Beverages Model-870
PROD-05327,Garments,Panjabi,Panjabi Model-158
PROD-05328,Beauty_Health,Supplements,Supplements Model-752
PROD-05329,Footwear,Formal Shoe,Formal Shoe Model-532
PROD-05330,Beauty_Health,Supplements,Supplements Model-624
PROD-05331,Beauty_Health,Skincare,Skincare Model-498
PROD-05332,Grocery_FMCG,Snacks,Snacks Model-448
PROD-05333,Home_Living,Decor,Decor Model-684
PROD-05334,Garments,T-Shirt,T-Shirt Model-388
PROD-05335,Garments,Jeans,Jeans Model-710
PROD-05336,Books_Stationery,Notebook,Notebook Model-545
PROD-05337,Garments,Jeans,Jeans Model-466
PROD-05338,Books_Stationery,Art Supplies,Art Supplies Model-942
PROD-05339,Garments,Panjabi,Panjabi Model-704
PROD-05340,Home_Living,Bedding,Bedding Model-479
PROD-05341,Footwear,Sandal,Sandal Model-323
PROD-05342,Beauty_Health,Makeup,Makeup Model-324
PROD-05343,Beauty_Health,Skincare,Skincare Model-360
PROD-05344,Books_Stationery,Notebook,Notebook Model-786
PROD-05345,Garments,Jeans,Jeans Model-810
PROD-05346,Electronics,Smart Watch,Smart Watch Model-397
PROD-05347,Garments,Saree,Saree Model-288
PROD-05348,Footwear,Slipper,Slipper Model-486
PROD-05349,Electronics,Smart Watch,Smart Watch Model-588
PROD-05350,Grocery_FMCG,Cleaning Supplies,Cleaning Supplies Model-390
PROD-05351,Home_Living,Kitchenware,Kitchenware Model-394
PROD-05352,Electronics,Smartphone,Smartphone Model-909
PROD-05353,Footwear,Slipper,Slipper Model-730
PROD-05354,Beauty_Health,Makeup,Makeup Model-672
PROD-05355,Books_Stationery,Art Supplies,Art Supplies Model-528
PROD-05356,Garments,Jeans,Jeans Model-391
PROD-05357,Books_Stationery,Notebook,Notebook Model-294
PROD-05358,Footwear,Formal Shoe,Formal Shoe Model-960
PROD-05359,Home_Living,Kitchenware,Kitchenware Model-612
PROD-05360,Garments,Kurti,Kurti Model-385
PROD-05361,Electronics,Feature Phone,Feature Phone Model-574
PROD-05362,Grocery_FMCG,Beverages,Beverages Model-405
PROD-05363,Electronics,Headphone,Headphone Model-119
PROD-05364,Garments,T-Shirt,T-Shirt Model-536
PROD-05365,Garments,Jeans,Jeans Model-660
PROD-05366,Garments,Saree,Saree Model-236
PROD-05367,Garments,Saree,Saree Model-880
PROD-05368,Electronics,Headphone,Headphone Model-537
PROD-05369,Garments,Jeans,Jeans Model-603
PROD-05370,Footwear,Sandal,Sandal Model-544
PROD-05371,Footwear,Formal Shoe,Formal Shoe Model-462
PROD-05372,Footwear,Formal Shoe,Formal Shoe Model-733
PROD-05373,Electronics,Power Bank,Power Bank Model-757
PROD-05374,Beauty_Health,Supplements,Supplements Model-802
PROD-05375,Garments,Kids Wear,Kids Wear Model-751
PROD-05376,Garments,Saree,Saree Model-493
PROD-05377,Electronics,Smartphone,Smartphone Model-246
PROD-05378,Electronics,Home Appliance,Home Appliance Model-929
PROD-05379,Electronics,Smart Watch,Smart Watch Model-513
PROD-05380,Electronics,Feature Phone,Feature Phone Model-991
PROD-05381,Grocery_FMCG,Rice,Rice Model-248
PROD-05382,Beauty_Health,Makeup,Makeup Model-611
PROD-05383,Beauty_Health,Makeup,Makeup Model-794
PROD-05384,Home_Living,Furniture,Furniture Model-954
PROD-05385,Grocery_FMCG,Personal Care,Personal Care Model-359
PROD-05386,Electronics,Power Bank,Power Bank Model-180
PROD-05387,Grocery_FMCG,Snacks,Snacks Model-824
PROD-05388,Garments,Kids Wear,Kids Wear Model-835
PROD-05389,Grocery_FMCG,Snacks,Snacks Model-382
PROD-05390,Books_Stationery,Notebook,Notebook Model-413
PROD-05391,Home_Living,Kitchenware,Kitchenware Model-362
PROD-05392,Electronics,Power Bank,Power Bank Model-904
PROD-05393,Garments,Panjabi,Panjabi Model-477
PROD-05394,Garments,Panjabi,Panjabi Model-180
PROD-05395,Electronics,Smartphone,Smartphone Model-614
PROD-05396,Electronics,Home Appliance,Home Appliance Model-386
PROD-05397,Footwear,Sandal,Sandal Model-626
PROD-05398,Grocery_FMCG,Rice,Rice Model-693
PROD-05399,Electronics,Home Appliance,Home Appliance Model-376
PROD-05400,Home_Living,Bedding,Bedding Model-693
PROD-05401,Garments,Kids Wear,Kids Wear Model-221
PROD-05402,Grocery_FMCG,Beverages,Beverages Model-898
PROD-05403,Electronics,Headphone,Headphone Model-991
PROD-05404,Home_Living,Decor,Decor Model-348
PROD-05405,Grocery_FMCG,Cleaning Supplies,Cleaning Supplies Model-861
PROD-05406,Grocery_FMCG,Cleaning Supplies,Cleaning Supplies Model-786
PROD-05407,Garments,Jeans,Jeans Model-435
PROD-05408,Electronics,Power Bank,Power Bank Model-820
PROD-05409,Grocery_FMCG,Rice,Rice Model-637
PROD-05410,Grocery_FMCG,Beverages,Beverages Model-558
PROD-05411,Garments,Kids Wear,Kids Wear Model-270
PROD-05412,Grocery_FMCG,Personal Care,Personal Care Model-852
PROD-05413,Footwear,Slipper,Slipper Model-670
PROD-05414,Garments,T-Shirt,T-Shirt Model-868
PROD-05415,Electronics,Feature Phone,Feature Phone Model-429
PROD-05416,Beauty_Health,Makeup,Makeup Model-438
PROD-05417,Electronics,Laptop,Laptop Model-104
PROD-05418,Electronics,Headphone,Headphone Model-117
PROD-05419,Garments,Kids Wear,Kids Wear Model-205
PROD-05420,Books_Stationery,Story Book,Story Book Model-858
PROD-05421,Home_Living,Bedding,Bedding Model-885
PROD-05422,Footwear,Sneaker,Sneaker Model-397
PROD-05423,Electronics,Smartphone,Smartphone Model-558
PROD-05424,Beauty_Health,Makeup,Makeup Model-176
PROD-05425,Beauty_Health,Makeup,Makeup Model-236
PROD-05426,Grocery_FMCG,Cleaning Supplies,Cleaning Supplies Model-326
PROD-05427,Home_Living,Kitchenware,Kitchenware Model-580
PROD-05428,Home_Living,Decor,Decor Model-276
PROD-05429,Electronics,Power Bank,Power Bank Model-437
PROD-05430,Garments,Panjabi,Panjabi Model-528
PROD-05431,Grocery_FMCG,Cooking Oil,Cooking Oil Model-761
PROD-05432,Garments,T-Shirt,T-Shirt Model-638
PROD-05433,Electronics,Feature Phone,Feature Phone Model-473
PROD-05434,Footwear,Formal Shoe,Formal Shoe Model-556
PROD-05435,Beauty_Health,Haircare,Haircare Model-726
PROD-05436,Grocery_FMCG,Cooking Oil,Cooking Oil Model-192
PROD-05437,Garments,Kids Wear,Kids Wear Model-616
PROD-05438,Grocery_FMCG,Rice,Rice Model-431
PROD-05439,Grocery_FMCG,Cooking Oil,Cooking Oil Model-428
PROD-05440,Beauty_Health,Makeup,Makeup Model-644
PROD-05441,Footwear,Sandal,Sandal Model-808
PROD-05442,Footwear,Slipper,Slipper Model-476
PROD-05443,Home_Living,Bedding,Bedding Model-156
PROD-05444,Footwear,Sneaker,Sneaker Model-310
PROD-05445,Garments,Saree,Saree Model-164
PROD-05446,Garments,Kurti,Kurti Model-677
PROD-05447,Garments,Saree,Saree Model-741
PROD-05448,Garments,Panjabi,Panjabi Model-691
PROD-05449,Beauty_Health,Skincare,Skincare Model-904
PROD-05450,Electronics,Home Appliance,Home Appliance Model-131
PROD-05451,Grocery_FMCG,Rice,Rice Model-333
PROD-05452,Grocery_FMCG,Cooking Oil,Cooking Oil Model-486
PROD-05453,Footwear,Sneaker,Sneaker Model-549
PROD-05454,Books_Stationery,Art Supplies,Art Supplies Model-419
PROD-05455,Home_Living,Decor,Decor Model-414
PROD-05456,Grocery_FMCG,Rice,Rice Model-939
PROD-05457,Footwear,Formal Shoe,Formal Shoe Model-379
PROD-05458,Grocery_FMCG,Beverages,Beverages Model-628
PROD-05459,Garments,T-Shirt,T-Shirt Model-477
PROD-05460,Grocery_FMCG,Cooking Oil,Cooking Oil Model-489
PROD-05461,Garments,Kurti,Kurti Model-824
PROD-05462,Books_Stationery,Story Book,Story Book Model-302
PROD-05463,Footwear,Slipper,Slipper Model-280
PROD-05464,Books_Stationery,Office Supplies,Office Supplies Model-629
PROD-05465,Garments,Kurti,Kurti Model-375
PROD-05466,Footwear,Formal Shoe,Formal Shoe Model-449
PROD-05467,Home_Living,Bedding,Bedding Model-376
PROD-05468,Home_Living,Bedding,Bedding Model-495
PROD-05469,Grocery_FMCG,Rice,Rice Model-264
PROD-05470,Garments,Saree,Saree Model-190
PROD-05471,Footwear,Sneaker,Sneaker Model-477
PROD-05472,Electronics,Smart Watch,Smart Watch Model-301
PROD-05473,Home_Living,Bedding,Bedding Model-491
PROD-05474,Books_Stationery,Office Supplies,Office Supplies Model-655
PROD-05475,Beauty_Health,Skincare,Skincare Model-443
PROD-05476,Footwear,Sandal,Sandal Model-925
PROD-05477,Garments,T-Shirt,T-Shirt Model-182
PROD-05478,Electronics,Home Appliance,Home Appliance Model-338
PROD-05479,Footwear,Sandal,Sandal Model-580
PROD-05480,Grocery_FMCG,Beverages,Beverages Model-914
PROD-05481,Grocery_FMCG,Personal Care,Personal Care Model-826
PROD-05482,Electronics,Feature Phone,Feature Phone Model-546
PROD-05483,Grocery_FMCG,Cleaning Supplies,Cleaning Supplies Model-440
PROD-05484,Grocery_FMCG,Rice,Rice Model-971
PROD-05485,Garments,Kurti,Kurti Model-713
PROD-05486,Electronics,Laptop,Laptop Model-879
PROD-05487,Footwear,Slipper,Slipper Model-742
PROD-05488,Grocery_FMCG,Cleaning Supplies,Cleaning Supplies Model-343
PROD-05489,Garments,Jeans,Jeans Model-119
PROD-05490,Garments,T-Shirt,T-Shirt Model-884
PROD-05491,Electronics,Smartphone,Smartphone Model-428
PROD-05492,Beauty_Health,Supplements,Supplements Model-151
PROD-05493,Electronics,Home Appliance,Home Appliance Model-663
PROD-05494,Grocery_FMCG,Beverages,Beverages Model-956
PROD-05495,Beauty_Health,Makeup,Makeup Model-891
PROD-05496,Electronics,Power Bank,Power Bank Model-239
PROD-05497,Garments,Panjabi,Panjabi Model-616
PROD-05498,Beauty_Health,Haircare,Haircare Model-287
PROD-05499,Grocery_FMCG,Snacks,Snacks Model-149
PROD-05500,Beauty_Health,Supplements,Supplements Model-914
PROD-05501,Beauty_Health,Makeup,Makeup Model-855
PROD-05502,Grocery_FMCG,Personal Care,Personal Care Model-237
PROD-05503,Home_Living,Bedding,Bedding Model-907
PROD-05504,Books_Stationery,Art Supplies,Art Supplies Model-373
PROD-05505,Footwear,Sneaker,Sneaker Model-928
PROD-05506,Footwear,Sneaker,Sneaker Model-427
PROD-05507,Footwear,Sandal,Sandal Model-510
PROD-05508,Electronics,Home Appliance,Home Appliance Model-709
PROD-05509,Home_Living,Kitchenware,Kitchenware Model-879
PROD-05510,Garments,T-Shirt,T-Shirt Model-970
PROD-05511,Home_Living,Decor,Decor Model-722
PROD-05512,Grocery_FMCG,Snacks,Snacks Model-340
PROD-05513,Beauty_Health,Makeup,Makeup Model-166
PROD-05514,Home_Living,Kitchenware,Kitchenware Model-282
PROD-05515,Garments,Kurti,Kurti Model-804
PROD-05516,Garments,Saree,Saree Model-353
PROD-05517,Electronics,Power Bank,Power Bank Model-815
PROD-05518,Grocery_FMCG,Personal Care,Personal Care Model-305
PROD-05519,Footwear,Sneaker,Sneaker Model-934
PROD-05520,Electronics,Smartphone,Smartphone Model-824
PROD-05521,Electronics,Smart Watch,Smart Watch Model-347
PROD-05522,Garments,Jeans,Jeans Model-968
PROD-05523,Beauty_Health,Haircare,Haircare Model-258
PROD-05524,Footwear,Formal Shoe,Formal Shoe Model-447
PROD-05525,Beauty_Health,Haircare,Haircare Model-117
PROD-05526,Garments,Saree,Saree Model-786
PROD-05527,Grocery_FMCG,Cleaning Supplies,Cleaning Supplies Model-290
PROD-05528,Electronics,Smart Watch,Smart Watch Model-641
PROD-05529,Garments,Kurti,Kurti Model-347
PROD-05530,Garments,Kurti,Kurti Model-886
PROD-05531,Electronics,Power Bank,Power Bank Model-141
PROD-05532,Garments,T-Shirt,T-Shirt Model-811
PROD-05533,Beauty_Health,Supplements,Supplements Model-854
PROD-05534,Garments,Kurti,Kurti Model-826
PROD-05535,Garments,Saree,Saree Model-554
PROD-05536,Footwear,Formal Shoe,Formal Shoe Model-893
PROD-05537,Garments,Kids Wear,Kids Wear Model-831
PROD-05538,Garments,Panjabi,Panjabi Model-679
PROD-05539,Footwear,Sandal,Sandal Model-370
PROD-05540,Electronics,Power Bank,Power Bank Model-675
PROD-05541,Books_Stationery,Art Supplies,Art Supplies Model-131
PROD-05542,Footwear,Sneaker,Sneaker Model-324
PROD-05543,Footwear,Sneaker,Sneaker Model-348
PROD-05544,Home_Living,Decor,Decor Model-937
PROD-05545,Garments,Saree,Saree Model-966
PROD-05546,Grocery_FMCG,Rice,Rice Model-676
PROD-05547,Electronics,Headphone,Headphone Model-178
PROD-05548,Home_Living,Decor,Decor Model-784
PROD-05549,Electronics,Power Bank,Power Bank Model-866
PROD-05550,Electronics,Power Bank,Power Bank Model-594
PROD-05551,Home_Living,Bedding,Bedding Model-971
PROD-05552,Footwear,Formal Shoe,Formal Shoe Model-345
PROD-05553,Grocery_FMCG,Cleaning Supplies,Cleaning Supplies Model-241
PROD-05554,Grocery_FMCG,Cooking Oil,Cooking Oil Model-528
PROD-05555,Home_Living,Decor,Decor Model-788
PROD-05556,Home_Living,Decor,Decor Model-726
PROD-05557,Electronics,Power Bank,Power Bank Model-566
PROD-05558,Footwear,Sandal,Sandal Model-278
PROD-05559,Home_Living,Furniture,Furniture Model-625
PROD-05560,Grocery_FMCG,Beverages,Beverages Model-859
PROD-05561,Electronics,Smart Watch,Smart Watch Model-672
PROD-05562,Garments,Panjabi,Panjabi Model-400
PROD-05563,Garments,Jeans,Jeans Model-690
PROD-05564,Books_Stationery,Story Book,Story Book Model-297
PROD-05565,Beauty_Health,Supplements,Supplements Model-260
PROD-05566,Beauty_Health,Skincare,Skincare Model-102
PROD-05567,Garments,Jeans,Jeans Model-636
PROD-05568,Garments,Kids Wear,Kids Wear Model-181
PROD-05569,Electronics,Power Bank,Power Bank Model-269
PROD-05570,Electronics,Smart Watch,Smart Watch Model-659
PROD-05571,Electronics,Smartphone,Smartphone Model-202
PROD-05572,Footwear,Sneaker,Sneaker Model-470
PROD-05573,Home_Living,Furniture,Furniture Model-951
PROD-05574,Garments,Saree,Saree Model-418
PROD-05575,Garments,T-Shirt,T-Shirt Model-695
PROD-05576,Grocery_FMCG,Snacks,Snacks Model-971
PROD-05577,Garments,Saree,Saree Model-100
PROD-05578,Garments,Kurti,Kurti Model-910
PROD-05579,Garments,Jeans,Jeans Model-255
PROD-05580,Electronics,Feature Phone,Feature Phone Model-892
PROD-05581,Electronics,Headphone,Headphone Model-902
PROD-05582,Beauty_Health,Makeup,Makeup Model-885
PROD-05583,Electronics,Home Appliance,Home Appliance Model-995
PROD-05584,Garments,T-Shirt,T-Shirt Model-920
PROD-05585,Garments,T-Shirt,T-Shirt Model-547
PROD-05586,Garments,Panjabi,Panjabi Model-917
PROD-05587,Home_Living,Decor,Decor Model-287
PROD-05588,Electronics,Smartphone,Smartphone Model-806
PROD-05589,Electronics,Laptop,Laptop Model-201
PROD-05590,Electronics,Smartphone,Smartphone Model-890
PROD-05591,Electronics,Smart Watch,Smart Watch Model-339
PROD-05592,Garments,Kids Wear,Kids Wear Model-696
PROD-05593,Grocery_FMCG,Cleaning Supplies,Cleaning Supplies Model-748
PROD-05594,Garments,Kids Wear,Kids Wear Model-814
PROD-05595,Footwear,Sandal,Sandal Model-778
PROD-05596,Grocery_FMCG,Personal Care,Personal Care Model-606
PROD-05597,Garments,Kids Wear,Kids Wear Model-819
PROD-05598,Garments,Kids Wear,Kids Wear Model-462
PROD-05599,Garments,T-Shirt,T-Shirt Model-764
PROD-05600,Footwear,Sandal,Sandal Model-694
PROD-05601,Footwear,Sneaker,Sneaker Model-975
PROD-05602,Footwear,Slipper,Slipper Model-125
PROD-05603,Footwear,Sneaker,Sneaker Model-424
PROD-05604,Electronics,Laptop,Laptop Model-326
PROD-05605,Footwear,Formal Shoe,Formal Shoe Model-390
PROD-05606,Home_Living,Kitchenware,Kitchenware Model-112
PROD-05607,Electronics,Smartphone,Smartphone Model-582
PROD-05608,Footwear,Slipper,Slipper Model-220
PROD-05609,Beauty_Health,Haircare,Haircare Model-438
PROD-05610,Home_Living,Kitchenware,Kitchenware Model-296
PROD-05611,Garments,Kids Wear,Kids Wear Model-702
PROD-05612,Beauty_Health,Skincare,Skincare Model-630
PROD-05613,Beauty_Health,Skincare,Skincare Model-279
PROD-05614,Grocery_FMCG,Cooking Oil,Cooking Oil Model-637
PROD-05615,Beauty_Health,Haircare,Haircare Model-574
PROD-05616,Garments,Kids Wear,Kids Wear Model-874
PROD-05617,Home_Living,Kitchenware,Kitchenware Model-207
PROD-05618,Beauty_Health,Skincare,Skincare Model-109
PROD-05619,Electronics,Home Appliance,Home Appliance Model-179
PROD-05620,Electronics,Power Bank,Power Bank Model-352
PROD-05621,Grocery_FMCG,Beverages,Beverages Model-973
PROD-05622,Home_Living,Kitchenware,Kitchenware Model-831
PROD-05623,Beauty_Health,Makeup,Makeup Model-937
PROD-05624,Electronics,Smartphone,Smartphone Model-702
PROD-05625,Home_Living,Bedding,Bedding Model-679
PROD-05626,Electronics,Headphone,Headphone Model-890
PROD-05627,Footwear,Formal Shoe,Formal Shoe Model-650
PROD-05628,Electronics,Smartphone,Smartphone Model-873
PROD-05629,Footwear,Sneaker,Sneaker Model-655
PROD-05630,Footwear,Sneaker,Sneaker Model-636
PROD-05631,Grocery_FMCG,Cleaning Supplies,Cleaning Supplies Model-594
PROD-05632,Home_Living,Decor,Decor Model-929
PROD-05633,Garments,Saree,Saree Model-828
PROD-05634,Beauty_Health,Skincare,Skincare Model-186
PROD-05635,Electronics,Home Appliance,Home Appliance Model-422
PROD-05636,Electronics,Laptop,Laptop Model-152
PROD-05637,Garments,Panjabi,Panjabi Model-617
PROD-05638,Footwear,Sneaker,Sneaker Model-321
PROD-05639,Garments,Kids Wear,Kids Wear Model-172
PROD-05640,Home_Living,Bedding,Bedding Model-977
PROD-05641,Footwear,Formal Shoe,Formal Shoe Model-525
PROD-05642,Home_Living,Decor,Decor Model-245
PROD-05643,Grocery_FMCG,Cooking Oil,Cooking Oil Model-156
PROD-05644,Grocery_FMCG,Beverages,Beverages Model-845
PROD-05645,Grocery_FMCG,Snacks,Snacks Model-470
PROD-05646,Electronics,Feature Phone,Feature Phone Model-863
PROD-05647,Beauty_Health,Makeup,Makeup Model-555
PROD-05648,Electronics,Smartphone,Smartphone Model-210
PROD-05649,Electronics,Headphone,Headphone Model-128
PROD-05650,Grocery_FMCG,Cleaning Supplies,Cleaning Supplies Model-519
PROD-05651,Grocery_FMCG,Cleaning Supplies,Cleaning Supplies Model-765
PROD-05652,Garments,Jeans,Jeans Model-384
PROD-05653,Home_Living,Kitchenware,Kitchenware Model-266
PROD-05654,Garments,Panjabi,Panjabi Model-546
PROD-05655,Garments,T-Shirt,T-Shirt Model-569
PROD-05656,Garments,Kids Wear,Kids Wear Model-262
PROD-05657,Books_Stationery,Office Supplies,Office Supplies Model-221
PROD-05658,Footwear,Formal Shoe,Formal Shoe Model-885
PROD-05659,Grocery_FMCG,Personal Care,Personal Care Model-750
PROD-05660,Home_Living,Decor,Decor Model-280
PROD-05661,Footwear,Sneaker,Sneaker Model-842
PROD-05662,Garments,Kurti,Kurti Model-706
PROD-05663,Electronics,Laptop,Laptop Model-581
PROD-05664,Electronics,Headphone,Headphone Model-435
PROD-05665,Garments,T-Shirt,T-Shirt Model-838
PROD-05666,Books_Stationery,Story Book,Story Book Model-896
PROD-05667,Garments,Jeans,Jeans Model-910
PROD-05668,Beauty_Health,Supplements,Supplements Model-562
PROD-05669,Footwear,Sandal,Sandal Model-678
PROD-05670,Garments,Kids Wear,Kids Wear Model-889
PROD-05671,Beauty_Health,Haircare,Haircare Model-224
PROD-05672,Grocery_FMCG,Personal Care,Personal Care Model-370
PROD-05673,Beauty_Health,Haircare,Haircare Model-229
PROD-05674,Grocery_FMCG,Cooking Oil,Cooking Oil Model-558
PROD-05675,Footwear,Sandal,Sandal Model-731
PROD-05676,Grocery_FMCG,Rice,Rice Model-704
PROD-05677,Electronics,Feature Phone,Feature Phone Model-323
PROD-05678,Electronics,Headphone,Headphone Model-733
PROD-05679,Home_Living,Bedding,Bedding Model-116
PROD-05680,Grocery_FMCG,Personal Care,Personal Care Model-486
PROD-05681,Grocery_FMCG,Snacks,Snacks Model-775
PROD-05682,Home_Living,Bedding,Bedding Model-623
PROD-05683,Books_Stationery,Story Book,Story Book Model-298
PROD-05684,Beauty_Health,Supplements,Supplements Model-908
PROD-05685,Footwear,Slipper,Slipper Model-617
PROD-05686,Electronics,Power Bank,Power Bank Model-217
PROD-05687,Beauty_Health,Supplements,Supplements Model-918
PROD-05688,Footwear,Sandal,Sandal Model-545
PROD-05689,Garments,T-Shirt,T-Shirt Model-804
PROD-05690,Beauty_Health,Haircare,Haircare Model-284
PROD-05691,Grocery_FMCG,Beverages,Beverages Model-521
PROD-05692,Garments,T-Shirt,T-Shirt Model-519
PROD-05693,Grocery_FMCG,Snacks,Snacks Model-604
PROD-05694,Books_Stationery,Art Supplies,Art Supplies Model-828
PROD-05695,Footwear,Sandal,Sandal Model-546
PROD-05696,Electronics,Headphone,Headphone Model-194
PROD-05697,Footwear,Formal Shoe,Formal Shoe Model-795
PROD-05698,Grocery_FMCG,Beverages,Beverages Model-990
PROD-05699,Beauty_Health,Makeup,Makeup Model-585
PROD-05700,Grocery_FMCG,Cooking Oil,Cooking Oil Model-811
PROD-05701,Footwear,Sandal,Sandal Model-921
PROD-05702,Grocery_FMCG,Cooking Oil,Cooking Oil Model-659
PROD-05703,Electronics,Headphone,Headphone Model-673
PROD-05704,Home_Living,Kitchenware,Kitchenware Model-224
PROD-05705,Electronics,Power Bank,Power Bank Model-280
PROD-05706,Footwear,Sandal,Sandal Model-330
PROD-05707,Beauty_Health,Haircare,Haircare Model-520
PROD-05708,Electronics,Home Appliance,Home Appliance Model-345
PROD-05709,Grocery_FMCG,Rice,Rice Model-817
PROD-05710,Grocery_FMCG,Beverages,Beverages Model-584
PROD-05711,Garments,Saree,Saree Model-444
PROD-05712,Electronics,Home Appliance,Home Appliance Model-352
PROD-05713,Footwear,Sandal,Sandal Model-387
PROD-05714,Electronics,Feature Phone,Feature Phone Model-196
PROD-05715,Footwear,Sandal,Sandal Model-226
PROD-05716,Garments,Kids Wear,Kids Wear Model-534
PROD-05717,Garments,Jeans,Jeans Model-280
PROD-05718,Footwear,Sneaker,Sneaker Model-724
PROD-05719,Home_Living,Bedding,Bedding Model-545
PROD-05720,Electronics,Home Appliance,Home Appliance Model-904
PROD-05721,Beauty_Health,Haircare,Haircare Model-733
PROD-05722,Electronics,Feature Phone,Feature Phone Model-185
PROD-05723,Garments,Saree,Saree Model-799
PROD-05724,Books_Stationery,Notebook,Notebook Model-599
PROD-05725,Garments,Panjabi,Panjabi Model-585
PROD-05726,Grocery_FMCG,Snacks,Snacks Model-634
PROD-05727,Garments,Kids Wear,Kids Wear Model-891
PROD-05728,Grocery_FMCG,Personal Care,Personal Care Model-131
PROD-05729,Garments,T-Shirt,T-Shirt Model-377
PROD-05730,Grocery_FMCG,Personal Care,Personal Care Model-884
PROD-05731,Garments,Kurti,Kurti Model-756
PROD-05732,Home_Living,Kitchenware,Kitchenware Model-943
PROD-05733,Books_Stationery,Notebook,Notebook Model-280
PROD-05734,Beauty_Health,Skincare,Skincare Model-688
PROD-05735,Grocery_FMCG,Personal Care,Personal Care Model-751
PROD-05736,Garments,Saree,Saree Model-626
PROD-05737,Garments,Kurti,Kurti Model-367
PROD-05738,Footwear,Sandal,Sandal Model-689
PROD-05739,Beauty_Health,Supplements,Supplements Model-288
PROD-05740,Books_Stationery,Story Book,Story Book Model-932
PROD-05741,Footwear,Sneaker,Sneaker Model-362
PROD-05742,Home_Living,Bedding,Bedding Model-681
PROD-05743,Grocery_FMCG,Personal Care,Personal Care Model-605
PROD-05744,Garments,Saree,Saree Model-518
PROD-05745,Footwear,Slipper,Slipper Model-479
PROD-05746,Grocery_FMCG,Beverages,Beverages Model-901
PROD-05747,Books_Stationery,Notebook,Notebook Model-493
PROD-05748,Grocery_FMCG,Cleaning Supplies,Cleaning Supplies Model-689
PROD-05749,Garments,Panjabi,Panjabi Model-405
PROD-05750,Home_Living,Furniture,Furniture Model-553
PROD-05751,Beauty_Health,Supplements,Supplements Model-485
PROD-05752,Garments,Saree,Saree Model-820
PROD-05753,Footwear,Sneaker,Sneaker Model-576
PROD-05754,Grocery_FMCG,Cleaning Supplies,Cleaning Supplies Model-481
PROD-05755,Garments,Kurti,Kurti Model-396
PROD-05756,Grocery_FMCG,Personal Care,Personal Care Model-863
PROD-05757,Garments,Jeans,Jeans Model-325
PROD-05758,Home_Living,Decor,Decor Model-115
PROD-05759,Books_Stationery,Office Supplies,Office Supplies Model-251
PROD-05760,Home_Living,Furniture,Furniture Model-937
PROD-05761,Garments,Kids Wear,Kids Wear Model-593
PROD-05762,Electronics,Headphone,Headphone Model-815
PROD-05763,Garments,T-Shirt,T-Shirt Model-641
PROD-05764,Beauty_Health,Skincare,Skincare Model-374
PROD-05765,Grocery_FMCG,Beverages,Beverages Model-486
PROD-05766,Footwear,Sneaker,Sneaker Model-435
PROD-05767,Garments,Kurti,Kurti Model-357
PROD-05768,Electronics,Smartphone,Smartphone Model-341
PROD-05769,Grocery_FMCG,Snacks,Snacks Model-746
PROD-05770,Electronics,Smart Watch,Smart Watch Model-546
PROD-05771,Home_Living,Furniture,Furniture Model-431
PROD-05772,Grocery_FMCG,Personal Care,Personal Care Model-929
PROD-05773,Footwear,Formal Shoe,Formal Shoe Model-236
PROD-05774,Beauty_Health,Makeup,Makeup Model-738
PROD-05775,Electronics,Smartphone,Smartphone Model-675
PROD-05776,Footwear,Slipper,Slipper Model-501
PROD-05777,Grocery_FMCG,Cleaning Supplies,Cleaning Supplies Model-463
PROD-05778,Home_Living,Kitchenware,Kitchenware Model-800
PROD-05779,Home_Living,Bedding,Bedding Model-990
PROD-05780,Footwear,Slipper,Slipper Model-758
PROD-05781,Garments,T-Shirt,T-Shirt Model-833
PROD-05782,Grocery_FMCG,Cleaning Supplies,Cleaning Supplies Model-287
PROD-05783,Grocery_FMCG,Beverages,Beverages Model-873
PROD-05784,Footwear,Sneaker,Sneaker Model-982
PROD-05785,Footwear,Slipper,Slipper Model-866
PROD-05786,Grocery_FMCG,Snacks,Snacks Model-414
PROD-05787,Electronics,Feature Phone,Feature Phone Model-405
PROD-05788,Garments,Kids Wear,Kids Wear Model-285
PROD-05789,Electronics,Power Bank,Power Bank Model-784
PROD-05790,Garments,Kurti,Kurti Model-979
PROD-05791,Footwear,Slipper,Slipper Model-829
PROD-05792,Books_Stationery,Notebook,Notebook Model-587
PROD-05793,Grocery_FMCG,Cleaning Supplies,Cleaning Supplies Model-674
PROD-05794,Grocery_FMCG,Snacks,Snacks Model-183
PROD-05795,Electronics,Headphone,Headphone Model-808
PROD-05796,Footwear,Sandal,Sandal Model-421
PROD-05797,Books_Stationery,Story Book,Story Book Model-366
PROD-05798,Garments,Saree,Saree Model-120
PROD-05799,Beauty_Health,Supplements,Supplements Model-639
PROD-05800,Footwear,Sneaker,Sneaker Model-936
PROD-05801,Grocery_FMCG,Rice,Rice Model-558
PROD-05802,Electronics,Power Bank,Power Bank Model-518
PROD-05803,Garments,Kids Wear,Kids Wear Model-435
PROD-05804,Beauty_Health,Supplements,Supplements Model-217
PROD-05805,Garments,Panjabi,Panjabi Model-859
PROD-05806,Grocery_FMCG,Cooking Oil,Cooking Oil Model-813
PROD-05807,Garments,Saree,Saree Model-933
PROD-05808,Garments,Kurti,Kurti Model-836
PROD-05809,Garments,Saree,Saree Model-685
PROD-05810,Electronics,Smart Watch,Smart Watch Model-298
PROD-05811,Grocery_FMCG,Beverages,Beverages Model-136
PROD-05812,Garments,Jeans,Jeans Model-186
PROD-05813,Grocery_FMCG,Snacks,Snacks Model-902
PROD-05814,Electronics,Feature Phone,Feature Phone Model-862
PROD-05815,Electronics,Smart Watch,Smart Watch Model-371
PROD-05816,Garments,Saree,Saree Model-142
PROD-05817,Garments,Panjabi,Panjabi Model-245
PROD-05818,Grocery_FMCG,Beverages,Beverages Model-399
PROD-05819,Beauty_Health,Haircare,Haircare Model-396
PROD-05820,Electronics,Smart Watch,Smart Watch Model-828
PROD-05821,Beauty_Health,Makeup,Makeup Model-352
PROD-05822,Beauty_Health,Supplements,Supplements Model-651
PROD-05823,Grocery_FMCG,Cooking Oil,Cooking Oil Model-347
PROD-05824,Grocery_FMCG,Snacks,Snacks Model-408
PROD-05825,Electronics,Feature Phone,Feature Phone Model-935
PROD-05826,Garments,Panjabi,Panjabi Model-711
PROD-05827,Garments,Kids Wear,Kids Wear Model-729
PROD-05828,Grocery_FMCG,Cooking Oil,Cooking Oil Model-840
PROD-05829,Home_Living,Kitchenware,Kitchenware Model-342
PROD-05830,Electronics,Laptop,Laptop Model-239
PROD-05831,Garments,Panjabi,Panjabi Model-210
PROD-05832,Home_Living,Kitchenware,Kitchenware Model-272
PROD-05833,Electronics,Power Bank,Power Bank Model-386
PROD-05834,Home_Living,Bedding,Bedding Model-546
PROD-05835,Footwear,Formal Shoe,Formal Shoe Model-699
PROD-05836,Grocery_FMCG,Cleaning Supplies,Cleaning Supplies Model-904
PROD-05837,Garments,T-Shirt,T-Shirt Model-503
PROD-05838,Electronics,Home Appliance,Home Appliance Model-665
PROD-05839,Grocery_FMCG,Rice,Rice Model-105
PROD-05840,Footwear,Sneaker,Sneaker Model-961
PROD-05841,Beauty_Health,Haircare,Haircare Model-670
PROD-05842,Electronics,Smartphone,Smartphone Model-187
PROD-05843,Garments,Kids Wear,Kids Wear Model-375
PROD-05844,Grocery_FMCG,Personal Care,Personal Care Model-128
PROD-05845,Electronics,Smart Watch,Smart Watch Model-502
PROD-05846,Garments,Kurti,Kurti Model-480
PROD-05847,Grocery_FMCG,Beverages,Beverages Model-880
PROD-05848,Garments,T-Shirt,T-Shirt Model-650
PROD-05849,Electronics,Headphone,Headphone Model-740
PROD-05850,Garments,Saree,Saree Model-882
PROD-05851,Grocery_FMCG,Cooking Oil,Cooking Oil Model-898
PROD-05852,Grocery_FMCG,Personal Care,Personal Care Model-869
PROD-05853,Beauty_Health,Skincare,Skincare Model-824
PROD-05854,Footwear,Sneaker,Sneaker Model-823
PROD-05855,Garments,Panjabi,Panjabi Model-263
PROD-05856,Home_Living,Bedding,Bedding Model-795
PROD-05857,Electronics,Home Appliance,Home Appliance Model-299
PROD-05858,Beauty_Health,Haircare,Haircare Model-859
PROD-05859,Electronics,Feature Phone,Feature Phone Model-387
PROD-05860,Electronics,Feature Phone,Feature Phone Model-617
PROD-05861,Garments,Jeans,Jeans Model-260
PROD-05862,Electronics,Laptop,Laptop Model-514
PROD-05863,Grocery_FMCG,Personal Care,Personal Care Model-534
PROD-05864,Grocery_FMCG,Cooking Oil,Cooking Oil Model-556
PROD-05865,Electronics,Feature Phone,Feature Phone Model-586
PROD-05866,Electronics,Laptop,Laptop Model-389
PROD-05867,Home_Living,Kitchenware,Kitchenware Model-413
PROD-05868,Grocery_FMCG,Personal Care,Personal Care Model-686
PROD-05869,Electronics,Home Appliance,Home Appliance Model-419
PROD-05870,Books_Stationery,Art Supplies,Art Supplies Model-124
PROD-05871,Home_Living,Decor,Decor Model-191
PROD-05872,Footwear,Sandal,Sandal Model-920
PROD-05873,Grocery_FMCG,Personal Care,Personal Care Model-570
PROD-05874,Beauty_Health,Haircare,Haircare Model-673
PROD-05875,Home_Living,Decor,Decor Model-611
PROD-05876,Grocery_FMCG,Cooking Oil,Cooking Oil Model-159
PROD-05877,Electronics,Headphone,Headphone Model-108
PROD-05878,Electronics,Smartphone,Smartphone Model-375
PROD-05879,Grocery_FMCG,Cooking Oil,Cooking Oil Model-110
PROD-05880,Footwear,Sandal,Sandal Model-150
PROD-05881,Beauty_Health,Supplements,Supplements Model-995
PROD-05882,Grocery_FMCG,Cleaning Supplies,Cleaning Supplies Model-646
PROD-05883,Electronics,Home Appliance,Home Appliance Model-790
PROD-05884,Books_Stationery,Art Supplies,Art Supplies Model-520
PROD-05885,Beauty_Health,Makeup,Makeup Model-595
PROD-05886,Grocery_FMCG,Beverages,Beverages Model-684
PROD-05887,Grocery_FMCG,Rice,Rice Model-247
PROD-05888,Electronics,Smart Watch,Smart Watch Model-774
PROD-05889,Garments,Saree,Saree Model-913
PROD-05890,Grocery_FMCG,Cooking Oil,Cooking Oil Model-989
PROD-05891,Books_Stationery,Office Supplies,Office Supplies Model-210
PROD-05892,Electronics,Smart Watch,Smart Watch Model-404
PROD-05893,Beauty_Health,Supplements,Supplements Model-804
PROD-05894,Electronics,Smart Watch,Smart Watch Model-610
PROD-05895,Garments,Jeans,Jeans Model-279
PROD-05896,Home_Living,Bedding,Bedding Model-524
PROD-05897,Home_Living,Decor,Decor Model-485
PROD-05898,Grocery_FMCG,Personal Care,Personal Care Model-647
PROD-05899,Footwear,Slipper,Slipper Model-725
PROD-05900,Grocery_FMCG,Beverages,Beverages Model-276
PROD-05901,Beauty_Health,Supplements,Supplements Model-373
PROD-05902,Grocery_FMCG,Rice,Rice Model-955
PROD-05903,Grocery_FMCG,Personal Care,Personal Care Model-363
PROD-05904,Electronics,Home Appliance,Home Appliance Model-298
PROD-05905,Electronics,Smartphone,Smartphone Model-545
PROD-05906,Electronics,Smartphone,Smartphone Model-933
PROD-05907,Garments,Panjabi,Panjabi Model-295
PROD-05908,Grocery_FMCG,Cooking Oil,Cooking Oil Model-520
PROD-05909,Footwear,Sneaker,Sneaker Model-121
PROD-05910,Electronics,Headphone,Headphone Model-629
PROD-05911,Home_Living,Bedding,Bedding Model-600
PROD-05912,Electronics,Headphone,Headphone Model-315
PROD-05913,Electronics,Power Bank,Power Bank Model-555
PROD-05914,Home_Living,Bedding,Bedding Model-317
PROD-05915,Home_Living,Bedding,Bedding Model-865
PROD-05916,Beauty_Health,Skincare,Skincare Model-192
PROD-05917,Footwear,Formal Shoe,Formal Shoe Model-620
PROD-05918,Beauty_Health,Skincare,Skincare Model-465
PROD-05919,Garments,T-Shirt,T-Shirt Model-737
PROD-05920,Home_Living,Decor,Decor Model-685
PROD-05921,Grocery_FMCG,Cooking Oil,Cooking Oil Model-619
PROD-05922,Beauty_Health,Skincare,Skincare Model-684
PROD-05923,Garments,Kids Wear,Kids Wear Model-864
PROD-05924,Footwear,Slipper,Slipper Model-804
PROD-05925,Footwear,Sandal,Sandal Model-452
PROD-05926,Beauty_Health,Makeup,Makeup Model-439
PROD-05927,Grocery_FMCG,Rice,Rice Model-744
PROD-05928,Home_Living,Furniture,Furniture Model-813
PROD-05929,Garments,Panjabi,Panjabi Model-424
PROD-05930,Footwear,Formal Shoe,Formal Shoe Model-946
PROD-05931,Electronics,Laptop,Laptop Model-271
PROD-05932,Grocery_FMCG,Personal Care,Personal Care Model-130
PROD-05933,Books_Stationery,Story Book,Story Book Model-850
PROD-05934,Beauty_Health,Skincare,Skincare Model-899
PROD-05935,Grocery_FMCG,Personal Care,Personal Care Model-663
PROD-05936,Electronics,Home Appliance,Home Appliance Model-209
PROD-05937,Grocery_FMCG,Personal Care,Personal Care Model-569
PROD-05938,Home_Living,Bedding,Bedding Model-788
PROD-05939,Garments,T-Shirt,T-Shirt Model-902
PROD-05940,Home_Living,Furniture,Furniture Model-255
PROD-05941,Garments,Kurti,Kurti Model-460
PROD-05942,Garments,Panjabi,Panjabi Model-439
PROD-05943,Garments,Jeans,Jeans Model-283
PROD-05944,Electronics,Home Appliance,Home Appliance Model-353
PROD-05945,Garments,Saree,Saree Model-606
PROD-05946,Garments,Kurti,Kurti Model-270
PROD-05947,Beauty_Health,Makeup,Makeup Model-965
PROD-05948,Electronics,Headphone,Headphone Model-892
PROD-05949,Garments,Panjabi,Panjabi Model-828
PROD-05950,Garments,Kids Wear,Kids Wear Model-738
PROD-05951,Garments,T-Shirt,T-Shirt Model-976
PROD-05952,Electronics,Laptop,Laptop Model-609
PROD-05953,Grocery_FMCG,Personal Care,Personal Care Model-954
PROD-05954,Grocery_FMCG,Personal Care,Personal Care Model-531
PROD-05955,Electronics,Headphone,Headphone Model-505
PROD-05956,Grocery_FMCG,Personal Care,Personal Care Model-983
PROD-05957,Garments,Saree,Saree Model-818
PROD-05958,Books_Stationery,Art Supplies,Art Supplies Model-334
PROD-05959,Books_Stationery,Art Supplies,Art Supplies Model-401
PROD-05960,Garments,Panjabi,Panjabi Model-482
PROD-05961,Footwear,Slipper,Slipper Model-614
PROD-05962,Electronics,Smartphone,Smartphone Model-899
PROD-05963,Grocery_FMCG,Beverages,Beverages Model-543
PROD-05964,Grocery_FMCG,Personal Care,Personal Care Model-436
PROD-05965,Garments,Kids Wear,Kids Wear Model-810
PROD-05966,Garments,Jeans,Jeans Model-598
PROD-05967,Books_Stationery,Notebook,Notebook Model-667
PROD-05968,Books_Stationery,Office Supplies,Office Supplies Model-486
PROD-05969,Electronics,Power Bank,Power Bank Model-990
PROD-05970,Grocery_FMCG,Cleaning Supplies,Cleaning Supplies Model-121
PROD-05971,Garments,Panjabi,Panjabi Model-893
PROD-05972,Footwear,Sneaker,Sneaker Model-640
PROD-05973,Garments,T-Shirt,T-Shirt Model-183
PROD-05974,Beauty_Health,Skincare,Skincare Model-868
PROD-05975,Garments,Jeans,Jeans Model-639
PROD-05976,Footwear,Sandal,Sandal Model-244
PROD-05977,Garments,T-Shirt,T-Shirt Model-625
PROD-05978,Home_Living,Furniture,Furniture Model-840
PROD-05979,Electronics,Laptop,Laptop Model-192
PROD-05980,Garments,T-Shirt,T-Shirt Model-274
PROD-05981,Footwear,Formal Shoe,Formal Shoe Model-110
PROD-05982,Footwear,Sneaker,Sneaker Model-634
PROD-05983,Footwear,Sneaker,Sneaker Model-911
PROD-05984,Home_Living,Decor,Decor Model-268
PROD-05985,Beauty_Health,Skincare,Skincare Model-715
PROD-05986,Electronics,Power Bank,Power Bank Model-487
PROD-05987,Grocery_FMCG,Snacks,Snacks Model-147
PROD-05988,Electronics,Feature Phone,Feature Phone Model-364
PROD-05989,Electronics,Smart Watch,Smart Watch Model-971
PROD-05990,Electronics,Headphone,Headphone Model-623
PROD-05991,Garments,Jeans,Jeans Model-771
PROD-05992,Electronics,Smartphone,Smartphone Model-118
PROD-05993,Garments,Kids Wear,Kids Wear Model-812
PROD-05994,Electronics,Headphone,Headphone Model-704
PROD-05995,Electronics,Power Bank,Power Bank Model-770
PROD-05996,Electronics,Power Bank,Power Bank Model-137
PROD-05997,Footwear,Formal Shoe,Formal Shoe Model-262
PROD-05998,Beauty_Health,Skincare,Skincare Model-178
PROD-05999,Grocery_FMCG,Rice,Rice Model-117
PROD-06000,Beauty_Health,Supplements,Supplements Model-894
PROD-06001,Electronics,Power Bank,Power Bank Model-716
PROD-06002,Garments,Panjabi,Panjabi Model-588
PROD-06003,Footwear,Sandal,Sandal Model-531
PROD-06004,Home_Living,Kitchenware,Kitchenware Model-223
PROD-06005,Grocery_FMCG,Beverages,Beverages Model-367
PROD-06006,Grocery_FMCG,Beverages,Beverages Model-560
PROD-06007,Home_Living,Bedding,Bedding Model-173
PROD-06008,Grocery_FMCG,Snacks,Snacks Model-535
PROD-06009,Electronics,Laptop,Laptop Model-694
PROD-06010,Beauty_Health,Skincare,Skincare Model-202
PROD-06011,Beauty_Health,Makeup,Makeup Model-581
PROD-06012,Home_Living,Bedding,Bedding Model-304
PROD-06013,Electronics,Laptop,Laptop Model-447
PROD-06014,Garments,Saree,Saree Model-664
PROD-06015,Garments,Panjabi,Panjabi Model-714
PROD-06016,Grocery_FMCG,Snacks,Snacks Model-670
PROD-06017,Garments,Saree,Saree Model-349
PROD-06018,Electronics,Laptop,Laptop Model-915
PROD-06019,Electronics,Laptop,Laptop Model-992
PROD-06020,Electronics,Power Bank,Power Bank Model-658
PROD-06021,Beauty_Health,Supplements,Supplements Model-784
PROD-06022,Books_Stationery,Story Book,Story Book Model-515
PROD-06023,Garments,T-Shirt,T-Shirt Model-524
PROD-06024,Home_Living,Kitchenware,Kitchenware Model-617
PROD-06025,Grocery_FMCG,Cooking Oil,Cooking Oil Model-868
PROD-06026,Home_Living,Furniture,Furniture Model-895
PROD-06027,Electronics,Smart Watch,Smart Watch Model-868
PROD-06028,Books_Stationery,Art Supplies,Art Supplies Model-892
PROD-06029,Electronics,Smart Watch,Smart Watch Model-934
PROD-06030,Books_Stationery,Notebook,Notebook Model-377
PROD-06031,Grocery_FMCG,Rice,Rice Model-579
PROD-06032,Beauty_Health,Skincare,Skincare Model-475
PROD-06033,Electronics,Headphone,Headphone Model-600
PROD-06034,Garments,Jeans,Jeans Model-107
PROD-06035,Electronics,Headphone,Headphone Model-388
PROD-06036,Grocery_FMCG,Beverages,Beverages Model-869
PROD-06037,Books_Stationery,Story Book,Story Book Model-337
PROD-06038,Electronics,Feature Phone,Feature Phone Model-729
PROD-06039,Footwear,Slipper,Slipper Model-893
PROD-06040,Electronics,Feature Phone,Feature Phone Model-431
PROD-06041,Home_Living,Kitchenware,Kitchenware Model-396
PROD-06042,Grocery_FMCG,Beverages,Beverages Model-195
PROD-06043,Beauty_Health,Supplements,Supplements Model-236
PROD-06044,Home_Living,Furniture,Furniture Model-204
PROD-06045,Garments,Jeans,Jeans Model-601
PROD-06046,Garments,Jeans,Jeans Model-666
PROD-06047,Footwear,Formal Shoe,Formal Shoe Model-506
PROD-06048,Grocery_FMCG,Beverages,Beverages Model-593
PROD-06049,Grocery_FMCG,Cleaning Supplies,Cleaning Supplies Model-993
PROD-06050,Home_Living,Bedding,Bedding Model-131
PROD-06051,Beauty_Health,Supplements,Supplements Model-801
PROD-06052,Garments,Jeans,Jeans Model-364
PROD-06053,Books_Stationery,Notebook,Notebook Model-640
PROD-06054,Electronics,Headphone,Headphone Model-198
PROD-06055,Home_Living,Decor,Decor Model-227
PROD-06056,Beauty_Health,Makeup,Makeup Model-656
PROD-06057,Home_Living,Furniture,Furniture Model-162
PROD-06058,Beauty_Health,Supplements,Supplements Model-306
PROD-06059,Grocery_FMCG,Cooking Oil,Cooking Oil Model-702
PROD-06060,Garments,Kurti,Kurti Model-923
PROD-06061,Grocery_FMCG,Cleaning Supplies,Cleaning Supplies Model-635
PROD-06062,Garments,Kids Wear,Kids Wear Model-304
PROD-06063,Electronics,Smartphone,Smartphone Model-196
PROD-06064,Books_Stationery,Office Supplies,Office Supplies Model-339
PROD-06065,Garments,Jeans,Jeans Model-448
PROD-06066,Electronics,Headphone,Headphone Model-681
PROD-06067,Grocery_FMCG,Snacks,Snacks Model-544
PROD-06068,Grocery_FMCG,Rice,Rice Model-655
PROD-06069,Home_Living,Decor,Decor Model-409
PROD-06070,Garments,T-Shirt,T-Shirt Model-701
PROD-06071,Garments,Kids Wear,Kids Wear Model-708
PROD-06072,Garments,T-Shirt,T-Shirt Model-998
PROD-06073,Grocery_FMCG,Cooking Oil,Cooking Oil Model-100
PROD-06074,Home_Living,Decor,Decor Model-579
PROD-06075,Garments,Jeans,Jeans Model-582
PROD-06076,Footwear,Slipper,Slipper Model-530
PROD-06077,Electronics,Laptop,Laptop Model-180
PROD-06078,Grocery_FMCG,Snacks,Snacks Model-519
PROD-06079,Home_Living,Decor,Decor Model-138
PROD-06080,Grocery_FMCG,Rice,Rice Model-471
PROD-06081,Footwear,Slipper,Slipper Model-660
PROD-06082,Garments,Jeans,Jeans Model-748
PROD-06083,Garments,Panjabi,Panjabi Model-724
PROD-06084,Electronics,Laptop,Laptop Model-289
PROD-06085,Garments,Kurti,Kurti Model-607
PROD-06086,Electronics,Feature Phone,Feature Phone Model-376
PROD-06087,Home_Living,Decor,Decor Model-836
PROD-06088,Home_Living,Furniture,Furniture Model-656
PROD-06089,Garments,Saree,Saree Model-320
PROD-06090,Garments,T-Shirt,T-Shirt Model-634
PROD-06091,Footwear,Slipper,Slipper Model-462
PROD-06092,Beauty_Health,Makeup,Makeup Model-779
PROD-06093,Beauty_Health,Supplements,Supplements Model-746
PROD-06094,Garments,Kurti,Kurti Model-245
PROD-06095,Electronics,Feature Phone,Feature Phone Model-519
PROD-06096,Garments,Saree,Saree Model-118
PROD-06097,Beauty_Health,Skincare,Skincare Model-848
PROD-06098,Electronics,Power Bank,Power Bank Model-374
PROD-06099,Electronics,Laptop,Laptop Model-339
PROD-06100,Garments,Kurti,Kurti Model-317
PROD-06101,Electronics,Feature Phone,Feature Phone Model-361
PROD-06102,Footwear,Formal Shoe,Formal Shoe Model-150
PROD-06103,Grocery_FMCG,Cooking Oil,Cooking Oil Model-554
PROD-06104,Electronics,Smartphone,Smartphone Model-646
PROD-06105,Beauty_Health,Skincare,Skincare Model-551
PROD-06106,Garments,Kurti,Kurti Model-858
PROD-06107,Electronics,Power Bank,Power Bank Model-981
PROD-06108,Beauty_Health,Haircare,Haircare Model-435
PROD-06109,Grocery_FMCG,Snacks,Snacks Model-724
PROD-06110,Electronics,Smart Watch,Smart Watch Model-107
PROD-06111,Electronics,Laptop,Laptop Model-379
PROD-06112,Grocery_FMCG,Cleaning Supplies,Cleaning Supplies Model-702
PROD-06113,Grocery_FMCG,Beverages,Beverages Model-885
PROD-06114,Beauty_Health,Supplements,Supplements Model-827
PROD-06115,Home_Living,Kitchenware,Kitchenware Model-453
PROD-06116,Electronics,Smartphone,Smartphone Model-419
PROD-06117,Electronics,Feature Phone,Feature Phone Model-292
PROD-06118,Electronics,Laptop,Laptop Model-160
PROD-06119,Grocery_FMCG,Cleaning Supplies,Cleaning Supplies Model-175
PROD-06120,Electronics,Laptop,Laptop Model-979
PROD-06121,Electronics,Power Bank,Power Bank Model-648
PROD-06122,Electronics,Power Bank,Power Bank Model-318
PROD-06123,Electronics,Power Bank,Power Bank Model-617
PROD-06124,Beauty_Health,Supplements,Supplements Model-275
PROD-06125,Beauty_Health,Makeup,Makeup Model-522
PROD-06126,Footwear,Slipper,Slipper Model-127
PROD-06127,Beauty_Health,Makeup,Makeup Model-281
PROD-06128,Electronics,Headphone,Headphone Model-130
PROD-06129,Grocery_FMCG,Beverages,Beverages Model-420
PROD-06130,Home_Living,Kitchenware,Kitchenware Model-608
PROD-06131,Electronics,Feature Phone,Feature Phone Model-841
PROD-06132,Garments,Jeans,Jeans Model-528
PROD-06133,Garments,Kids Wear,Kids Wear Model-383
PROD-06134,Electronics,Laptop,Laptop Model-361
PROD-06135,Grocery_FMCG,Cleaning Supplies,Cleaning Supplies Model-785
PROD-06136,Electronics,Power Bank,Power Bank Model-883
PROD-06137,Home_Living,Bedding,Bedding Model-829
PROD-06138,Footwear,Formal Shoe,Formal Shoe Model-554
PROD-06139,Electronics,Smartphone,Smartphone Model-740
PROD-06140,Electronics,Power Bank,Power Bank Model-425
PROD-06141,Grocery_FMCG,Cleaning Supplies,Cleaning Supplies Model-738
PROD-06142,Electronics,Smart Watch,Smart Watch Model-813
PROD-06143,Electronics,Power Bank,Power Bank Model-398
PROD-06144,Electronics,Feature Phone,Feature Phone Model-446
PROD-06145,Footwear,Sneaker,Sneaker Model-326
PROD-06146,Garments,Saree,Saree Model-883
PROD-06147,Garments,Jeans,Jeans Model-743
PROD-06148,Books_Stationery,Office Supplies,Office Supplies Model-791
PROD-06149,Electronics,Smartphone,Smartphone Model-821
PROD-06150,Electronics,Smartphone,Smartphone Model-159
PROD-06151,Footwear,Sneaker,Sneaker Model-798
PROD-06152,Garments,Kurti,Kurti Model-976
PROD-06153,Grocery_FMCG,Cleaning Supplies,Cleaning Supplies Model-156
PROD-06154,Beauty_Health,Supplements,Supplements Model-555
PROD-06155,Electronics,Headphone,Headphone Model-366
PROD-06156,Books_Stationery,Office Supplies,Office Supplies Model-836
PROD-06157,Grocery_FMCG,Beverages,Beverages Model-334
PROD-06158,Electronics,Home Appliance,Home Appliance Model-776
PROD-06159,Beauty_Health,Haircare,Haircare Model-558
PROD-06160,Garments,Kurti,Kurti Model-320
PROD-06161,Footwear,Formal Shoe,Formal Shoe Model-422
PROD-06162,Grocery_FMCG,Snacks,Snacks Model-881
PROD-06163,Garments,Kurti,Kurti Model-954
PROD-06164,Home_Living,Furniture,Furniture Model-572
PROD-06165,Grocery_FMCG,Cooking Oil,Cooking Oil Model-292
PROD-06166,Beauty_Health,Makeup,Makeup Model-124
PROD-06167,Home_Living,Furniture,Furniture Model-818
PROD-06168,Electronics,Laptop,Laptop Model-134
PROD-06169,Footwear,Formal Shoe,Formal Shoe Model-738
PROD-06170,Beauty_Health,Makeup,Makeup Model-664
PROD-06171,Beauty_Health,Makeup,Makeup Model-583
PROD-06172,Electronics,Home Appliance,Home Appliance Model-388
PROD-06173,Beauty_Health,Supplements,Supplements Model-872
PROD-06174,Home_Living,Kitchenware,Kitchenware Model-315
PROD-06175,Home_Living,Kitchenware,Kitchenware Model-979
PROD-06176,Grocery_FMCG,Beverages,Beverages Model-690
PROD-06177,Electronics,Laptop,Laptop Model-487
PROD-06178,Home_Living,Bedding,Bedding Model-675
PROD-06179,Home_Living,Kitchenware,Kitchenware Model-741
PROD-06180,Beauty_Health,Haircare,Haircare Model-585
PROD-06181,Beauty_Health,Haircare,Haircare Model-305
PROD-06182,Books_Stationery,Story Book,Story Book Model-593
PROD-06183,Beauty_Health,Haircare,Haircare Model-111
PROD-06184,Electronics,Feature Phone,Feature Phone Model-897
PROD-06185,Grocery_FMCG,Beverages,Beverages Model-592
PROD-06186,Books_Stationery,Notebook,Notebook Model-190
PROD-06187,Garments,Kids Wear,Kids Wear Model-894
PROD-06188,Grocery_FMCG,Personal Care,Personal Care Model-671
PROD-06189,Books_Stationery,Art Supplies,Art Supplies Model-910
PROD-06190,Home_Living,Kitchenware,Kitchenware Model-845
PROD-06191,Electronics,Headphone,Headphone Model-752
PROD-06192,Grocery_FMCG,Cooking Oil,Cooking Oil Model-803
PROD-06193,Home_Living,Furniture,Furniture Model-739
PROD-06194,Footwear,Formal Shoe,Formal Shoe Model-301
PROD-06195,Home_Living,Decor,Decor Model-750
PROD-06196,Home_Living,Bedding,Bedding Model-911
PROD-06197,Electronics,Smartphone,Smartphone Model-835
PROD-06198,Garments,Panjabi,Panjabi Model-614
PROD-06199,Electronics,Power Bank,Power Bank Model-756
PROD-06200,Home_Living,Furniture,Furniture Model-493
PROD-06201,Garments,T-Shirt,T-Shirt Model-520
PROD-06202,Footwear,Slipper,Slipper Model-509
PROD-06203,Grocery_FMCG,Rice,Rice Model-520
PROD-06204,Home_Living,Furniture,Furniture Model-389
PROD-06205,Grocery_FMCG,Cooking Oil,Cooking Oil Model-909
PROD-06206,Beauty_Health,Supplements,Supplements Model-869
PROD-06207,Electronics,Power Bank,Power Bank Model-444
PROD-06208,Garments,Saree,Saree Model-335
PROD-06209,Electronics,Feature Phone,Feature Phone Model-495
PROD-06210,Books_Stationery,Story Book,Story Book Model-675
PROD-06211,Garments,Panjabi,Panjabi Model-291
PROD-06212,Garments,Kids Wear,Kids Wear Model-827
PROD-06213,Electronics,Home Appliance,Home Appliance Model-197
PROD-06214,Footwear,Sneaker,Sneaker Model-372
PROD-06215,Grocery_FMCG,Rice,Rice Model-853
PROD-06216,Garments,Kids Wear,Kids Wear Model-695
PROD-06217,Electronics,Power Bank,Power Bank Model-209
PROD-06218,Footwear,Sandal,Sandal Model-139
PROD-06219,Grocery_FMCG,Cleaning Supplies,Cleaning Supplies Model-542
PROD-06220,Garments,T-Shirt,T-Shirt Model-246
PROD-06221,Home_Living,Kitchenware,Kitchenware Model-846
PROD-06222,Home_Living,Bedding,Bedding Model-419
PROD-06223,Footwear,Slipper,Slipper Model-806
PROD-06224,Footwear,Sandal,Sandal Model-295
PROD-06225,Grocery_FMCG,Personal Care,Personal Care Model-618
PROD-06226,Grocery_FMCG,Cooking Oil,Cooking Oil Model-504
PROD-06227,Garments,Panjabi,Panjabi Model-832
PROD-06228,Home_Living,Decor,Decor Model-977
PROD-06229,Grocery_FMCG,Cleaning Supplies,Cleaning Supplies Model-719
PROD-06230,Footwear,Formal Shoe,Formal Shoe Model-775
PROD-06231,Home_Living,Bedding,Bedding Model-308
PROD-06232,Grocery_FMCG,Snacks,Snacks Model-148
PROD-06233,Home_Living,Kitchenware,Kitchenware Model-111
PROD-06234,Grocery_FMCG,Cooking Oil,Cooking Oil Model-208
PROD-06235,Electronics,Power Bank,Power Bank Model-638
PROD-06236,Electronics,Headphone,Headphone Model-559
PROD-06237,Beauty_Health,Makeup,Makeup Model-274
PROD-06238,Electronics,Smartphone,Smartphone Model-408
PROD-06239,Grocery_FMCG,Cleaning Supplies,Cleaning Supplies Model-192
PROD-06240,Garments,T-Shirt,T-Shirt Model-742
PROD-06241,Garments,Kids Wear,Kids Wear Model-256
PROD-06242,Grocery_FMCG,Cleaning Supplies,Cleaning Supplies Model-887
PROD-06243,Footwear,Sneaker,Sneaker Model-719
PROD-06244,Garments,Kurti,Kurti Model-130
PROD-06245,Grocery_FMCG,Snacks,Snacks Model-335
PROD-06246,Garments,Kurti,Kurti Model-734
PROD-06247,Garments,Kids Wear,Kids Wear Model-427
PROD-06248,Electronics,Power Bank,Power Bank Model-678
PROD-06249,Garments,Kids Wear,Kids Wear Model-176
PROD-06250,Electronics,Laptop,Laptop Model-559
PROD-06251,Footwear,Slipper,Slipper Model-775
PROD-06252,Garments,Kurti,Kurti Model-220
PROD-06253,Electronics,Smart Watch,Smart Watch Model-865
PROD-06254,Garments,Jeans,Jeans Model-486
PROD-06255,Electronics,Smartphone,Smartphone Model-211
PROD-06256,Electronics,Power Bank,Power Bank Model-607
PROD-06257,Footwear,Formal Shoe,Formal Shoe Model-979
PROD-06258,Grocery_FMCG,Beverages,Beverages Model-837
PROD-06259,Garments,Panjabi,Panjabi Model-331
PROD-06260,Garments,Jeans,Jeans Model-954
PROD-06261,Garments,T-Shirt,T-Shirt Model-179
PROD-06262,Garments,Jeans,Jeans Model-337
PROD-06263,Electronics,Laptop,Laptop Model-928
PROD-06264,Grocery_FMCG,Snacks,Snacks Model-741
PROD-06265,Garments,Kurti,Kurti Model-813
PROD-06266,Electronics,Smartphone,Smartphone Model-239
PROD-06267,Grocery_FMCG,Personal Care,Personal Care Model-405
PROD-06268,Home_Living,Bedding,Bedding Model-517
PROD-06269,Footwear,Sandal,Sandal Model-316
PROD-06270,Beauty_Health,Skincare,Skincare Model-190
PROD-06271,Footwear,Sneaker,Sneaker Model-211
PROD-06272,Grocery_FMCG,Cooking Oil,Cooking Oil Model-676
PROD-06273,Garments,Panjabi,Panjabi Model-217
PROD-06274,Grocery_FMCG,Cooking Oil,Cooking Oil Model-174
PROD-06275,Footwear,Formal Shoe,Formal Shoe Model-761
PROD-06276,Grocery_FMCG,Cleaning Supplies,Cleaning Supplies Model-801
PROD-06277,Home_Living,Decor,Decor Model-990
PROD-06278,Grocery_FMCG,Cleaning Supplies,Cleaning Supplies Model-755
PROD-06279,Books_Stationery,Office Supplies,Office Supplies Model-574
PROD-06280,Home_Living,Bedding,Bedding Model-648
PROD-06281,Electronics,Headphone,Headphone Model-454
PROD-06282,Footwear,Slipper,Slipper Model-754
PROD-06283,Electronics,Home Appliance,Home Appliance Model-582
PROD-06284,Footwear,Sandal,Sandal Model-655
PROD-06285,Electronics,Headphone,Headphone Model-149
PROD-06286,Electronics,Power Bank,Power Bank Model-378
PROD-06287,Home_Living,Decor,Decor Model-920
PROD-06288,Grocery_FMCG,Cooking Oil,Cooking Oil Model-806
PROD-06289,Grocery_FMCG,Cooking Oil,Cooking Oil Model-715
PROD-06290,Garments,T-Shirt,T-Shirt Model-304
PROD-06291,Garments,T-Shirt,T-Shirt Model-604
PROD-06292,Grocery_FMCG,Rice,Rice Model-864
PROD-06293,Garments,Kurti,Kurti Model-567
PROD-06294,Beauty_Health,Haircare,Haircare Model-557
PROD-06295,Books_Stationery,Art Supplies,Art Supplies Model-119
PROD-06296,Beauty_Health,Makeup,Makeup Model-187
PROD-06297,Electronics,Headphone,Headphone Model-107
PROD-06298,Electronics,Power Bank,Power Bank Model-273
PROD-06299,Books_Stationery,Art Supplies,Art Supplies Model-548
PROD-06300,Grocery_FMCG,Cleaning Supplies,Cleaning Supplies Model-416
PROD-06301,Home_Living,Furniture,Furniture Model-398
PROD-06302,Grocery_FMCG,Beverages,Beverages Model-904
PROD-06303,Electronics,Laptop,Laptop Model-490
PROD-06304,Books_Stationery,Story Book,Story Book Model-617
PROD-06305,Books_Stationery,Office Supplies,Office Supplies Model-834
PROD-06306,Garments,T-Shirt,T-Shirt Model-365
PROD-06307,Grocery_FMCG,Snacks,Snacks Model-534
PROD-06308,Home_Living,Kitchenware,Kitchenware Model-630
PROD-06309,Garments,Saree,Saree Model-948
PROD-06310,Electronics,Power Bank,Power Bank Model-870
PROD-06311,Beauty_Health,Haircare,Haircare Model-240
PROD-06312,Garments,Saree,Saree Model-417
PROD-06313,Home_Living,Furniture,Furniture Model-153
PROD-06314,Grocery_FMCG,Cooking Oil,Cooking Oil Model-172
PROD-06315,Electronics,Feature Phone,Feature Phone Model-886
PROD-06316,Footwear,Sneaker,Sneaker Model-601
PROD-06317,Garments,T-Shirt,T-Shirt Model-728
PROD-06318,Electronics,Home Appliance,Home Appliance Model-565
PROD-06319,Footwear,Sandal,Sandal Model-743
PROD-06320,Footwear,Formal Shoe,Formal Shoe Model-552
PROD-06321,Beauty_Health,Haircare,Haircare Model-434
PROD-06322,Home_Living,Furniture,Furniture Model-315
PROD-06323,Garments,Panjabi,Panjabi Model-336
PROD-06324,Garments,T-Shirt,T-Shirt Model-334
PROD-06325,Garments,Kids Wear,Kids Wear Model-834
PROD-06326,Electronics,Smartphone,Smartphone Model-403
PROD-06327,Garments,Jeans,Jeans Model-215
PROD-06328,Electronics,Laptop,Laptop Model-974
PROD-06329,Footwear,Slipper,Slipper Model-762
PROD-06330,Footwear,Formal Shoe,Formal Shoe Model-746
PROD-06331,Electronics,Feature Phone,Feature Phone Model-665
PROD-06332,Footwear,Formal Shoe,Formal Shoe Model-147
PROD-06333,Grocery_FMCG,Personal Care,Personal Care Model-526
PROD-06334,Garments,Kids Wear,Kids Wear Model-367
PROD-06335,Electronics,Smartphone,Smartphone Model-467
PROD-06336,Grocery_FMCG,Cleaning Supplies,Cleaning Supplies Model-695
PROD-06337,Electronics,Power Bank,Power Bank Model-370
PROD-06338,Garments,Kurti,Kurti Model-471
PROD-06339,Electronics,Headphone,Headphone Model-307
PROD-06340,Garments,Saree,Saree Model-154
PROD-06341,Grocery_FMCG,Rice,Rice Model-670
PROD-06342,Grocery_FMCG,Rice,Rice Model-542
PROD-06343,Home_Living,Kitchenware,Kitchenware Model-861
PROD-06344,Grocery_FMCG,Cooking Oil,Cooking Oil Model-560
PROD-06345,Beauty_Health,Haircare,Haircare Model-327
PROD-06346,Electronics,Smart Watch,Smart Watch Model-703
PROD-06347,Garments,Panjabi,Panjabi Model-517
PROD-06348,Garments,T-Shirt,T-Shirt Model-468
PROD-06349,Home_Living,Kitchenware,Kitchenware Model-203
PROD-06350,Garments,T-Shirt,T-Shirt Model-191
PROD-06351,Home_Living,Furniture,Furniture Model-952
PROD-06352,Home_Living,Furniture,Furniture Model-931
PROD-06353,Beauty_Health,Makeup,Makeup Model-946
PROD-06354,Books_Stationery,Office Supplies,Office Supplies Model-672
PROD-06355,Electronics,Headphone,Headphone Model-930
PROD-06356,Electronics,Smartphone,Smartphone Model-717
PROD-06357,Electronics,Laptop,Laptop Model-875
PROD-06358,Garments,Kurti,Kurti Model-929
PROD-06359,Footwear,Sandal,Sandal Model-230
PROD-06360,Electronics,Home Appliance,Home Appliance Model-287
PROD-06361,Footwear,Slipper,Slipper Model-863
PROD-06362,Home_Living,Decor,Decor Model-854
PROD-06363,Electronics,Power Bank,Power Bank Model-511
PROD-06364,Garments,Jeans,Jeans Model-920
PROD-06365,Books_Stationery,Office Supplies,Office Supplies Model-497
PROD-06366,Footwear,Sneaker,Sneaker Model-130
PROD-06367,Electronics,Smartphone,Smartphone Model-928
PROD-06368,Home_Living,Furniture,Furniture Model-848
PROD-06369,Home_Living,Bedding,Bedding Model-451
PROD-06370,Books_Stationery,Art Supplies,Art Supplies Model-837
PROD-06371,Footwear,Formal Shoe,Formal Shoe Model-640
PROD-06372,Garments,Jeans,Jeans Model-335
PROD-06373,Electronics,Smart Watch,Smart Watch Model-840
PROD-06374,Home_Living,Decor,Decor Model-375
PROD-06375,Garments,Kids Wear,Kids Wear Model-997
PROD-06376,Home_Living,Decor,Decor Model-459
PROD-06377,Grocery_FMCG,Cooking Oil,Cooking Oil Model-905
PROD-06378,Electronics,Home Appliance,Home Appliance Model-311
PROD-06379,Garments,T-Shirt,T-Shirt Model-539
PROD-06380,Home_Living,Decor,Decor Model-506
PROD-06381,Electronics,Laptop,Laptop Model-213
PROD-06382,Electronics,Headphone,Headphone Model-619
PROD-06383,Home_Living,Furniture,Furniture Model-683
PROD-06384,Books_Stationery,Story Book,Story Book Model-777
PROD-06385,Electronics,Smart Watch,Smart Watch Model-149
PROD-06386,Electronics,Power Bank,Power Bank Model-558
PROD-06387,Garments,Saree,Saree Model-747
PROD-06388,Footwear,Sneaker,Sneaker Model-366
PROD-06389,Books_Stationery,Office Supplies,Office Supplies Model-317
PROD-06390,Electronics,Smart Watch,Smart Watch Model-529
PROD-06391,Footwear,Slipper,Slipper Model-566
PROD-06392,Books_Stationery,Office Supplies,Office Supplies Model-255
PROD-06393,Grocery_FMCG,Snacks,Snacks Model-767
PROD-06394,Electronics,Home Appliance,Home Appliance Model-730
PROD-06395,Electronics,Feature Phone,Feature Phone Model-623
PROD-06396,Electronics,Home Appliance,Home Appliance Model-758
PROD-06397,Electronics,Smart Watch,Smart Watch Model-477
PROD-06398,Footwear,Sandal,Sandal Model-597
PROD-06399,Garments,Jeans,Jeans Model-737
PROD-06400,Home_Living,Decor,Decor Model-925
PROD-06401,Beauty_Health,Makeup,Makeup Model-256
PROD-06402,Footwear,Sneaker,Sneaker Model-713
PROD-06403,Grocery_FMCG,Rice,Rice Model-730
PROD-06404,Beauty_Health,Skincare,Skincare Model-269
PROD-06405,Electronics,Feature Phone,Feature Phone Model-532
PROD-06406,Garments,Kurti,Kurti Model-176
PROD-06407,Grocery_FMCG,Beverages,Beverages Model-892
PROD-06408,Grocery_FMCG,Personal Care,Personal Care Model-700
PROD-06409,Electronics,Laptop,Laptop Model-442
PROD-06410,Beauty_Health,Makeup,Makeup Model-878
PROD-06411,Grocery_FMCG,Cooking Oil,Cooking Oil Model-313
PROD-06412,Grocery_FMCG,Personal Care,Personal Care Model-565
PROD-06413,Electronics,Power Bank,Power Bank Model-798
PROD-06414,Footwear,Sneaker,Sneaker Model-834
PROD-06415,Grocery_FMCG,Rice,Rice Model-552
PROD-06416,Electronics,Smart Watch,Smart Watch Model-485
PROD-06417,Beauty_Health,Haircare,Haircare Model-110
PROD-06418,Beauty_Health,Haircare,Haircare Model-154
PROD-06419,Garments,Kurti,Kurti Model-153
PROD-06420,Electronics,Smartphone,Smartphone Model-745
PROD-06421,Electronics,Headphone,Headphone Model-578
PROD-06422,Books_Stationery,Office Supplies,Office Supplies Model-750
PROD-06423,Garments,Saree,Saree Model-440
PROD-06424,Books_Stationery,Office Supplies,Office Supplies Model-749
PROD-06425,Grocery_FMCG,Cooking Oil,Cooking Oil Model-275
PROD-06426,Electronics,Feature Phone,Feature Phone Model-343
PROD-06427,Electronics,Headphone,Headphone Model-925
PROD-06428,Books_Stationery,Office Supplies,Office Supplies Model-685
PROD-06429,Grocery_FMCG,Rice,Rice Model-682
PROD-06430,Beauty_Health,Makeup,Makeup Model-962
PROD-06431,Beauty_Health,Haircare,Haircare Model-113
PROD-06432,Garments,T-Shirt,T-Shirt Model-410
PROD-06433,Garments,Jeans,Jeans Model-659
PROD-06434,Footwear,Formal Shoe,Formal Shoe Model-421
PROD-06435,Garments,Kids Wear,Kids Wear Model-958
PROD-06436,Garments,Kids Wear,Kids Wear Model-235
PROD-06437,Home_Living,Furniture,Furniture Model-675
PROD-06438,Grocery_FMCG,Rice,Rice Model-995
PROD-06439,Garments,Kids Wear,Kids Wear Model-877
PROD-06440,Garments,Panjabi,Panjabi Model-457
PROD-06441,Electronics,Headphone,Headphone Model-187
PROD-06442,Home_Living,Kitchenware,Kitchenware Model-808
PROD-06443,Electronics,Feature Phone,Feature Phone Model-954
PROD-06444,Garments,Kids Wear,Kids Wear Model-252
PROD-06445,Electronics,Smartphone,Smartphone Model-289
PROD-06446,Garments,Kids Wear,Kids Wear Model-879
PROD-06447,Garments,Kids Wear,Kids Wear Model-111
PROD-06448,Electronics,Smart Watch,Smart Watch Model-194
PROD-06449,Grocery_FMCG,Beverages,Beverages Model-590
PROD-06450,Grocery_FMCG,Cleaning Supplies,Cleaning Supplies Model-898
PROD-06451,Electronics,Home Appliance,Home Appliance Model-367
PROD-06452,Electronics,Smart Watch,Smart Watch Model-679
PROD-06453,Grocery_FMCG,Snacks,Snacks Model-943
PROD-06454,Footwear,Sandal,Sandal Model-738
PROD-06455,Beauty_Health,Skincare,Skincare Model-402
PROD-06456,Footwear,Slipper,Slipper Model-256
PROD-06457,Beauty_Health,Supplements,Supplements Model-316
PROD-06458,Garments,Panjabi,Panjabi Model-247
PROD-06459,Garments,Saree,Saree Model-620
PROD-06460,Electronics,Smartphone,Smartphone Model-657
PROD-06461,Beauty_Health,Supplements,Supplements Model-116
PROD-06462,Books_Stationery,Story Book,Story Book Model-168
PROD-06463,Garments,Kids Wear,Kids Wear Model-161
PROD-06464,Books_Stationery,Notebook,Notebook Model-607
PROD-06465,Home_Living,Kitchenware,Kitchenware Model-688
PROD-06466,Grocery_FMCG,Personal Care,Personal Care Model-489
PROD-06467,Books_Stationery,Office Supplies,Office Supplies Model-630
PROD-06468,Electronics,Smart Watch,Smart Watch Model-198
PROD-06469,Grocery_FMCG,Beverages,Beverages Model-275
PROD-06470,Garments,Panjabi,Panjabi Model-625
PROD-06471,Garments,Saree,Saree Model-434
PROD-06472,Books_Stationery,Notebook,Notebook Model-748
PROD-06473,Beauty_Health,Supplements,Supplements Model-704
PROD-06474,Garments,Kids Wear,Kids Wear Model-142
PROD-06475,Electronics,Smartphone,Smartphone Model-156
PROD-06476,Books_Stationery,Notebook,Notebook Model-534
PROD-06477,Footwear,Sneaker,Sneaker Model-358
PROD-06478,Grocery_FMCG,Snacks,Snacks Model-362
PROD-06479,Home_Living,Bedding,Bedding Model-779
PROD-06480,Garments,Saree,Saree Model-630
PROD-06481,Grocery_FMCG,Cleaning Supplies,Cleaning Supplies Model-996
PROD-06482,Electronics,Home Appliance,Home Appliance Model-394
PROD-06483,Grocery_FMCG,Beverages,Beverages Model-679
PROD-06484,Footwear,Sneaker,Sneaker Model-137
PROD-06485,Footwear,Sandal,Sandal Model-416
PROD-06486,Garments,Panjabi,Panjabi Model-696
PROD-06487,Electronics,Smartphone,Smartphone Model-434
PROD-06488,Grocery_FMCG,Snacks,Snacks Model-593
PROD-06489,Grocery_FMCG,Cooking Oil,Cooking Oil Model-301
PROD-06490,Garments,T-Shirt,T-Shirt Model-240
PROD-06491,Beauty_Health,Makeup,Makeup Model-725
PROD-06492,Home_Living,Kitchenware,Kitchenware Model-830
PROD-06493,Books_Stationery,Story Book,Story Book Model-535
PROD-06494,Electronics,Smartphone,Smartphone Model-725
PROD-06495,Electronics,Home Appliance,Home Appliance Model-640
PROD-06496,Footwear,Formal Shoe,Formal Shoe Model-258
PROD-06497,Electronics,Smart Watch,Smart Watch Model-145
PROD-06498,Beauty_Health,Supplements,Supplements Model-422
PROD-06499,Home_Living,Decor,Decor Model-852
PROD-06500,Home_Living,Decor,Decor Model-996
PROD-06501,Electronics,Home Appliance,Home Appliance Model-254
PROD-06502,Garments,Saree,Saree Model-172
PROD-06503,Garments,Kids Wear,Kids Wear Model-237
PROD-06504,Garments,Kids Wear,Kids Wear Model-995
PROD-06505,Beauty_Health,Haircare,Haircare Model-863
PROD-06506,Footwear,Slipper,Slipper Model-147
PROD-06507,Books_Stationery,Art Supplies,Art Supplies Model-880
PROD-06508,Grocery_FMCG,Snacks,Snacks Model-565
PROD-06509,Home_Living,Bedding,Bedding Model-573
PROD-06510,Electronics,Laptop,Laptop Model-675
PROD-06511,Footwear,Slipper,Slipper Model-790
PROD-06512,Garments,T-Shirt,T-Shirt Model-189
PROD-06513,Garments,Kids Wear,Kids Wear Model-921
PROD-06514,Books_Stationery,Story Book,Story Book Model-358
PROD-06515,Garments,Jeans,Jeans Model-593
PROD-06516,Beauty_Health,Skincare,Skincare Model-747
PROD-06517,Home_Living,Kitchenware,Kitchenware Model-434
PROD-06518,Garments,T-Shirt,T-Shirt Model-627
PROD-06519,Garments,Jeans,Jeans Model-574
PROD-06520,Home_Living,Furniture,Furniture Model-211
PROD-06521,Beauty_Health,Haircare,Haircare Model-660
PROD-06522,Home_Living,Bedding,Bedding Model-797
PROD-06523,Grocery_FMCG,Snacks,Snacks Model-877
PROD-06524,Grocery_FMCG,Rice,Rice Model-837
PROD-06525,Garments,Kids Wear,Kids Wear Model-152
PROD-06526,Books_Stationery,Story Book,Story Book Model-138
PROD-06527,Garments,Panjabi,Panjabi Model-978
PROD-06528,Footwear,Formal Shoe,Formal Shoe Model-806
PROD-06529,Books_Stationery,Office Supplies,Office Supplies Model-783
PROD-06530,Home_Living,Bedding,Bedding Model-726
PROD-06531,Footwear,Slipper,Slipper Model-562
PROD-06532,Footwear,Slipper,Slipper Model-123
PROD-06533,Electronics,Home Appliance,Home Appliance Model-932
PROD-06534,Books_Stationery,Notebook,Notebook Model-144
PROD-06535,Grocery_FMCG,Rice,Rice Model-405
PROD-06536,Electronics,Smartphone,Smartphone Model-449
PROD-06537,Garments,T-Shirt,T-Shirt Model-137
PROD-06538,Garments,Jeans,Jeans Model-829
PROD-06539,Electronics,Headphone,Headphone Model-962
PROD-06540,Books_Stationery,Story Book,Story Book Model-322
PROD-06541,Electronics,Smart Watch,Smart Watch Model-156
PROD-06542,Grocery_FMCG,Beverages,Beverages Model-672
PROD-06543,Footwear,Sneaker,Sneaker Model-574
PROD-06544,Home_Living,Furniture,Furniture Model-337
PROD-06545,Garments,Jeans,Jeans Model-176
PROD-06546,Electronics,Feature Phone,Feature Phone Model-722
PROD-06547,Beauty_Health,Haircare,Haircare Model-521
PROD-06548,Home_Living,Bedding,Bedding Model-281
PROD-06549,Beauty_Health,Makeup,Makeup Model-915
PROD-06550,Garments,T-Shirt,T-Shirt Model-349
PROD-06551,Electronics,Smart Watch,Smart Watch Model-909
PROD-06552,Grocery_FMCG,Cooking Oil,Cooking Oil Model-433
PROD-06553,Garments,Kurti,Kurti Model-490
PROD-06554,Books_Stationery,Office Supplies,Office Supplies Model-805
PROD-06555,Grocery_FMCG,Snacks,Snacks Model-599
PROD-06556,Grocery_FMCG,Rice,Rice Model-335
PROD-06557,Garments,T-Shirt,T-Shirt Model-329
PROD-06558,Grocery_FMCG,Snacks,Snacks Model-594
PROD-06559,Home_Living,Kitchenware,Kitchenware Model-144
PROD-06560,Garments,Saree,Saree Model-174
PROD-06561,Footwear,Sandal,Sandal Model-831
PROD-06562,Garments,Kids Wear,Kids Wear Model-251
PROD-06563,Grocery_FMCG,Beverages,Beverages Model-329
PROD-06564,Footwear,Sneaker,Sneaker Model-684
PROD-06565,Grocery_FMCG,Cooking Oil,Cooking Oil Model-279
PROD-06566,Grocery_FMCG,Cooking Oil,Cooking Oil Model-515
PROD-06567,Books_Stationery,Art Supplies,Art Supplies Model-534
PROD-06568,Home_Living,Furniture,Furniture Model-764
PROD-06569,Grocery_FMCG,Beverages,Beverages Model-734
PROD-06570,Garments,Kurti,Kurti Model-724
PROD-06571,Beauty_Health,Haircare,Haircare Model-525
PROD-06572,Home_Living,Decor,Decor Model-309
PROD-06573,Grocery_FMCG,Cleaning Supplies,Cleaning Supplies Model-697
PROD-06574,Grocery_FMCG,Cooking Oil,Cooking Oil Model-509
PROD-06575,Garments,Kids Wear,Kids Wear Model-733
PROD-06576,Electronics,Home Appliance,Home Appliance Model-716
PROD-06577,Home_Living,Furniture,Furniture Model-453
PROD-06578,Beauty_Health,Makeup,Makeup Model-615
PROD-06579,Electronics,Laptop,Laptop Model-597
PROD-06580,Grocery_FMCG,Personal Care,Personal Care Model-599
PROD-06581,Grocery_FMCG,Cooking Oil,Cooking Oil Model-870
PROD-06582,Garments,Jeans,Jeans Model-696
PROD-06583,Electronics,Smart Watch,Smart Watch Model-573
PROD-06584,Beauty_Health,Makeup,Makeup Model-682
PROD-06585,Electronics,Headphone,Headphone Model-363
PROD-06586,Electronics,Power Bank,Power Bank Model-291
PROD-06587,Garments,Kurti,Kurti Model-868
PROD-06588,Beauty_Health,Supplements,Supplements Model-539
PROD-06589,Footwear,Formal Shoe,Formal Shoe Model-526
PROD-06590,Home_Living,Decor,Decor Model-681
PROD-06591,Grocery_FMCG,Rice,Rice Model-940
PROD-06592,Footwear,Sneaker,Sneaker Model-400
PROD-06593,Garments,Kurti,Kurti Model-254
PROD-06594,Footwear,Formal Shoe,Formal Shoe Model-722
PROD-06595,Electronics,Headphone,Headphone Model-306
PROD-06596,Home_Living,Furniture,Furniture Model-143
PROD-06597,Footwear,Formal Shoe,Formal Shoe Model-759
PROD-06598,Books_Stationery,Art Supplies,Art Supplies Model-100
PROD-06599,Beauty_Health,Supplements,Supplements Model-521
PROD-06600,Footwear,Formal Shoe,Formal Shoe Model-204
PROD-06601,Grocery_FMCG,Rice,Rice Model-548
PROD-06602,Home_Living,Bedding,Bedding Model-749
PROD-06603,Electronics,Laptop,Laptop Model-183
PROD-06604,Electronics,Home Appliance,Home Appliance Model-270
PROD-06605,Electronics,Laptop,Laptop Model-853
PROD-06606,Footwear,Slipper,Slipper Model-292
PROD-06607,Beauty_Health,Skincare,Skincare Model-122
PROD-06608,Garments,Kurti,Kurti Model-183
PROD-06609,Grocery_FMCG,Rice,Rice Model-161
PROD-06610,Footwear,Formal Shoe,Formal Shoe Model-151
PROD-06611,Footwear,Sandal,Sandal Model-605
PROD-06612,Grocery_FMCG,Rice,Rice Model-235
PROD-06613,Beauty_Health,Skincare,Skincare Model-189
PROD-06614,Home_Living,Decor,Decor Model-163
PROD-06615,Home_Living,Decor,Decor Model-366
PROD-06616,Garments,Kurti,Kurti Model-477
PROD-06617,Grocery_FMCG,Personal Care,Personal Care Model-912
PROD-06618,Home_Living,Furniture,Furniture Model-718
PROD-06619,Home_Living,Kitchenware,Kitchenware Model-883
PROD-06620,Footwear,Sandal,Sandal Model-101
PROD-06621,Electronics,Power Bank,Power Bank Model-319
PROD-06622,Grocery_FMCG,Beverages,Beverages Model-369
PROD-06623,Electronics,Feature Phone,Feature Phone Model-168
PROD-06624,Electronics,Smartphone,Smartphone Model-981
PROD-06625,Garments,Kurti,Kurti Model-295
PROD-06626,Grocery_FMCG,Snacks,Snacks Model-702
PROD-06627,Garments,Kurti,Kurti Model-523
PROD-06628,Grocery_FMCG,Cooking Oil,Cooking Oil Model-541
PROD-06629,Home_Living,Bedding,Bedding Model-840
PROD-06630,Grocery_FMCG,Personal Care,Personal Care Model-512
PROD-06631,Grocery_FMCG,Cooking Oil,Cooking Oil Model-768
PROD-06632,Books_Stationery,Notebook,Notebook Model-873
PROD-06633,Home_Living,Furniture,Furniture Model-334
PROD-06634,Books_Stationery,Office Supplies,Office Supplies Model-260
PROD-06635,Garments,Panjabi,Panjabi Model-486
PROD-06636,Beauty_Health,Makeup,Makeup Model-960
PROD-06637,Garments,T-Shirt,T-Shirt Model-901
PROD-06638,Garments,Panjabi,Panjabi Model-593
PROD-06639,Home_Living,Furniture,Furniture Model-341
PROD-06640,Garments,Saree,Saree Model-964
PROD-06641,Garments,Saree,Saree Model-703
PROD-06642,Footwear,Formal Shoe,Formal Shoe Model-443
PROD-06643,Footwear,Slipper,Slipper Model-885
PROD-06644,Garments,Panjabi,Panjabi Model-743
PROD-06645,Electronics,Home Appliance,Home Appliance Model-217
PROD-06646,Home_Living,Furniture,Furniture Model-524
PROD-06647,Grocery_FMCG,Snacks,Snacks Model-929
PROD-06648,Electronics,Feature Phone,Feature Phone Model-907
PROD-06649,Grocery_FMCG,Personal Care,Personal Care Model-849
PROD-06650,Grocery_FMCG,Cleaning Supplies,Cleaning Supplies Model-743
PROD-06651,Electronics,Laptop,Laptop Model-131
PROD-06652,Beauty_Health,Supplements,Supplements Model-949
PROD-06653,Home_Living,Decor,Decor Model-149
PROD-06654,Electronics,Headphone,Headphone Model-810
PROD-06655,Beauty_Health,Makeup,Makeup Model-342
PROD-06656,Garments,Kurti,Kurti Model-576
PROD-06657,Electronics,Laptop,Laptop Model-576
PROD-06658,Grocery_FMCG,Beverages,Beverages Model-101
PROD-06659,Books_Stationery,Notebook,Notebook Model-302
PROD-06660,Grocery_FMCG,Cleaning Supplies,Cleaning Supplies Model-491
PROD-06661,Garments,Kurti,Kurti Model-605
PROD-06662,Books_Stationery,Office Supplies,Office Supplies Model-928
PROD-06663,Garments,Saree,Saree Model-209
PROD-06664,Footwear,Sandal,Sandal Model-479
PROD-06665,Garments,Panjabi,Panjabi Model-781
PROD-06666,Grocery_FMCG,Beverages,Beverages Model-181
PROD-06667,Footwear,Formal Shoe,Formal Shoe Model-764
PROD-06668,Electronics,Power Bank,Power Bank Model-283
PROD-06669,Footwear,Slipper,Slipper Model-569
PROD-06670,Home_Living,Bedding,Bedding Model-296
PROD-06671,Beauty_Health,Skincare,Skincare Model-901
PROD-06672,Grocery_FMCG,Personal Care,Personal Care Model-432
PROD-06673,Books_Stationery,Art Supplies,Art Supplies Model-597
PROD-06674,Garments,Panjabi,Panjabi Model-312
PROD-06675,Footwear,Sneaker,Sneaker Model-604
PROD-06676,Garments,Saree,Saree Model-864
PROD-06677,Footwear,Slipper,Slipper Model-876
PROD-06678,Electronics,Headphone,Headphone Model-880
PROD-06679,Electronics,Laptop,Laptop Model-805
PROD-06680,Garments,Kids Wear,Kids Wear Model-984
PROD-06681,Electronics,Power Bank,Power Bank Model-642
PROD-06682,Footwear,Formal Shoe,Formal Shoe Model-271
PROD-06683,Garments,Kids Wear,Kids Wear Model-372
PROD-06684,Grocery_FMCG,Cooking Oil,Cooking Oil Model-775
PROD-06685,Grocery_FMCG,Rice,Rice Model-275
PROD-06686,Beauty_Health,Haircare,Haircare Model-724
PROD-06687,Grocery_FMCG,Rice,Rice Model-898
PROD-06688,Grocery_FMCG,Snacks,Snacks Model-989
PROD-06689,Footwear,Sandal,Sandal Model-170
PROD-06690,Books_Stationery,Notebook,Notebook Model-479
PROD-06691,Beauty_Health,Skincare,Skincare Model-110
PROD-06692,Grocery_FMCG,Cleaning Supplies,Cleaning Supplies Model-325
PROD-06693,Home_Living,Bedding,Bedding Model-984
PROD-06694,Electronics,Home Appliance,Home Appliance Model-735
PROD-06695,Footwear,Sneaker,Sneaker Model-745
PROD-06696,Grocery_FMCG,Cooking Oil,Cooking Oil Model-102
PROD-06697,Garments,Jeans,Jeans Model-529
PROD-06698,Electronics,Laptop,Laptop Model-108
PROD-06699,Garments,Kids Wear,Kids Wear Model-849
PROD-06700,Electronics,Headphone,Headphone Model-359
PROD-06701,Electronics,Smartphone,Smartphone Model-929
PROD-06702,Electronics,Feature Phone,Feature Phone Model-645
PROD-06703,Beauty_Health,Makeup,Makeup Model-603
PROD-06704,Garments,T-Shirt,T-Shirt Model-315
PROD-06705,Home_Living,Furniture,Furniture Model-780
PROD-06706,Home_Living,Furniture,Furniture Model-462
PROD-06707,Garments,Kids Wear,Kids Wear Model-726
PROD-06708,Garments,Panjabi,Panjabi Model-762
PROD-06709,Garments,Saree,Saree Model-428
PROD-06710,Beauty_Health,Haircare,Haircare Model-856
PROD-06711,Garments,T-Shirt,T-Shirt Model-451
PROD-06712,Electronics,Smart Watch,Smart Watch Model-250
PROD-06713,Garments,Saree,Saree Model-269
PROD-06714,Grocery_FMCG,Snacks,Snacks Model-590
PROD-06715,Electronics,Headphone,Headphone Model-851
PROD-06716,Books_Stationery,Office Supplies,Office Supplies Model-138
PROD-06717,Garments,Saree,Saree Model-430
PROD-06718,Grocery_FMCG,Personal Care,Personal Care Model-388
PROD-06719,Grocery_FMCG,Beverages,Beverages Model-146
PROD-06720,Beauty_Health,Makeup,Makeup Model-384
PROD-06721,Garments,Kids Wear,Kids Wear Model-789
PROD-06722,Grocery_FMCG,Rice,Rice Model-977
PROD-06723,Beauty_Health,Haircare,Haircare Model-951
PROD-06724,Electronics,Smartphone,Smartphone Model-949
PROD-06725,Beauty_Health,Skincare,Skincare Model-564
PROD-06726,Footwear,Sandal,Sandal Model-555
PROD-06727,Electronics,Laptop,Laptop Model-748
PROD-06728,Electronics,Home Appliance,Home Appliance Model-434
PROD-06729,Footwear,Sandal,Sandal Model-983
PROD-06730,Garments,Jeans,Jeans Model-249
PROD-06731,Grocery_FMCG,Beverages,Beverages Model-948
PROD-06732,Beauty_Health,Supplements,Supplements Model-371
PROD-06733,Garments,Kids Wear,Kids Wear Model-689
PROD-06734,Grocery_FMCG,Snacks,Snacks Model-712
PROD-06735,Electronics,Smartphone,Smartphone Model-713
PROD-06736,Beauty_Health,Makeup,Makeup Model-126
PROD-06737,Books_Stationery,Art Supplies,Art Supplies Model-175
PROD-06738,Garments,Kids Wear,Kids Wear Model-585
PROD-06739,Footwear,Sneaker,Sneaker Model-788
PROD-06740,Garments,Kids Wear,Kids Wear Model-599
PROD-06741,Grocery_FMCG,Cleaning Supplies,Cleaning Supplies Model-320
PROD-06742,Footwear,Sneaker,Sneaker Model-249
PROD-06743,Garments,T-Shirt,T-Shirt Model-591
PROD-06744,Grocery_FMCG,Cooking Oil,Cooking Oil Model-681
PROD-06745,Grocery_FMCG,Personal Care,Personal Care Model-529
PROD-06746,Garments,Panjabi,Panjabi Model-868
PROD-06747,Electronics,Headphone,Headphone Model-727
PROD-06748,Electronics,Laptop,Laptop Model-255
PROD-06749,Home_Living,Decor,Decor Model-746
PROD-06750,Garments,Saree,Saree Model-814
PROD-06751,Garments,Kids Wear,Kids Wear Model-911
PROD-06752,Grocery_FMCG,Cooking Oil,Cooking Oil Model-648
PROD-06753,Garments,Kurti,Kurti Model-377
PROD-06754,Footwear,Formal Shoe,Formal Shoe Model-908
PROD-06755,Garments,Saree,Saree Model-667
PROD-06756,Garments,Jeans,Jeans Model-327
PROD-06757,Garments,Kids Wear,Kids Wear Model-551
PROD-06758,Grocery_FMCG,Rice,Rice Model-205
PROD-06759,Grocery_FMCG,Beverages,Beverages Model-509
PROD-06760,Footwear,Sneaker,Sneaker Model-608
PROD-06761,Beauty_Health,Makeup,Makeup Model-639
PROD-06762,Electronics,Home Appliance,Home Appliance Model-308
PROD-06763,Grocery_FMCG,Personal Care,Personal Care Model-648
PROD-06764,Electronics,Home Appliance,Home Appliance Model-306
PROD-06765,Books_Stationery,Notebook,Notebook Model-105
PROD-06766,Beauty_Health,Skincare,Skincare Model-646
PROD-06767,Footwear,Sneaker,Sneaker Model-456
PROD-06768,Footwear,Sneaker,Sneaker Model-333
PROD-06769,Books_Stationery,Office Supplies,Office Supplies Model-909
PROD-06770,Electronics,Power Bank,Power Bank Model-288
PROD-06771,Electronics,Smart Watch,Smart Watch Model-313
PROD-06772,Electronics,Laptop,Laptop Model-118
PROD-06773,Beauty_Health,Haircare,Haircare Model-417
PROD-06774,Electronics,Laptop,Laptop Model-203
PROD-06775,Footwear,Slipper,Slipper Model-588
PROD-06776,Footwear,Sandal,Sandal Model-817
PROD-06777,Electronics,Headphone,Headphone Model-959
PROD-06778,Books_Stationery,Office Supplies,Office Supplies Model-484
PROD-06779,Home_Living,Kitchenware,Kitchenware Model-862
PROD-06780,Garments,Saree,Saree Model-984
PROD-06781,Home_Living,Kitchenware,Kitchenware Model-195
PROD-06782,Garments,Jeans,Jeans Model-787
PROD-06783,Garments,T-Shirt,T-Shirt Model-244
PROD-06784,Books_Stationery,Art Supplies,Art Supplies Model-691
PROD-06785,Grocery_FMCG,Cleaning Supplies,Cleaning Supplies Model-454
PROD-06786,Grocery_FMCG,Rice,Rice Model-358
PROD-06787,Garments,Panjabi,Panjabi Model-706
PROD-06788,Grocery_FMCG,Personal Care,Personal Care Model-308
PROD-06789,Garments,Saree,Saree Model-683
PROD-06790,Footwear,Slipper,Slipper Model-275
PROD-06791,Electronics,Smart Watch,Smart Watch Model-497
PROD-06792,Grocery_FMCG,Beverages,Beverages Model-523
PROD-06793,Electronics,Feature Phone,Feature Phone Model-326
PROD-06794,Garments,Kurti,Kurti Model-180
PROD-06795,Beauty_Health,Skincare,Skincare Model-774
PROD-06796,Footwear,Sandal,Sandal Model-772
PROD-06797,Grocery_FMCG,Cooking Oil,Cooking Oil Model-360
PROD-06798,Home_Living,Bedding,Bedding Model-501
PROD-06799,Grocery_FMCG,Rice,Rice Model-839
PROD-06800,Electronics,Home Appliance,Home Appliance Model-765
PROD-06801,Footwear,Sneaker,Sneaker Model-268
PROD-06802,Electronics,Power Bank,Power Bank Model-252
PROD-06803,Grocery_FMCG,Rice,Rice Model-470
PROD-06804,Footwear,Formal Shoe,Formal Shoe Model-509
PROD-06805,Garments,T-Shirt,T-Shirt Model-130
PROD-06806,Electronics,Laptop,Laptop Model-653
PROD-06807,Grocery_FMCG,Beverages,Beverages Model-474
PROD-06808,Electronics,Feature Phone,Feature Phone Model-578
PROD-06809,Electronics,Laptop,Laptop Model-813
PROD-06810,Beauty_Health,Skincare,Skincare Model-806
PROD-06811,Grocery_FMCG,Cooking Oil,Cooking Oil Model-483
PROD-06812,Garments,Panjabi,Panjabi Model-860
PROD-06813,Footwear,Slipper,Slipper Model-973
PROD-06814,Electronics,Home Appliance,Home Appliance Model-439
PROD-06815,Garments,Saree,Saree Model-170
PROD-06816,Footwear,Formal Shoe,Formal Shoe Model-625
PROD-06817,Grocery_FMCG,Rice,Rice Model-555
PROD-06818,Electronics,Laptop,Laptop Model-220
PROD-06819,Electronics,Smart Watch,Smart Watch Model-356
PROD-06820,Garments,Panjabi,Panjabi Model-561
PROD-06821,Garments,Panjabi,Panjabi Model-670
PROD-06822,Footwear,Sneaker,Sneaker Model-765
PROD-06823,Beauty_Health,Supplements,Supplements Model-471
PROD-06824,Beauty_Health,Supplements,Supplements Model-739
PROD-06825,Electronics,Smartphone,Smartphone Model-257
PROD-06826,Electronics,Power Bank,Power Bank Model-421
PROD-06827,Grocery_FMCG,Cooking Oil,Cooking Oil Model-622
PROD-06828,Beauty_Health,Supplements,Supplements Model-635
PROD-06829,Garments,Kids Wear,Kids Wear Model-288
PROD-06830,Grocery_FMCG,Beverages,Beverages Model-360
PROD-06831,Garments,Panjabi,Panjabi Model-110
PROD-06832,Garments,T-Shirt,T-Shirt Model-579
PROD-06833,Garments,Kurti,Kurti Model-469
PROD-06834,Beauty_Health,Supplements,Supplements Model-244
PROD-06835,Electronics,Headphone,Headphone Model-853
PROD-06836,Garments,Saree,Saree Model-641
PROD-06837,Electronics,Laptop,Laptop Model-318
PROD-06838,Garments,T-Shirt,T-Shirt Model-808
PROD-06839,Grocery_FMCG,Beverages,Beverages Model-227
PROD-06840,Home_Living,Decor,Decor Model-513
PROD-06841,Footwear,Sneaker,Sneaker Model-847
PROD-06842,Electronics,Home Appliance,Home Appliance Model-701
PROD-06843,Garments,Panjabi,Panjabi Model-422
PROD-06844,Grocery_FMCG,Cooking Oil,Cooking Oil Model-368
PROD-06845,Books_Stationery,Office Supplies,Office Supplies Model-814
PROD-06846,Books_Stationery,Art Supplies,Art Supplies Model-504
PROD-06847,Home_Living,Bedding,Bedding Model-216
PROD-06848,Home_Living,Decor,Decor Model-486
PROD-06849,Garments,Jeans,Jeans Model-960
PROD-06850,Grocery_FMCG,Snacks,Snacks Model-908
PROD-06851,Home_Living,Decor,Decor Model-243
PROD-06852,Books_Stationery,Art Supplies,Art Supplies Model-891
PROD-06853,Books_Stationery,Notebook,Notebook Model-934
PROD-06854,Electronics,Feature Phone,Feature Phone Model-494
PROD-06855,Home_Living,Bedding,Bedding Model-223
PROD-06856,Electronics,Headphone,Headphone Model-660
PROD-06857,Beauty_Health,Makeup,Makeup Model-832
PROD-06858,Beauty_Health,Skincare,Skincare Model-803
PROD-06859,Books_Stationery,Art Supplies,Art Supplies Model-241
PROD-06860,Grocery_FMCG,Cooking Oil,Cooking Oil Model-941
PROD-06861,Home_Living,Bedding,Bedding Model-335
PROD-06862,Home_Living,Decor,Decor Model-489
PROD-06863,Electronics,Headphone,Headphone Model-127
PROD-06864,Electronics,Smart Watch,Smart Watch Model-980
PROD-06865,Grocery_FMCG,Rice,Rice Model-793
PROD-06866,Garments,T-Shirt,T-Shirt Model-424
PROD-06867,Grocery_FMCG,Personal Care,Personal Care Model-559
PROD-06868,Grocery_FMCG,Personal Care,Personal Care Model-164
PROD-06869,Garments,Saree,Saree Model-543
PROD-06870,Footwear,Slipper,Slipper Model-404
PROD-06871,Books_Stationery,Office Supplies,Office Supplies Model-812
PROD-06872,Beauty_Health,Skincare,Skincare Model-898
PROD-06873,Garments,Kids Wear,Kids Wear Model-956
PROD-06874,Electronics,Feature Phone,Feature Phone Model-199
PROD-06875,Garments,Panjabi,Panjabi Model-952
PROD-06876,Electronics,Headphone,Headphone Model-208
PROD-06877,Garments,Panjabi,Panjabi Model-387
PROD-06878,Footwear,Sandal,Sandal Model-533
PROD-06879,Electronics,Smartphone,Smartphone Model-414
PROD-06880,Electronics,Headphone,Headphone Model-995
PROD-06881,Grocery_FMCG,Cleaning Supplies,Cleaning Supplies Model-297
PROD-06882,Garments,Panjabi,Panjabi Model-931
PROD-06883,Grocery_FMCG,Rice,Rice Model-102
PROD-06884,Electronics,Laptop,Laptop Model-869
PROD-06885,Home_Living,Bedding,Bedding Model-703
PROD-06886,Beauty_Health,Makeup,Makeup Model-930
PROD-06887,Beauty_Health,Supplements,Supplements Model-402
PROD-06888,Electronics,Smart Watch,Smart Watch Model-320
PROD-06889,Garments,T-Shirt,T-Shirt Model-786
PROD-06890,Electronics,Smart Watch,Smart Watch Model-952
PROD-06891,Books_Stationery,Art Supplies,Art Supplies Model-814
PROD-06892,Grocery_FMCG,Rice,Rice Model-794
PROD-06893,Grocery_FMCG,Rice,Rice Model-962
PROD-06894,Electronics,Headphone,Headphone Model-337
PROD-06895,Beauty_Health,Haircare,Haircare Model-689
PROD-06896,Electronics,Smartphone,Smartphone Model-433
PROD-06897,Grocery_FMCG,Beverages,Beverages Model-877
PROD-06898,Electronics,Feature Phone,Feature Phone Model-724
PROD-06899,Electronics,Laptop,Laptop Model-982
PROD-06900,Garments,Kurti,Kurti Model-611
PROD-06901,Home_Living,Decor,Decor Model-325
PROD-06902,Garments,Panjabi,Panjabi Model-671
PROD-06903,Books_Stationery,Office Supplies,Office Supplies Model-823
PROD-06904,Garments,T-Shirt,T-Shirt Model-412
PROD-06905,Electronics,Feature Phone,Feature Phone Model-942
PROD-06906,Beauty_Health,Makeup,Makeup Model-730
PROD-06907,Beauty_Health,Skincare,Skincare Model-583
PROD-06908,Home_Living,Bedding,Bedding Model-602
PROD-06909,Home_Living,Bedding,Bedding Model-763
PROD-06910,Electronics,Headphone,Headphone Model-412
PROD-06911,Electronics,Home Appliance,Home Appliance Model-967
PROD-06912,Electronics,Headphone,Headphone Model-407
PROD-06913,Books_Stationery,Story Book,Story Book Model-254
PROD-06914,Grocery_FMCG,Personal Care,Personal Care Model-297
PROD-06915,Garments,Saree,Saree Model-148
PROD-06916,Books_Stationery,Art Supplies,Art Supplies Model-696
PROD-06917,Footwear,Sneaker,Sneaker Model-978
PROD-06918,Home_Living,Bedding,Bedding Model-146
PROD-06919,Garments,Kurti,Kurti Model-126
PROD-06920,Grocery_FMCG,Cooking Oil,Cooking Oil Model-911
PROD-06921,Grocery_FMCG,Cooking Oil,Cooking Oil Model-890
PROD-06922,Books_Stationery,Office Supplies,Office Supplies Model-135
PROD-06923,Footwear,Sandal,Sandal Model-432
PROD-06924,Footwear,Sandal,Sandal Model-103
PROD-06925,Garments,Kurti,Kurti Model-559
PROD-06926,Grocery_FMCG,Rice,Rice Model-754
PROD-06927,Electronics,Feature Phone,Feature Phone Model-492
PROD-06928,Garments,Kurti,Kurti Model-193
PROD-06929,Footwear,Slipper,Slipper Model-283
PROD-06930,Footwear,Formal Shoe,Formal Shoe Model-925
PROD-06931,Garments,T-Shirt,T-Shirt Model-630
PROD-06932,Electronics,Headphone,Headphone Model-947
PROD-06933,Footwear,Sneaker,Sneaker Model-370
PROD-06934,Books_Stationery,Story Book,Story Book Model-395
PROD-06935,Home_Living,Kitchenware,Kitchenware Model-283
PROD-06936,Garments,Kurti,Kurti Model-233
PROD-06937,Garments,Kurti,Kurti Model-259
PROD-06938,Footwear,Slipper,Slipper Model-294
PROD-06939,Electronics,Headphone,Headphone Model-328
PROD-06940,Garments,Panjabi,Panjabi Model-991
PROD-06941,Beauty_Health,Makeup,Makeup Model-471
PROD-06942,Electronics,Home Appliance,Home Appliance Model-337
PROD-06943,Garments,Panjabi,Panjabi Model-623
PROD-06944,Grocery_FMCG,Snacks,Snacks Model-465
PROD-06945,Garments,Kurti,Kurti Model-883
PROD-06946,Garments,T-Shirt,T-Shirt Model-727
PROD-06947,Garments,Jeans,Jeans Model-807
PROD-06948,Home_Living,Decor,Decor Model-566
PROD-06949,Garments,Panjabi,Panjabi Model-415
PROD-06950,Beauty_Health,Haircare,Haircare Model-901
PROD-06951,Books_Stationery,Story Book,Story Book Model-467
PROD-06952,Footwear,Sneaker,Sneaker Model-198
PROD-06953,Grocery_FMCG,Beverages,Beverages Model-760
PROD-06954,Grocery_FMCG,Cleaning Supplies,Cleaning Supplies Model-502
PROD-06955,Home_Living,Kitchenware,Kitchenware Model-537
PROD-06956,Home_Living,Bedding,Bedding Model-224
PROD-06957,Electronics,Smartphone,Smartphone Model-230
PROD-06958,Home_Living,Furniture,Furniture Model-890
PROD-06959,Grocery_FMCG,Cooking Oil,Cooking Oil Model-698
PROD-06960,Books_Stationery,Notebook,Notebook Model-542
PROD-06961,Electronics,Power Bank,Power Bank Model-307
PROD-06962,Footwear,Slipper,Slipper Model-458
PROD-06963,Grocery_FMCG,Cooking Oil,Cooking Oil Model-465
PROD-06964,Garments,Kids Wear,Kids Wear Model-655
PROD-06965,Footwear,Sneaker,Sneaker Model-556
PROD-06966,Home_Living,Bedding,Bedding Model-512
PROD-06967,Garments,Kurti,Kurti Model-542
PROD-06968,Footwear,Sandal,Sandal Model-254
PROD-06969,Garments,Panjabi,Panjabi Model-504
PROD-06970,Grocery_FMCG,Snacks,Snacks Model-481
PROD-06971,Books_Stationery,Office Supplies,Office Supplies Model-213
PROD-06972,Beauty_Health,Haircare,Haircare Model-123
PROD-06973,Electronics,Smart Watch,Smart Watch Model-839
PROD-06974,Books_Stationery,Notebook,Notebook Model-395
PROD-06975,Electronics,Smartphone,Smartphone Model-381
PROD-06976,Garments,Kids Wear,Kids Wear Model-275
PROD-06977,Beauty_Health,Supplements,Supplements Model-349
PROD-06978,Footwear,Slipper,Slipper Model-921
PROD-06979,Garments,Kurti,Kurti Model-561
PROD-06980,Home_Living,Bedding,Bedding Model-469
PROD-06981,Grocery_FMCG,Rice,Rice Model-401
PROD-06982,Home_Living,Decor,Decor Model-567
PROD-06983,Electronics,Power Bank,Power Bank Model-375
PROD-06984,Electronics,Laptop,Laptop Model-102
PROD-06985,Grocery_FMCG,Beverages,Beverages Model-528
PROD-06986,Beauty_Health,Skincare,Skincare Model-502
PROD-06987,Garments,T-Shirt,T-Shirt Model-470
PROD-06988,Books_Stationery,Office Supplies,Office Supplies Model-697
PROD-06989,Electronics,Feature Phone,Feature Phone Model-279
PROD-06990,Electronics,Feature Phone,Feature Phone Model-548
PROD-06991,Grocery_FMCG,Beverages,Beverages Model-654
PROD-06992,Home_Living,Kitchenware,Kitchenware Model-566
PROD-06993,Beauty_Health,Makeup,Makeup Model-551
PROD-06994,Footwear,Sneaker,Sneaker Model-991
PROD-06995,Books_Stationery,Office Supplies,Office Supplies Model-711
PROD-06996,Grocery_FMCG,Snacks,Snacks Model-963
PROD-06997,Footwear,Slipper,Slipper Model-668
PROD-06998,Garments,Kids Wear,Kids Wear Model-479
PROD-06999,Garments,Saree,Saree Model-446
PROD-07000,Beauty_Health,Skincare,Skincare Model-476
PROD-07001,Footwear,Formal Shoe,Formal Shoe Model-961
PROD-07002,Footwear,Formal Shoe,Formal Shoe Model-378
PROD-07003,Beauty_Health,Supplements,Supplements Model-160
PROD-07004,Beauty_Health,Makeup,Makeup Model-234
PROD-07005,Grocery_FMCG,Cleaning Supplies,Cleaning Supplies Model-385
PROD-07006,Grocery_FMCG,Cooking Oil,Cooking Oil Model-194
PROD-07007,Beauty_Health,Haircare,Haircare Model-335
PROD-07008,Garments,Kurti,Kurti Model-187
PROD-07009,Garments,Kurti,Kurti Model-156
PROD-07010,Home_Living,Decor,Decor Model-507
PROD-07011,Grocery_FMCG,Rice,Rice Model-427
PROD-07012,Grocery_FMCG,Snacks,Snacks Model-159
PROD-07013,Home_Living,Kitchenware,Kitchenware Model-801
PROD-07014,Electronics,Headphone,Headphone Model-507
PROD-07015,Grocery_FMCG,Snacks,Snacks Model-573
PROD-07016,Garments,Jeans,Jeans Model-740
PROD-07017,Electronics,Smart Watch,Smart Watch Model-152
PROD-07018,Books_Stationery,Notebook,Notebook Model-917
PROD-07019,Garments,Jeans,Jeans Model-240
PROD-07020,Grocery_FMCG,Cleaning Supplies,Cleaning Supplies Model-240
PROD-07021,Electronics,Home Appliance,Home Appliance Model-987
PROD-07022,Electronics,Smart Watch,Smart Watch Model-953
PROD-07023,Footwear,Formal Shoe,Formal Shoe Model-240
PROD-07024,Footwear,Slipper,Slipper Model-420
PROD-07025,Garments,Jeans,Jeans Model-544
PROD-07026,Garments,Jeans,Jeans Model-946
PROD-07027,Grocery_FMCG,Rice,Rice Model-528
PROD-07028,Electronics,Power Bank,Power Bank Model-936
PROD-07029,Grocery_FMCG,Snacks,Snacks Model-547
PROD-07030,Electronics,Smartphone,Smartphone Model-243
PROD-07031,Beauty_Health,Skincare,Skincare Model-744
PROD-07032,Garments,Panjabi,Panjabi Model-362
PROD-07033,Electronics,Laptop,Laptop Model-571
PROD-07034,Garments,Panjabi,Panjabi Model-447
PROD-07035,Grocery_FMCG,Cleaning Supplies,Cleaning Supplies Model-339
PROD-07036,Grocery_FMCG,Snacks,Snacks Model-293
PROD-07037,Grocery_FMCG,Rice,Rice Model-787
PROD-07038,Footwear,Slipper,Slipper Model-218
PROD-07039,Grocery_FMCG,Personal Care,Personal Care Model-302
PROD-07040,Home_Living,Bedding,Bedding Model-205
PROD-07041,Home_Living,Kitchenware,Kitchenware Model-555
PROD-07042,Beauty_Health,Supplements,Supplements Model-300
PROD-07043,Garments,Saree,Saree Model-582
PROD-07044,Home_Living,Bedding,Bedding Model-140
PROD-07045,Beauty_Health,Makeup,Makeup Model-661
PROD-07046,Electronics,Home Appliance,Home Appliance Model-525
PROD-07047,Garments,Kurti,Kurti Model-346
PROD-07048,Grocery_FMCG,Rice,Rice Model-217
PROD-07049,Grocery_FMCG,Cooking Oil,Cooking Oil Model-959
PROD-07050,Home_Living,Bedding,Bedding Model-372
PROD-07051,Beauty_Health,Haircare,Haircare Model-691
PROD-07052,Grocery_FMCG,Snacks,Snacks Model-825
PROD-07053,Electronics,Feature Phone,Feature Phone Model-516
PROD-07054,Garments,Panjabi,Panjabi Model-773
PROD-07055,Electronics,Laptop,Laptop Model-264
PROD-07056,Garments,Jeans,Jeans Model-950
PROD-07057,Garments,Panjabi,Panjabi Model-797
PROD-07058,Footwear,Slipper,Slipper Model-630
PROD-07059,Grocery_FMCG,Snacks,Snacks Model-927
PROD-07060,Garments,Saree,Saree Model-871
PROD-07061,Grocery_FMCG,Cleaning Supplies,Cleaning Supplies Model-208
PROD-07062,Electronics,Power Bank,Power Bank Model-913
PROD-07063,Garments,T-Shirt,T-Shirt Model-414
PROD-07064,Home_Living,Bedding,Bedding Model-280
PROD-07065,Garments,Kids Wear,Kids Wear Model-166
PROD-07066,Home_Living,Kitchenware,Kitchenware Model-754
PROD-07067,Grocery_FMCG,Cooking Oil,Cooking Oil Model-323
PROD-07068,Home_Living,Bedding,Bedding Model-138
PROD-07069,Electronics,Power Bank,Power Bank Model-912
PROD-07070,Books_Stationery,Art Supplies,Art Supplies Model-239
PROD-07071,Garments,Kids Wear,Kids Wear Model-399
PROD-07072,Books_Stationery,Office Supplies,Office Supplies Model-564
PROD-07073,Footwear,Sneaker,Sneaker Model-181
PROD-07074,Garments,Jeans,Jeans Model-161
PROD-07075,Grocery_FMCG,Snacks,Snacks Model-579
PROD-07076,Garments,Saree,Saree Model-555
PROD-07077,Home_Living,Decor,Decor Model-978
PROD-07078,Garments,Panjabi,Panjabi Model-416
PROD-07079,Footwear,Sandal,Sandal Model-470
PROD-07080,Grocery_FMCG,Snacks,Snacks Model-936
PROD-07081,Beauty_Health,Supplements,Supplements Model-566
PROD-07082,Garments,T-Shirt,T-Shirt Model-671
PROD-07083,Books_Stationery,Art Supplies,Art Supplies Model-440
PROD-07084,Home_Living,Kitchenware,Kitchenware Model-737
PROD-07085,Home_Living,Furniture,Furniture Model-564
PROD-07086,Books_Stationery,Office Supplies,Office Supplies Model-947
PROD-07087,Garments,Panjabi,Panjabi Model-971
PROD-07088,Electronics,Home Appliance,Home Appliance Model-948
PROD-07089,Footwear,Slipper,Slipper Model-774
PROD-07090,Garments,T-Shirt,T-Shirt Model-903
PROD-07091,Beauty_Health,Makeup,Makeup Model-186
PROD-07092,Books_Stationery,Art Supplies,Art Supplies Model-704
PROD-07093,Home_Living,Kitchenware,Kitchenware Model-736
PROD-07094,Electronics,Smartphone,Smartphone Model-457
PROD-07095,Grocery_FMCG,Rice,Rice Model-255
PROD-07096,Beauty_Health,Makeup,Makeup Model-922
PROD-07097,Home_Living,Decor,Decor Model-866
PROD-07098,Garments,Kurti,Kurti Model-820
PROD-07099,Electronics,Headphone,Headphone Model-147
PROD-07100,Garments,Kids Wear,Kids Wear Model-963
PROD-07101,Grocery_FMCG,Personal Care,Personal Care Model-858
PROD-07102,Home_Living,Decor,Decor Model-217
PROD-07103,Books_Stationery,Story Book,Story Book Model-891
PROD-07104,Books_Stationery,Office Supplies,Office Supplies Model-874
PROD-07105,Electronics,Smart Watch,Smart Watch Model-749
PROD-07106,Grocery_FMCG,Snacks,Snacks Model-807
PROD-07107,Garments,Kids Wear,Kids Wear Model-344
PROD-07108,Garments,T-Shirt,T-Shirt Model-626
PROD-07109,Grocery_FMCG,Beverages,Beverages Model-680
PROD-07110,Garments,Panjabi,Panjabi Model-203
PROD-07111,Beauty_Health,Makeup,Makeup Model-979
PROD-07112,Grocery_FMCG,Cooking Oil,Cooking Oil Model-345
PROD-07113,Garments,Panjabi,Panjabi Model-849
PROD-07114,Electronics,Headphone,Headphone Model-165
PROD-07115,Electronics,Laptop,Laptop Model-256
PROD-07116,Grocery_FMCG,Cooking Oil,Cooking Oil Model-545
PROD-07117,Grocery_FMCG,Rice,Rice Model-412
PROD-07118,Garments,Kurti,Kurti Model-437
PROD-07119,Grocery_FMCG,Beverages,Beverages Model-518
PROD-07120,Beauty_Health,Skincare,Skincare Model-494
PROD-07121,Grocery_FMCG,Cleaning Supplies,Cleaning Supplies Model-780
PROD-07122,Garments,Jeans,Jeans Model-607
PROD-07123,Garments,Saree,Saree Model-581
PROD-07124,Garments,Jeans,Jeans Model-125
PROD-07125,Footwear,Slipper,Slipper Model-830
PROD-07126,Electronics,Power Bank,Power Bank Model-671
PROD-07127,Home_Living,Bedding,Bedding Model-878
PROD-07128,Grocery_FMCG,Personal Care,Personal Care Model-701
PROD-07129,Grocery_FMCG,Personal Care,Personal Care Model-325
PROD-07130,Electronics,Power Bank,Power Bank Model-774
PROD-07131,Grocery_FMCG,Cleaning Supplies,Cleaning Supplies Model-947
PROD-07132,Footwear,Sneaker,Sneaker Model-990
PROD-07133,Books_Stationery,Art Supplies,Art Supplies Model-142
PROD-07134,Home_Living,Furniture,Furniture Model-769
PROD-07135,Electronics,Laptop,Laptop Model-469
PROD-07136,Home_Living,Kitchenware,Kitchenware Model-701
PROD-07137,Grocery_FMCG,Beverages,Beverages Model-587
PROD-07138,Garments,T-Shirt,T-Shirt Model-608
PROD-07139,Garments,Panjabi,Panjabi Model-876
PROD-07140,Garments,Kurti,Kurti Model-134
PROD-07141,Garments,Kids Wear,Kids Wear Model-100
PROD-07142,Footwear,Formal Shoe,Formal Shoe Model-394
PROD-07143,Garments,Kurti,Kurti Model-992
PROD-07144,Home_Living,Furniture,Furniture Model-521
PROD-07145,Home_Living,Kitchenware,Kitchenware Model-523
PROD-07146,Grocery_FMCG,Personal Care,Personal Care Model-212
PROD-07147,Grocery_FMCG,Cooking Oil,Cooking Oil Model-987
PROD-07148,Garments,Kids Wear,Kids Wear Model-549
PROD-07149,Home_Living,Furniture,Furniture Model-822
PROD-07150,Home_Living,Decor,Decor Model-725
PROD-07151,Grocery_FMCG,Beverages,Beverages Model-374
PROD-07152,Footwear,Sneaker,Sneaker Model-829
PROD-07153,Electronics,Home Appliance,Home Appliance Model-459
PROD-07154,Garments,T-Shirt,T-Shirt Model-202
PROD-07155,Books_Stationery,Art Supplies,Art Supplies Model-209
PROD-07156,Garments,Kids Wear,Kids Wear Model-416
PROD-07157,Garments,T-Shirt,T-Shirt Model-439
PROD-07158,Home_Living,Kitchenware,Kitchenware Model-194
PROD-07159,Grocery_FMCG,Personal Care,Personal Care Model-522
PROD-07160,Garments,Panjabi,Panjabi Model-840
PROD-07161,Footwear,Slipper,Slipper Model-901
PROD-07162,Garments,Kids Wear,Kids Wear Model-126
PROD-07163,Footwear,Slipper,Slipper Model-559
PROD-07164,Footwear,Slipper,Slipper Model-542
PROD-07165,Footwear,Formal Shoe,Formal Shoe Model-273
PROD-07166,Garments,Panjabi,Panjabi Model-488
PROD-07167,Garments,Kids Wear,Kids Wear Model-981
PROD-07168,Electronics,Home Appliance,Home Appliance Model-877
PROD-07169,Garments,Jeans,Jeans Model-995
PROD-07170,Garments,Jeans,Jeans Model-224
PROD-07171,Electronics,Feature Phone,Feature Phone Model-703
PROD-07172,Beauty_Health,Skincare,Skincare Model-140
PROD-07173,Garments,Kids Wear,Kids Wear Model-193
PROD-07174,Grocery_FMCG,Snacks,Snacks Model-491
PROD-07175,Electronics,Headphone,Headphone Model-469
PROD-07176,Books_Stationery,Notebook,Notebook Model-106
PROD-07177,Electronics,Headphone,Headphone Model-820
PROD-07178,Grocery_FMCG,Rice,Rice Model-216
PROD-07179,Footwear,Sandal,Sandal Model-401
PROD-07180,Electronics,Feature Phone,Feature Phone Model-742
PROD-07181,Grocery_FMCG,Personal Care,Personal Care Model-105
PROD-07182,Garments,Saree,Saree Model-309
PROD-07183,Electronics,Feature Phone,Feature Phone Model-524
PROD-07184,Footwear,Sandal,Sandal Model-940
PROD-07185,Garments,Panjabi,Panjabi Model-741
PROD-07186,Grocery_FMCG,Rice,Rice Model-818
PROD-07187,Electronics,Home Appliance,Home Appliance Model-783
PROD-07188,Books_Stationery,Story Book,Story Book Model-391
PROD-07189,Garments,Kurti,Kurti Model-770
PROD-07190,Footwear,Formal Shoe,Formal Shoe Model-610
PROD-07191,Grocery_FMCG,Snacks,Snacks Model-627
PROD-07192,Electronics,Smartphone,Smartphone Model-753
PROD-07193,Grocery_FMCG,Cooking Oil,Cooking Oil Model-689
PROD-07194,Electronics,Power Bank,Power Bank Model-812
PROD-07195,Home_Living,Furniture,Furniture Model-159
PROD-07196,Garments,Panjabi,Panjabi Model-157
PROD-07197,Electronics,Laptop,Laptop Model-462
PROD-07198,Garments,Panjabi,Panjabi Model-431
PROD-07199,Garments,Kids Wear,Kids Wear Model-430
PROD-07200,Grocery_FMCG,Cooking Oil,Cooking Oil Model-246
PROD-07201,Home_Living,Furniture,Furniture Model-576
PROD-07202,Garments,T-Shirt,T-Shirt Model-941
PROD-07203,Footwear,Slipper,Slipper Model-865
PROD-07204,Beauty_Health,Skincare,Skincare Model-970
PROD-07205,Beauty_Health,Haircare,Haircare Model-802
PROD-07206,Electronics,Power Bank,Power Bank Model-516
PROD-07207,Beauty_Health,Supplements,Supplements Model-853
PROD-07208,Garments,T-Shirt,T-Shirt Model-966
PROD-07209,Electronics,Headphone,Headphone Model-931
PROD-07210,Electronics,Laptop,Laptop Model-449
PROD-07211,Books_Stationery,Office Supplies,Office Supplies Model-337
PROD-07212,Garments,Saree,Saree Model-604
PROD-07213,Electronics,Power Bank,Power Bank Model-873
PROD-07214,Garments,Kurti,Kurti Model-148
PROD-07215,Footwear,Slipper,Slipper Model-500
PROD-07216,Electronics,Laptop,Laptop Model-427
PROD-07217,Electronics,Laptop,Laptop Model-297
PROD-07218,Books_Stationery,Story Book,Story Book Model-107
PROD-07219,Garments,Saree,Saree Model-657
PROD-07220,Grocery_FMCG,Cooking Oil,Cooking Oil Model-134
PROD-07221,Home_Living,Kitchenware,Kitchenware Model-728
PROD-07222,Grocery_FMCG,Personal Care,Personal Care Model-958
PROD-07223,Grocery_FMCG,Personal Care,Personal Care Model-734
PROD-07224,Electronics,Power Bank,Power Bank Model-734
PROD-07225,Footwear,Sneaker,Sneaker Model-994
PROD-07226,Books_Stationery,Art Supplies,Art Supplies Model-660
PROD-07227,Home_Living,Kitchenware,Kitchenware Model-408
PROD-07228,Home_Living,Kitchenware,Kitchenware Model-866
PROD-07229,Beauty_Health,Haircare,Haircare Model-531
PROD-07230,Garments,Kurti,Kurti Model-393
PROD-07231,Beauty_Health,Skincare,Skincare Model-672
PROD-07232,Grocery_FMCG,Snacks,Snacks Model-220
PROD-07233,Footwear,Formal Shoe,Formal Shoe Model-587
PROD-07234,Garments,T-Shirt,T-Shirt Model-997
PROD-07235,Garments,T-Shirt,T-Shirt Model-629
PROD-07236,Grocery_FMCG,Cleaning Supplies,Cleaning Supplies Model-781
PROD-07237,Electronics,Smartphone,Smartphone Model-580
PROD-07238,Books_Stationery,Notebook,Notebook Model-789
PROD-07239,Electronics,Laptop,Laptop Model-346
PROD-07240,Beauty_Health,Supplements,Supplements Model-904
PROD-07241,Electronics,Power Bank,Power Bank Model-832
PROD-07242,Grocery_FMCG,Beverages,Beverages Model-655
PROD-07243,Electronics,Home Appliance,Home Appliance Model-656
PROD-07244,Electronics,Power Bank,Power Bank Model-927
PROD-07245,Garments,Saree,Saree Model-550
PROD-07246,Beauty_Health,Skincare,Skincare Model-938
PROD-07247,Garments,T-Shirt,T-Shirt Model-384
PROD-07248,Home_Living,Furniture,Furniture Model-138
PROD-07249,Home_Living,Kitchenware,Kitchenware Model-462
PROD-07250,Grocery_FMCG,Cooking Oil,Cooking Oil Model-269
PROD-07251,Grocery_FMCG,Rice,Rice Model-588
PROD-07252,Electronics,Headphone,Headphone Model-834
PROD-07253,Garments,Saree,Saree Model-884
PROD-07254,Books_Stationery,Art Supplies,Art Supplies Model-136
PROD-07255,Grocery_FMCG,Personal Care,Personal Care Model-419
PROD-07256,Home_Living,Kitchenware,Kitchenware Model-357
PROD-07257,Garments,Kids Wear,Kids Wear Model-330
PROD-07258,Footwear,Slipper,Slipper Model-346
PROD-07259,Grocery_FMCG,Rice,Rice Model-760
PROD-07260,Garments,Saree,Saree Model-283
PROD-07261,Garments,Kids Wear,Kids Wear Model-335
PROD-07262,Electronics,Power Bank,Power Bank Model-342
PROD-07263,Electronics,Smart Watch,Smart Watch Model-360
PROD-07264,Home_Living,Decor,Decor Model-614
PROD-07265,Electronics,Laptop,Laptop Model-258
PROD-07266,Footwear,Slipper,Slipper Model-664
PROD-07267,Electronics,Laptop,Laptop Model-199
PROD-07268,Electronics,Headphone,Headphone Model-954
PROD-07269,Garments,Panjabi,Panjabi Model-640
PROD-07270,Electronics,Smart Watch,Smart Watch Model-674
PROD-07271,Grocery_FMCG,Snacks,Snacks Model-442
PROD-07272,Electronics,Power Bank,Power Bank Model-703
PROD-07273,Books_Stationery,Office Supplies,Office Supplies Model-151
PROD-07274,Grocery_FMCG,Rice,Rice Model-430
PROD-07275,Beauty_Health,Skincare,Skincare Model-909
PROD-07276,Home_Living,Kitchenware,Kitchenware Model-231
PROD-07277,Home_Living,Furniture,Furniture Model-567
PROD-07278,Home_Living,Kitchenware,Kitchenware Model-599
PROD-07279,Electronics,Headphone,Headphone Model-248
PROD-07280,Footwear,Sneaker,Sneaker Model-600
PROD-07281,Garments,T-Shirt,T-Shirt Model-197
PROD-07282,Footwear,Sneaker,Sneaker Model-429
PROD-07283,Electronics,Smart Watch,Smart Watch Model-192
PROD-07284,Electronics,Laptop,Laptop Model-877
PROD-07285,Garments,Kurti,Kurti Model-315
PROD-07286,Electronics,Power Bank,Power Bank Model-570
PROD-07287,Home_Living,Decor,Decor Model-445
PROD-07288,Garments,Jeans,Jeans Model-903
PROD-07289,Beauty_Health,Haircare,Haircare Model-698
PROD-07290,Beauty_Health,Skincare,Skincare Model-738
PROD-07291,Electronics,Headphone,Headphone Model-406
PROD-07292,Footwear,Slipper,Slipper Model-207
PROD-07293,Footwear,Sandal,Sandal Model-696
PROD-07294,Electronics,Feature Phone,Feature Phone Model-257
PROD-07295,Garments,Jeans,Jeans Model-642
PROD-07296,Grocery_FMCG,Cleaning Supplies,Cleaning Supplies Model-464
PROD-07297,Garments,Kids Wear,Kids Wear Model-452
PROD-07298,Home_Living,Kitchenware,Kitchenware Model-619
PROD-07299,Electronics,Laptop,Laptop Model-828
PROD-07300,Electronics,Smartphone,Smartphone Model-560
PROD-07301,Garments,Kids Wear,Kids Wear Model-786
PROD-07302,Footwear,Formal Shoe,Formal Shoe Model-785
PROD-07303,Footwear,Formal Shoe,Formal Shoe Model-313
PROD-07304,Home_Living,Decor,Decor Model-141
PROD-07305,Footwear,Formal Shoe,Formal Shoe Model-253
PROD-07306,Grocery_FMCG,Beverages,Beverages Model-986
PROD-07307,Grocery_FMCG,Snacks,Snacks Model-858
PROD-07308,Home_Living,Bedding,Bedding Model-385
PROD-07309,Home_Living,Kitchenware,Kitchenware Model-464
PROD-07310,Beauty_Health,Skincare,Skincare Model-801
PROD-07311,Footwear,Sneaker,Sneaker Model-881
PROD-07312,Grocery_FMCG,Rice,Rice Model-414
PROD-07313,Garments,Panjabi,Panjabi Model-653
PROD-07314,Garments,T-Shirt,T-Shirt Model-480
PROD-07315,Grocery_FMCG,Rice,Rice Model-118
PROD-07316,Footwear,Sandal,Sandal Model-559
PROD-07317,Grocery_FMCG,Cleaning Supplies,Cleaning Supplies Model-181
PROD-07318,Garments,Kids Wear,Kids Wear Model-566
PROD-07319,Electronics,Headphone,Headphone Model-847
PROD-07320,Footwear,Sandal,Sandal Model-704
PROD-07321,Garments,Kurti,Kurti Model-681
PROD-07322,Home_Living,Decor,Decor Model-888
PROD-07323,Garments,Kids Wear,Kids Wear Model-749
PROD-07324,Grocery_FMCG,Rice,Rice Model-943
PROD-07325,Home_Living,Bedding,Bedding Model-199
PROD-07326,Electronics,Laptop,Laptop Model-351
PROD-07327,Electronics,Headphone,Headphone Model-313
PROD-07328,Grocery_FMCG,Beverages,Beverages Model-579
PROD-07329,Garments,T-Shirt,T-Shirt Model-530
PROD-07330,Home_Living,Furniture,Furniture Model-527
PROD-07331,Electronics,Power Bank,Power Bank Model-164
PROD-07332,Garments,Jeans,Jeans Model-407
PROD-07333,Electronics,Headphone,Headphone Model-903
PROD-07334,Grocery_FMCG,Cooking Oil,Cooking Oil Model-589
PROD-07335,Garments,Kids Wear,Kids Wear Model-431
PROD-07336,Grocery_FMCG,Rice,Rice Model-874
PROD-07337,Garments,Jeans,Jeans Model-482
PROD-07338,Electronics,Headphone,Headphone Model-822
PROD-07339,Grocery_FMCG,Cleaning Supplies,Cleaning Supplies Model-930
PROD-07340,Books_Stationery,Notebook,Notebook Model-304
PROD-07341,Home_Living,Kitchenware,Kitchenware Model-811
PROD-07342,Electronics,Feature Phone,Feature Phone Model-258
PROD-07343,Electronics,Headphone,Headphone Model-877
PROD-07344,Electronics,Smartphone,Smartphone Model-914
PROD-07345,Books_Stationery,Notebook,Notebook Model-108
PROD-07346,Home_Living,Decor,Decor Model-817
PROD-07347,Electronics,Feature Phone,Feature Phone Model-609
PROD-07348,Electronics,Home Appliance,Home Appliance Model-288
PROD-07349,Home_Living,Furniture,Furniture Model-408
PROD-07350,Beauty_Health,Skincare,Skincare Model-829
PROD-07351,Grocery_FMCG,Rice,Rice Model-477
PROD-07352,Home_Living,Kitchenware,Kitchenware Model-146
PROD-07353,Electronics,Smart Watch,Smart Watch Model-675
PROD-07354,Books_Stationery,Notebook,Notebook Model-516
PROD-07355,Grocery_FMCG,Cooking Oil,Cooking Oil Model-435
PROD-07356,Grocery_FMCG,Snacks,Snacks Model-713
PROD-07357,Footwear,Sneaker,Sneaker Model-757
PROD-07358,Home_Living,Decor,Decor Model-111
PROD-07359,Beauty_Health,Supplements,Supplements Model-381
PROD-07360,Electronics,Smart Watch,Smart Watch Model-655
PROD-07361,Grocery_FMCG,Cleaning Supplies,Cleaning Supplies Model-914
PROD-07362,Beauty_Health,Makeup,Makeup Model-825
PROD-07363,Beauty_Health,Supplements,Supplements Model-438
PROD-07364,Electronics,Smartphone,Smartphone Model-350
PROD-07365,Garments,Kids Wear,Kids Wear Model-433
PROD-07366,Electronics,Home Appliance,Home Appliance Model-601
PROD-07367,Garments,Kurti,Kurti Model-257
PROD-07368,Beauty_Health,Haircare,Haircare Model-777
PROD-07369,Books_Stationery,Art Supplies,Art Supplies Model-818
PROD-07370,Beauty_Health,Haircare,Haircare Model-190
PROD-07371,Electronics,Home Appliance,Home Appliance Model-576
PROD-07372,Garments,T-Shirt,T-Shirt Model-615
PROD-07373,Garments,Jeans,Jeans Model-390
PROD-07374,Garments,Kids Wear,Kids Wear Model-586
PROD-07375,Grocery_FMCG,Cooking Oil,Cooking Oil Model-869
PROD-07376,Garments,Panjabi,Panjabi Model-908
PROD-07377,Garments,Kurti,Kurti Model-306
PROD-07378,Books_Stationery,Art Supplies,Art Supplies Model-589
PROD-07379,Footwear,Formal Shoe,Formal Shoe Model-609
PROD-07380,Garments,T-Shirt,T-Shirt Model-891
PROD-07381,Home_Living,Furniture,Furniture Model-433
PROD-07382,Garments,Saree,Saree Model-167
PROD-07383,Garments,Panjabi,Panjabi Model-393
PROD-07384,Books_Stationery,Story Book,Story Book Model-469
PROD-07385,Footwear,Sneaker,Sneaker Model-330
PROD-07386,Garments,Kids Wear,Kids Wear Model-941
PROD-07387,Footwear,Sandal,Sandal Model-264
PROD-07388,Home_Living,Decor,Decor Model-456
PROD-07389,Beauty_Health,Supplements,Supplements Model-926
PROD-07390,Garments,Kurti,Kurti Model-888
PROD-07391,Grocery_FMCG,Cleaning Supplies,Cleaning Supplies Model-377
PROD-07392,Grocery_FMCG,Rice,Rice Model-348
PROD-07393,Electronics,Laptop,Laptop Model-810
PROD-07394,Footwear,Sandal,Sandal Model-371
PROD-07395,Electronics,Power Bank,Power Bank Model-797
PROD-07396,Electronics,Headphone,Headphone Model-949
PROD-07397,Electronics,Power Bank,Power Bank Model-707
PROD-07398,Garments,Jeans,Jeans Model-362
PROD-07399,Footwear,Sneaker,Sneaker Model-387
PROD-07400,Grocery_FMCG,Snacks,Snacks Model-699
PROD-07401,Grocery_FMCG,Rice,Rice Model-543
PROD-07402,Grocery_FMCG,Rice,Rice Model-776
PROD-07403,Garments,Panjabi,Panjabi Model-986
PROD-07404,Home_Living,Decor,Decor Model-625
PROD-07405,Garments,T-Shirt,T-Shirt Model-980
PROD-07406,Garments,Kids Wear,Kids Wear Model-939
PROD-07407,Footwear,Sandal,Sandal Model-548
PROD-07408,Electronics,Home Appliance,Home Appliance Model-401
PROD-07409,Footwear,Sandal,Sandal Model-468
PROD-07410,Electronics,Home Appliance,Home Appliance Model-102
PROD-07411,Grocery_FMCG,Rice,Rice Model-876
PROD-07412,Home_Living,Bedding,Bedding Model-463
PROD-07413,Electronics,Home Appliance,Home Appliance Model-156
PROD-07414,Garments,Jeans,Jeans Model-506
PROD-07415,Garments,Kurti,Kurti Model-231
PROD-07416,Home_Living,Furniture,Furniture Model-237
PROD-07417,Books_Stationery,Notebook,Notebook Model-795
PROD-07418,Beauty_Health,Makeup,Makeup Model-996
PROD-07419,Footwear,Sandal,Sandal Model-100
PROD-07420,Garments,Kurti,Kurti Model-854
PROD-07421,Footwear,Sneaker,Sneaker Model-316
PROD-07422,Home_Living,Furniture,Furniture Model-886
PROD-07423,Electronics,Power Bank,Power Bank Model-778
PROD-07424,Grocery_FMCG,Rice,Rice Model-882
PROD-07425,Garments,Panjabi,Panjabi Model-659
PROD-07426,Beauty_Health,Skincare,Skincare Model-496
PROD-07427,Garments,Panjabi,Panjabi Model-556
PROD-07428,Electronics,Laptop,Laptop Model-717
PROD-07429,Books_Stationery,Office Supplies,Office Supplies Model-323
PROD-07430,Electronics,Feature Phone,Feature Phone Model-896
PROD-07431,Electronics,Feature Phone,Feature Phone Model-514
PROD-07432,Grocery_FMCG,Snacks,Snacks Model-455
PROD-07433,Electronics,Smart Watch,Smart Watch Model-928
PROD-07434,Electronics,Smartphone,Smartphone Model-460
PROD-07435,Garments,Kids Wear,Kids Wear Model-670
PROD-07436,Garments,Kids Wear,Kids Wear Model-309
PROD-07437,Footwear,Formal Shoe,Formal Shoe Model-548
PROD-07438,Garments,Panjabi,Panjabi Model-417
PROD-07439,Beauty_Health,Makeup,Makeup Model-654
PROD-07440,Beauty_Health,Skincare,Skincare Model-601
PROD-07441,Grocery_FMCG,Beverages,Beverages Model-268
PROD-07442,Footwear,Formal Shoe,Formal Shoe Model-965
PROD-07443,Garments,Kurti,Kurti Model-260
PROD-07444,Garments,Jeans,Jeans Model-228
PROD-07445,Electronics,Feature Phone,Feature Phone Model-520
PROD-07446,Grocery_FMCG,Rice,Rice Model-672
PROD-07447,Electronics,Power Bank,Power Bank Model-152
PROD-07448,Grocery_FMCG,Snacks,Snacks Model-120
PROD-07449,Home_Living,Kitchenware,Kitchenware Model-101
PROD-07450,Electronics,Power Bank,Power Bank Model-426
PROD-07451,Beauty_Health,Skincare,Skincare Model-925
PROD-07452,Garments,T-Shirt,T-Shirt Model-508
PROD-07453,Garments,Kurti,Kurti Model-744
PROD-07454,Electronics,Laptop,Laptop Model-743
PROD-07455,Garments,Jeans,Jeans Model-155
PROD-07456,Electronics,Home Appliance,Home Appliance Model-336
PROD-07457,Electronics,Feature Phone,Feature Phone Model-891
PROD-07458,Footwear,Sneaker,Sneaker Model-629
PROD-07459,Grocery_FMCG,Cleaning Supplies,Cleaning Supplies Model-393
PROD-07460,Footwear,Sandal,Sandal Model-437
PROD-07461,Garments,Panjabi,Panjabi Model-107
PROD-07462,Home_Living,Decor,Decor Model-368
PROD-07463,Garments,Kids Wear,Kids Wear Model-299
PROD-07464,Books_Stationery,Story Book,Story Book Model-899
PROD-07465,Garments,Saree,Saree Model-108
PROD-07466,Garments,Jeans,Jeans Model-918
PROD-07467,Beauty_Health,Skincare,Skincare Model-573
PROD-07468,Garments,Kurti,Kurti Model-968
PROD-07469,Grocery_FMCG,Cleaning Supplies,Cleaning Supplies Model-718
PROD-07470,Footwear,Slipper,Slipper Model-408
PROD-07471,Electronics,Power Bank,Power Bank Model-763
PROD-07472,Garments,T-Shirt,T-Shirt Model-875
PROD-07473,Footwear,Sneaker,Sneaker Model-150
PROD-07474,Electronics,Laptop,Laptop Model-560
PROD-07475,Garments,Panjabi,Panjabi Model-792
PROD-07476,Garments,Saree,Saree Model-181
PROD-07477,Electronics,Power Bank,Power Bank Model-557
PROD-07478,Home_Living,Furniture,Furniture Model-600
PROD-07479,Books_Stationery,Notebook,Notebook Model-627
PROD-07480,Electronics,Power Bank,Power Bank Model-893
PROD-07481,Electronics,Smart Watch,Smart Watch Model-274
PROD-07482,Garments,Jeans,Jeans Model-674
PROD-07483,Garments,Kids Wear,Kids Wear Model-604
PROD-07484,Electronics,Headphone,Headphone Model-496
PROD-07485,Home_Living,Bedding,Bedding Model-309
PROD-07486,Electronics,Feature Phone,Feature Phone Model-670
PROD-07487,Electronics,Home Appliance,Home Appliance Model-319
PROD-07488,Electronics,Smart Watch,Smart Watch Model-115
PROD-07489,Footwear,Sneaker,Sneaker Model-515
PROD-07490,Electronics,Smart Watch,Smart Watch Model-425
PROD-07491,Garments,Kids Wear,Kids Wear Model-395
PROD-07492,Grocery_FMCG,Beverages,Beverages Model-569
PROD-07493,Garments,Saree,Saree Model-892
PROD-07494,Garments,Kids Wear,Kids Wear Model-647
PROD-07495,Garments,Panjabi,Panjabi Model-396
PROD-07496,Beauty_Health,Makeup,Makeup Model-200
PROD-07497,Footwear,Sneaker,Sneaker Model-767
PROD-07498,Beauty_Health,Supplements,Supplements Model-890
PROD-07499,Electronics,Home Appliance,Home Appliance Model-137
PROD-07500,Grocery_FMCG,Rice,Rice Model-407
PROD-07501,Footwear,Sneaker,Sneaker Model-497
PROD-07502,Garments,Saree,Saree Model-373
PROD-07503,Home_Living,Bedding,Bedding Model-180
PROD-07504,Books_Stationery,Story Book,Story Book Model-203
PROD-07505,Garments,T-Shirt,T-Shirt Model-850
PROD-07506,Grocery_FMCG,Cooking Oil,Cooking Oil Model-204
PROD-07507,Garments,Kurti,Kurti Model-356
PROD-07508,Books_Stationery,Story Book,Story Book Model-837
PROD-07509,Garments,Kurti,Kurti Model-686
PROD-07510,Home_Living,Decor,Decor Model-878
PROD-07511,Home_Living,Furniture,Furniture Model-557
PROD-07512,Home_Living,Furniture,Furniture Model-673
PROD-07513,Beauty_Health,Skincare,Skincare Model-931
PROD-07514,Beauty_Health,Skincare,Skincare Model-489
PROD-07515,Grocery_FMCG,Beverages,Beverages Model-996
PROD-07516,Electronics,Headphone,Headphone Model-863
PROD-07517,Beauty_Health,Haircare,Haircare Model-958
PROD-07518,Home_Living,Kitchenware,Kitchenware Model-226
PROD-07519,Garments,Kids Wear,Kids Wear Model-630
PROD-07520,Beauty_Health,Makeup,Makeup Model-936
PROD-07521,Grocery_FMCG,Beverages,Beverages Model-358
PROD-07522,Electronics,Home Appliance,Home Appliance Model-239
PROD-07523,Grocery_FMCG,Cooking Oil,Cooking Oil Model-763
PROD-07524,Garments,Kurti,Kurti Model-948
PROD-07525,Garments,Kids Wear,Kids Wear Model-650
PROD-07526,Garments,T-Shirt,T-Shirt Model-210
PROD-07527,Footwear,Sandal,Sandal Model-283
PROD-07528,Garments,Kids Wear,Kids Wear Model-255
PROD-07529,Beauty_Health,Haircare,Haircare Model-971
PROD-07530,Electronics,Feature Phone,Feature Phone Model-793
PROD-07531,Footwear,Sandal,Sandal Model-426
PROD-07532,Grocery_FMCG,Snacks,Snacks Model-377
PROD-07533,Beauty_Health,Haircare,Haircare Model-912
PROD-07534,Footwear,Sneaker,Sneaker Model-436
PROD-07535,Home_Living,Bedding,Bedding Model-393
PROD-07536,Home_Living,Bedding,Bedding Model-248
PROD-07537,Garments,Jeans,Jeans Model-723
PROD-07538,Home_Living,Bedding,Bedding Model-656
PROD-07539,Electronics,Home Appliance,Home Appliance Model-263
PROD-07540,Garments,T-Shirt,T-Shirt Model-691
PROD-07541,Electronics,Feature Phone,Feature Phone Model-601
PROD-07542,Electronics,Smart Watch,Smart Watch Model-238
PROD-07543,Garments,Saree,Saree Model-969
PROD-07544,Beauty_Health,Haircare,Haircare Model-986
PROD-07545,Footwear,Sandal,Sandal Model-166
PROD-07546,Home_Living,Bedding,Bedding Model-973
PROD-07547,Electronics,Feature Phone,Feature Phone Model-523
PROD-07548,Grocery_FMCG,Cleaning Supplies,Cleaning Supplies Model-579
PROD-07549,Electronics,Home Appliance,Home Appliance Model-939
PROD-07550,Home_Living,Furniture,Furniture Model-351
PROD-07551,Grocery_FMCG,Personal Care,Personal Care Model-286
PROD-07552,Garments,Kurti,Kurti Model-247
PROD-07553,Electronics,Headphone,Headphone Model-368
PROD-07554,Books_Stationery,Art Supplies,Art Supplies Model-546
PROD-07555,Electronics,Headphone,Headphone Model-668
PROD-07556,Electronics,Headphone,Headphone Model-217
PROD-07557,Garments,Panjabi,Panjabi Model-275
PROD-07558,Garments,T-Shirt,T-Shirt Model-935
PROD-07559,Garments,Panjabi,Panjabi Model-563
PROD-07560,Beauty_Health,Haircare,Haircare Model-244
PROD-07561,Garments,Kids Wear,Kids Wear Model-223
PROD-07562,Grocery_FMCG,Beverages,Beverages Model-770
PROD-07563,Footwear,Sandal,Sandal Model-952
PROD-07564,Books_Stationery,Notebook,Notebook Model-929
PROD-07565,Home_Living,Kitchenware,Kitchenware Model-753
PROD-07566,Electronics,Feature Phone,Feature Phone Model-182
PROD-07567,Grocery_FMCG,Snacks,Snacks Model-397
PROD-07568,Beauty_Health,Makeup,Makeup Model-707
PROD-07569,Books_Stationery,Story Book,Story Book Model-766
PROD-07570,Beauty_Health,Makeup,Makeup Model-815
PROD-07571,Footwear,Formal Shoe,Formal Shoe Model-583
PROD-07572,Electronics,Feature Phone,Feature Phone Model-887
PROD-07573,Home_Living,Kitchenware,Kitchenware Model-899
PROD-07574,Garments,Saree,Saree Model-779
PROD-07575,Home_Living,Kitchenware,Kitchenware Model-477
PROD-07576,Footwear,Sneaker,Sneaker Model-307
PROD-07577,Grocery_FMCG,Cleaning Supplies,Cleaning Supplies Model-707
PROD-07578,Beauty_Health,Makeup,Makeup Model-496
PROD-07579,Garments,Jeans,Jeans Model-971
PROD-07580,Garments,Kids Wear,Kids Wear Model-144
PROD-07581,Electronics,Feature Phone,Feature Phone Model-663
PROD-07582,Beauty_Health,Skincare,Skincare Model-105
PROD-07583,Home_Living,Kitchenware,Kitchenware Model-817
PROD-07584,Footwear,Sneaker,Sneaker Model-946
PROD-07585,Grocery_FMCG,Cooking Oil,Cooking Oil Model-940
PROD-07586,Electronics,Smartphone,Smartphone Model-347
PROD-07587,Books_Stationery,Art Supplies,Art Supplies Model-250
PROD-07588,Home_Living,Decor,Decor Model-335
PROD-07589,Electronics,Headphone,Headphone Model-677
PROD-07590,Books_Stationery,Notebook,Notebook Model-770
PROD-07591,Garments,T-Shirt,T-Shirt Model-465
PROD-07592,Grocery_FMCG,Rice,Rice Model-334
PROD-07593,Garments,Saree,Saree Model-593
PROD-07594,Garments,Panjabi,Panjabi Model-886
PROD-07595,Garments,T-Shirt,T-Shirt Model-825
PROD-07596,Grocery_FMCG,Rice,Rice Model-592
PROD-07597,Footwear,Sneaker,Sneaker Model-714
PROD-07598,Footwear,Slipper,Slipper Model-417
PROD-07599,Beauty_Health,Skincare,Skincare Model-457
PROD-07600,Home_Living,Decor,Decor Model-439
PROD-07601,Electronics,Power Bank,Power Bank Model-906
PROD-07602,Grocery_FMCG,Snacks,Snacks Model-124
PROD-07603,Grocery_FMCG,Cleaning Supplies,Cleaning Supplies Model-796
PROD-07604,Grocery_FMCG,Personal Care,Personal Care Model-488
PROD-07605,Grocery_FMCG,Personal Care,Personal Care Model-694
PROD-07606,Garments,Saree,Saree Model-974
PROD-07607,Garments,Saree,Saree Model-886
PROD-07608,Beauty_Health,Haircare,Haircare Model-992
PROD-07609,Grocery_FMCG,Snacks,Snacks Model-361
PROD-07610,Garments,Kurti,Kurti Model-425
PROD-07611,Beauty_Health,Makeup,Makeup Model-793
PROD-07612,Garments,Kids Wear,Kids Wear Model-138
PROD-07613,Grocery_FMCG,Rice,Rice Model-575
PROD-07614,Home_Living,Bedding,Bedding Model-554
PROD-07615,Grocery_FMCG,Personal Care,Personal Care Model-234
PROD-07616,Books_Stationery,Office Supplies,Office Supplies Model-732
PROD-07617,Footwear,Sneaker,Sneaker Model-337
PROD-07618,Electronics,Feature Phone,Feature Phone Model-123
PROD-07619,Grocery_FMCG,Beverages,Beverages Model-143
PROD-07620,Books_Stationery,Story Book,Story Book Model-371
PROD-07621,Garments,Kurti,Kurti Model-470
PROD-07622,Electronics,Smart Watch,Smart Watch Model-722
PROD-07623,Grocery_FMCG,Rice,Rice Model-417
PROD-07624,Footwear,Formal Shoe,Formal Shoe Model-314
PROD-07625,Books_Stationery,Notebook,Notebook Model-171
PROD-07626,Home_Living,Bedding,Bedding Model-787
PROD-07627,Garments,T-Shirt,T-Shirt Model-379
PROD-07628,Books_Stationery,Notebook,Notebook Model-815
PROD-07629,Electronics,Laptop,Laptop Model-235
PROD-07630,Grocery_FMCG,Rice,Rice Model-428
PROD-07631,Footwear,Sandal,Sandal Model-870
PROD-07632,Electronics,Headphone,Headphone Model-174
PROD-07633,Grocery_FMCG,Cooking Oil,Cooking Oil Model-473
PROD-07634,Garments,T-Shirt,T-Shirt Model-403
PROD-07635,Electronics,Smartphone,Smartphone Model-681
PROD-07636,Footwear,Formal Shoe,Formal Shoe Model-333
PROD-07637,Grocery_FMCG,Personal Care,Personal Care Model-774
PROD-07638,Footwear,Sneaker,Sneaker Model-766
PROD-07639,Garments,Jeans,Jeans Model-747
PROD-07640,Garments,Saree,Saree Model-339
PROD-07641,Home_Living,Bedding,Bedding Model-646
PROD-07642,Electronics,Headphone,Headphone Model-172
PROD-07643,Electronics,Feature Phone,Feature Phone Model-642
PROD-07644,Electronics,Home Appliance,Home Appliance Model-698
PROD-07645,Books_Stationery,Art Supplies,Art Supplies Model-263
PROD-07646,Beauty_Health,Makeup,Makeup Model-266
PROD-07647,Home_Living,Kitchenware,Kitchenware Model-481
PROD-07648,Footwear,Sandal,Sandal Model-582
PROD-07649,Beauty_Health,Supplements,Supplements Model-536
PROD-07650,Garments,Jeans,Jeans Model-485
PROD-07651,Electronics,Smartphone,Smartphone Model-517
PROD-07652,Garments,Kids Wear,Kids Wear Model-607
PROD-07653,Electronics,Laptop,Laptop Model-987
PROD-07654,Electronics,Power Bank,Power Bank Model-879
PROD-07655,Grocery_FMCG,Personal Care,Personal Care Model-896
PROD-07656,Garments,T-Shirt,T-Shirt Model-984
PROD-07657,Grocery_FMCG,Rice,Rice Model-313
PROD-07658,Garments,Saree,Saree Model-407
PROD-07659,Garments,T-Shirt,T-Shirt Model-373
PROD-07660,Beauty_Health,Skincare,Skincare Model-927
PROD-07661,Electronics,Home Appliance,Home Appliance Model-906
PROD-07662,Beauty_Health,Haircare,Haircare Model-789
PROD-07663,Garments,Kids Wear,Kids Wear Model-456
PROD-07664,Beauty_Health,Supplements,Supplements Model-535
PROD-07665,Home_Living,Decor,Decor Model-794
PROD-07666,Electronics,Home Appliance,Home Appliance Model-428
PROD-07667,Electronics,Smart Watch,Smart Watch Model-676
PROD-07668,Grocery_FMCG,Personal Care,Personal Care Model-439
PROD-07669,Garments,Panjabi,Panjabi Model-433
PROD-07670,Home_Living,Kitchenware,Kitchenware Model-570
PROD-07671,Electronics,Smartphone,Smartphone Model-126
PROD-07672,Electronics,Laptop,Laptop Model-173
PROD-07673,Home_Living,Furniture,Furniture Model-741
PROD-07674,Books_Stationery,Notebook,Notebook Model-267
PROD-07675,Beauty_Health,Haircare,Haircare Model-855
PROD-07676,Beauty_Health,Supplements,Supplements Model-674
PROD-07677,Electronics,Power Bank,Power Bank Model-182
PROD-07678,Grocery_FMCG,Cleaning Supplies,Cleaning Supplies Model-117
PROD-07679,Garments,Kids Wear,Kids Wear Model-514
PROD-07680,Electronics,Smartphone,Smartphone Model-656
PROD-07681,Footwear,Sandal,Sandal Model-229
PROD-07682,Electronics,Laptop,Laptop Model-137
PROD-07683,Grocery_FMCG,Personal Care,Personal Care Model-480
PROD-07684,Footwear,Sneaker,Sneaker Model-251
PROD-07685,Books_Stationery,Story Book,Story Book Model-169
PROD-07686,Garments,Kids Wear,Kids Wear Model-171
PROD-07687,Beauty_Health,Supplements,Supplements Model-964
PROD-07688,Garments,Kids Wear,Kids Wear Model-398
PROD-07689,Electronics,Smart Watch,Smart Watch Model-730
PROD-07690,Home_Living,Decor,Decor Model-476
PROD-07691,Electronics,Feature Phone,Feature Phone Model-155
PROD-07692,Electronics,Smart Watch,Smart Watch Model-338
PROD-07693,Grocery_FMCG,Beverages,Beverages Model-392
PROD-07694,Footwear,Sandal,Sandal Model-392
PROD-07695,Garments,Kids Wear,Kids Wear Model-461
PROD-07696,Books_Stationery,Story Book,Story Book Model-596
PROD-07697,Electronics,Home Appliance,Home Appliance Model-494
PROD-07698,Grocery_FMCG,Personal Care,Personal Care Model-477
PROD-07699,Grocery_FMCG,Cleaning Supplies,Cleaning Supplies Model-750
PROD-07700,Garments,Saree,Saree Model-978
PROD-07701,Electronics,Laptop,Laptop Model-782
PROD-07702,Electronics,Feature Phone,Feature Phone Model-181
PROD-07703,Garments,Jeans,Jeans Model-765
PROD-07704,Home_Living,Decor,Decor Model-915
PROD-07705,Electronics,Laptop,Laptop Model-314
PROD-07706,Electronics,Feature Phone,Feature Phone Model-681
PROD-07707,Electronics,Headphone,Headphone Model-513
PROD-07708,Grocery_FMCG,Beverages,Beverages Model-116
PROD-07709,Home_Living,Decor,Decor Model-292
PROD-07710,Beauty_Health,Makeup,Makeup Model-747
PROD-07711,Electronics,Headphone,Headphone Model-858
PROD-07712,Grocery_FMCG,Cleaning Supplies,Cleaning Supplies Model-994
PROD-07713,Electronics,Laptop,Laptop Model-966
PROD-07714,Garments,Kids Wear,Kids Wear Model-170
